country,package_id,type,price_usd,data,sms,voice,networks,duration,kind
"Afghanistan","sohbat-mobile-7days-1gb","New eSIM","5.5","1 GB","0","0","Roshan [LTE]","7 days","country"
"Afghanistan","sohbat-mobile-15days-2gb","New eSIM","10","2 GB","0","0","Roshan [LTE]","15 days","country"
"Afghanistan","sohbat-mobile-30days-3gb","New eSIM","14","3 GB","0","0","Roshan [LTE]","30 days","country"
"Afghanistan","sohbat-mobile-30days-5gb","New eSIM","21","5 GB","0","0","Roshan [LTE]","30 days","country"
"Afghanistan","sohbat-mobile-30days-10gb","New eSIM","34","10 GB","0","0","Roshan [LTE]","30 days","country"
"Albania","hej-telecom-in-7days-1gb","New eSIM","4","1 GB","0","0","One Albania [4G]","7 days","country"
"Albania","hej-telecom-in-7days-1gb-topup","Top-up","4","1 GB","0","0","One Albania [4G]","7 days","country"
"Albania","hej-telecom-in-15days-2gb","New eSIM","7","2 GB","0","0","One Albania [4G]","15 days","country"
"Albania","hej-telecom-in-15days-2gb-topup","Top-up","7","2 GB","0","0","One Albania [4G]","15 days","country"
"Albania","hej-telecom-in-30days-3gb","New eSIM","9","3 GB","0","0","One Albania [4G]","30 days","country"
"Albania","hej-telecom-in-30days-3gb-topup","Top-up","9","3 GB","0","0","One Albania [4G]","30 days","country"
"Albania","hej-telecom-in-30days-5gb","New eSIM","13","5 GB","0","0","One Albania [4G]","30 days","country"
"Albania","hej-telecom-in-30days-5gb-topup","Top-up","13","5 GB","0","0","One Albania [4G]","30 days","country"
"Albania","hej-telecom-in-30days-10gb","New eSIM","22","10 GB","0","0","One Albania [4G]","30 days","country"
"Albania","hej-telecom-in-30days-10gb-topup","Top-up","22","10 GB","0","0","One Albania [4G]","30 days","country"
"Albania","hej-telecom-in-30days-20gb","New eSIM","30","20 GB","0","0","One Albania [4G]","30 days","country"
"Albania","hej-telecom-in-30days-20gb-topup","Top-up","30","20 GB","0","0","One Albania [4G]","30 days","country"
"Albania","hej-telecom-in-3days-unlimited","New eSIM","19.5","Unlimited","0","0","One Albania [4G]","3 days","country"
"Albania","hej-telecom-in-3days-unlimited-topup","Top-up","19.5","Unlimited","0","0","One Albania [4G]","3 days","country"
"Albania","hej-telecom-in-5days-unlimited","New eSIM","25.5","Unlimited","0","0","One Albania [4G]","5 days","country"
"Albania","hej-telecom-in-5days-unlimited-topup","Top-up","25.5","Unlimited","0","0","One Albania [4G]","5 days","country"
"Albania","hej-telecom-in-7days-unlimited","New eSIM","35.5","Unlimited","0","0","One Albania [4G]","7 days","country"
"Albania","hej-telecom-in-7days-unlimited-topup","Top-up","35.5","Unlimited","0","0","One Albania [4G]","7 days","country"
"Albania","hej-telecom-in-10days-unlimited","New eSIM","38.5","Unlimited","0","0","One Albania [4G]","10 days","country"
"Albania","hej-telecom-in-10days-unlimited-topup","Top-up","38.5","Unlimited","0","0","One Albania [4G]","10 days","country"
"Albania","hej-telecom-in-15days-unlimited","New eSIM","57.5","Unlimited","0","0","One Albania [4G]","15 days","country"
"Albania","hej-telecom-in-15days-unlimited-topup","Top-up","57.5","Unlimited","0","0","One Albania [4G]","15 days","country"
"Albania","hej-telecom-in-30days-unlimited","New eSIM","98","Unlimited","0","0","One Albania [4G]","30 days","country"
"Albania","hej-telecom-in-30days-unlimited-topup","Top-up","98","Unlimited","0","0","One Albania [4G]","30 days","country"
"Algeria","algecom-7days-1gb","New eSIM","4.5","1 GB","0","0","Ooredoo [5G], Mobilis [LTE]","7 days","country"
"Algeria","algecom-7days-1gb-topup","Top-up","4.5","1 GB","0","0","Ooredoo [5G], Mobilis [LTE]","7 days","country"
"Algeria","algecom-15days-2gb","New eSIM","7","2 GB","0","0","Ooredoo [5G], Mobilis [LTE]","15 days","country"
"Algeria","algecom-15days-2gb-topup","Top-up","7","2 GB","0","0","Ooredoo [5G], Mobilis [LTE]","15 days","country"
"Algeria","algecom-30days-3gb","New eSIM","9","3 GB","0","0","Ooredoo [5G], Mobilis [LTE]","30 days","country"
"Algeria","algecom-30days-3gb-topup","Top-up","9","3 GB","0","0","Ooredoo [5G], Mobilis [LTE]","30 days","country"
"Algeria","algecom-30days-5gb","New eSIM","14","5 GB","0","0","Ooredoo [5G], Mobilis [LTE]","30 days","country"
"Algeria","algecom-30days-5gb-topup","Top-up","14","5 GB","0","0","Ooredoo [5G], Mobilis [LTE]","30 days","country"
"Algeria","algecom-30days-10gb","New eSIM","20.5","10 GB","0","0","Ooredoo [5G], Mobilis [LTE]","30 days","country"
"Algeria","algecom-30days-10gb-topup","Top-up","20.5","10 GB","0","0","Ooredoo [5G], Mobilis [LTE]","30 days","country"
"Algeria","algecom-30days-20gb","New eSIM","39","20 GB","0","0","Ooredoo [5G], Mobilis [LTE]","30 days","country"
"Algeria","algecom-30days-20gb-topup","Top-up","39","20 GB","0","0","Ooredoo [5G], Mobilis [LTE]","30 days","country"
"Algeria","algecom-3days-unlimited","New eSIM","19.5","Unlimited","0","0","Ooredoo [5G], Mobilis [LTE]","3 days","country"
"Algeria","algecom-3days-unlimited-topup","Top-up","19.5","Unlimited","0","0","Ooredoo [5G], Mobilis [LTE]","3 days","country"
"Algeria","algecom-5days-unlimited","New eSIM","29.5","Unlimited","0","0","Ooredoo [5G], Mobilis [LTE]","5 days","country"
"Algeria","algecom-5days-unlimited-topup","Top-up","29.5","Unlimited","0","0","Ooredoo [5G], Mobilis [LTE]","5 days","country"
"Algeria","algecom-7days-unlimited","New eSIM","38","Unlimited","0","0","Ooredoo [5G], Mobilis [LTE]","7 days","country"
"Algeria","algecom-7days-unlimited-topup","Top-up","38","Unlimited","0","0","Ooredoo [5G], Mobilis [LTE]","7 days","country"
"Algeria","algecom-10days-unlimited","New eSIM","45","Unlimited","0","0","Ooredoo [5G], Mobilis [LTE]","10 days","country"
"Algeria","algecom-10days-unlimited-topup","Top-up","45","Unlimited","0","0","Ooredoo [5G], Mobilis [LTE]","10 days","country"
"Algeria","algecom-15days-unlimited","New eSIM","62","Unlimited","0","0","Ooredoo [5G], Mobilis [LTE]","15 days","country"
"Algeria","algecom-15days-unlimited-topup","Top-up","62","Unlimited","0","0","Ooredoo [5G], Mobilis [LTE]","15 days","country"
"Algeria","algecom-30days-unlimited","New eSIM","99","Unlimited","0","0","Ooredoo [5G], Mobilis [LTE]","30 days","country"
"Algeria","algecom-30days-unlimited-topup","Top-up","99","Unlimited","0","0","Ooredoo [5G], Mobilis [LTE]","30 days","country"
"Andorra","handi-7days-1gb","New eSIM","4","1 GB","0","0","Andorra Telecom [LTE]","7 days","country"
"Andorra","handi-7days-1gb-topup","Top-up","4","1 GB","0","0","Andorra Telecom [LTE]","7 days","country"
"Andorra","handi-15days-2gb","New eSIM","7.5","2 GB","0","0","Andorra Telecom [LTE]","15 days","country"
"Andorra","handi-15days-2gb-topup","Top-up","7.5","2 GB","0","0","Andorra Telecom [LTE]","15 days","country"
"Andorra","handi-30days-3gb","New eSIM","10","3 GB","0","0","Andorra Telecom [LTE]","30 days","country"
"Andorra","handi-30days-3gb-topup","Top-up","10","3 GB","0","0","Andorra Telecom [LTE]","30 days","country"
"Andorra","handi-30days-5gb","New eSIM","15","5 GB","0","0","Andorra Telecom [LTE]","30 days","country"
"Andorra","handi-30days-5gb-topup","Top-up","15","5 GB","0","0","Andorra Telecom [LTE]","30 days","country"
"Andorra","handi-30days-10gb","New eSIM","24","10 GB","0","0","Andorra Telecom [LTE]","30 days","country"
"Andorra","handi-30days-10gb-topup","Top-up","24","10 GB","0","0","Andorra Telecom [LTE]","30 days","country"
"Andorra","handi-30days-20gb","New eSIM","39","20 GB","0","0","Andorra Telecom [LTE]","30 days","country"
"Andorra","handi-30days-20gb-topup","Top-up","39","20 GB","0","0","Andorra Telecom [LTE]","30 days","country"
"Andorra","handi-10days-unlimited","New eSIM","34","Unlimited","0","0","Andorra Telecom [LTE]","10 days","country"
"Andorra","handi-10days-unlimited-topup","Top-up","34","Unlimited","0","0","Andorra Telecom [LTE]","10 days","country"
"Andorra","handi-3days-unlimited","New eSIM","12.5","Unlimited","0","0","Andorra Telecom [LTE]","3 days","country"
"Andorra","handi-3days-unlimited-topup","Top-up","12.5","Unlimited","0","0","Andorra Telecom [LTE]","3 days","country"
"Andorra","handi-5days-unlimited","New eSIM","18.5","Unlimited","0","0","Andorra Telecom [LTE]","5 days","country"
"Andorra","handi-5days-unlimited-topup","Top-up","18.5","Unlimited","0","0","Andorra Telecom [LTE]","5 days","country"
"Andorra","handi-7days-unlimited","New eSIM","28.5","Unlimited","0","0","Andorra Telecom [LTE]","7 days","country"
"Andorra","handi-7days-unlimited-topup","Top-up","28.5","Unlimited","0","0","Andorra Telecom [LTE]","7 days","country"
"Andorra","handi-15days-unlimited","New eSIM","49","Unlimited","0","0","Andorra Telecom [LTE]","15 days","country"
"Andorra","handi-15days-unlimited-topup","Top-up","49","Unlimited","0","0","Andorra Telecom [LTE]","15 days","country"
"Andorra","handi-30days-unlimited","New eSIM","72","Unlimited","0","0","Andorra Telecom [LTE]","30 days","country"
"Andorra","handi-30days-unlimited-topup","Top-up","72","Unlimited","0","0","Andorra Telecom [LTE]","30 days","country"
"Anguilla","dolphin-mobile-in-7days-1gb","New eSIM","7","1 GB","0","0","Digicel [4G]","7 days","country"
"Anguilla","dolphin-mobile-in-7days-1gb-topup","Top-up","7","1 GB","0","0","Digicel [4G]","7 days","country"
"Anguilla","dolphin-mobile-in-15days-2gb","New eSIM","13.5","2 GB","0","0","Digicel [4G]","15 days","country"
"Anguilla","dolphin-mobile-in-15days-2gb-topup","Top-up","13.5","2 GB","0","0","Digicel [4G]","15 days","country"
"Anguilla","dolphin-mobile-in-30days-3gb","New eSIM","19","3 GB","0","0","Digicel [4G]","30 days","country"
"Anguilla","dolphin-mobile-in-30days-3gb-topup","Top-up","19","3 GB","0","0","Digicel [4G]","30 days","country"
"Anguilla","dolphin-mobile-in-30days-5gb","New eSIM","28.5","5 GB","0","0","Digicel [4G]","30 days","country"
"Anguilla","dolphin-mobile-in-30days-5gb-topup","Top-up","28.5","5 GB","0","0","Digicel [4G]","30 days","country"
"Antigua And Barbuda","17miles-in-7days-1gb","New eSIM","7.5","1 GB","0","0","Digicel [4G]","7 days","country"
"Antigua And Barbuda","17miles-in-7days-1gb-topup","Top-up","7.5","1 GB","0","0","Digicel [4G]","7 days","country"
"Antigua And Barbuda","17miles-in-15days-2gb","New eSIM","14","2 GB","0","0","Digicel [4G]","15 days","country"
"Antigua And Barbuda","17miles-in-15days-2gb-topup","Top-up","14","2 GB","0","0","Digicel [4G]","15 days","country"
"Antigua And Barbuda","17miles-in-30days-3gb","New eSIM","20","3 GB","0","0","Digicel [4G]","30 days","country"
"Antigua And Barbuda","17miles-in-30days-3gb-topup","Top-up","20","3 GB","0","0","Digicel [4G]","30 days","country"
"Antigua And Barbuda","17miles-in-30days-5gb","New eSIM","30","5 GB","0","0","Digicel [4G]","30 days","country"
"Antigua And Barbuda","17miles-in-30days-5gb-topup","Top-up","30","5 GB","0","0","Digicel [4G]","30 days","country"
"Argentina","abrazo-in-7days-1gb","New eSIM","5","1 GB","0","0","Movistar [4G]","7 days","country"
"Argentina","abrazo-in-7days-1gb-topup","Top-up","5","1 GB","0","0","Movistar [4G]","7 days","country"
"Argentina","abrazo-in-15days-2gb","New eSIM","8","2 GB","0","0","Movistar [4G]","15 days","country"
"Argentina","abrazo-in-15days-2gb-topup","Top-up","8","2 GB","0","0","Movistar [4G]","15 days","country"
"Argentina","abrazo-in-30days-3gb","New eSIM","10","3 GB","0","0","Movistar [4G]","30 days","country"
"Argentina","abrazo-in-30days-3gb-topup","Top-up","10","3 GB","0","0","Movistar [4G]","30 days","country"
"Argentina","abrazo-in-30days-5gb","New eSIM","17","5 GB","0","0","Movistar [4G]","30 days","country"
"Argentina","abrazo-in-30days-5gb-topup","Top-up","17","5 GB","0","0","Movistar [4G]","30 days","country"
"Argentina","abrazo-in-30days-10gb","New eSIM","30","10 GB","0","0","Movistar [4G]","30 days","country"
"Argentina","abrazo-in-30days-10gb-topup","Top-up","30","10 GB","0","0","Movistar [4G]","30 days","country"
"Argentina","abrazo-in-30days-20gb","New eSIM","47","20 GB","0","0","Movistar [4G]","30 days","country"
"Argentina","abrazo-in-30days-20gb-topup","Top-up","47","20 GB","0","0","Movistar [4G]","30 days","country"
"Argentina","abrazo-in-3days-unlimited","New eSIM","19.5","Unlimited","0","0","Movistar [4G]","3 days","country"
"Argentina","abrazo-in-3days-unlimited-topup","Top-up","19.5","Unlimited","0","0","Movistar [4G]","3 days","country"
"Argentina","abrazo-in-5days-unlimited","New eSIM","27.5","Unlimited","0","0","Movistar [4G]","5 days","country"
"Argentina","abrazo-in-5days-unlimited-topup","Top-up","27.5","Unlimited","0","0","Movistar [4G]","5 days","country"
"Argentina","abrazo-in-7days-unlimited","New eSIM","34.5","Unlimited","0","0","Movistar [4G]","7 days","country"
"Argentina","abrazo-in-7days-unlimited-topup","Top-up","34.5","Unlimited","0","0","Movistar [4G]","7 days","country"
"Argentina","abrazo-in-10days-unlimited","New eSIM","38.5","Unlimited","0","0","Movistar [4G]","10 days","country"
"Argentina","abrazo-in-10days-unlimited-topup","Top-up","38.5","Unlimited","0","0","Movistar [4G]","10 days","country"
"Armenia","arpi-telecom-7-days-1gb","New eSIM","5","1 GB","0","0","MTS - Vivacell [LTE]","","country"
"Armenia","arpi-telecom-7-days-1gb-topup","Top-up","5","1 GB","0","0","MTS - Vivacell [LTE]","","country"
"Armenia","arpi-telecom-15days-2gb","New eSIM","10.5","2 GB","0","0","MTS - Vivacell [LTE]","15 days","country"
"Armenia","arpi-telecom-15days-2gb-topup","Top-up","10.5","2 GB","0","0","MTS - Vivacell [LTE]","15 days","country"
"Armenia","arpi-telecom-30days-3gb","New eSIM","15","3 GB","0","0","MTS - Vivacell [LTE]","30 days","country"
"Armenia","arpi-telecom-30days-3gb-topup","Top-up","15","3 GB","0","0","MTS - Vivacell [LTE]","30 days","country"
"Armenia","arpi-telecom-30days-5gb","New eSIM","25","5 GB","0","0","MTS - Vivacell [LTE]","30 days","country"
"Armenia","arpi-telecom-30days-5gb-topup","Top-up","25","5 GB","0","0","MTS - Vivacell [LTE]","30 days","country"
"Armenia","arpi-telecom-30days-10gb","New eSIM","39","10 GB","0","0","MTS - Vivacell [LTE]","30 days","country"
"Armenia","arpi-telecom-30days-10gb-topup","Top-up","39","10 GB","0","0","MTS - Vivacell [LTE]","30 days","country"
"Armenia","arpi-telecom-30days-20gb","New eSIM","49","20 GB","0","0","MTS - Vivacell [LTE]","30 days","country"
"Armenia","arpi-telecom-30days-20gb-topup","Top-up","49","20 GB","0","0","MTS - Vivacell [LTE]","30 days","country"
"Armenia","arpi-telecom-3days-unlimited","New eSIM","20.5","Unlimited","0","0","MTS - Vivacell [5G]","3 days","country"
"Armenia","arpi-telecom-3days-unlimited-topup","Top-up","20.5","Unlimited","0","0","MTS - Vivacell [5G]","3 days","country"
"Armenia","arpi-telecom-5days-unlimited","New eSIM","31","Unlimited","0","0","MTS - Vivacell [5G]","5 days","country"
"Armenia","arpi-telecom-5days-unlimited-topup","Top-up","31","Unlimited","0","0","MTS - Vivacell [5G]","5 days","country"
"Armenia","arpi-telecom-7days-unlimited","New eSIM","39","Unlimited","0","0","MTS - Vivacell [5G]","7 days","country"
"Armenia","arpi-telecom-7days-unlimited-topup","Top-up","39","Unlimited","0","0","MTS - Vivacell [5G]","7 days","country"
"Armenia","arpi-telecom-10days-unlimited","New eSIM","47","Unlimited","0","0","MTS - Vivacell [5G]","10 days","country"
"Armenia","arpi-telecom-10days-unlimited-topup","Top-up","47","Unlimited","0","0","MTS - Vivacell [5G]","10 days","country"
"Armenia","arpi-telecom-15days-unlimited","New eSIM","64","Unlimited","0","0","MTS - Vivacell [5G]","15 days","country"
"Armenia","arpi-telecom-15days-unlimited-topup","Top-up","64","Unlimited","0","0","MTS - Vivacell [5G]","15 days","country"
"Armenia","arpi-telecom-30days-unlimited","New eSIM","99","Unlimited","0","0","MTS - Vivacell [5G]","30 days","country"
"Armenia","arpi-telecom-30days-unlimited-topup","Top-up","99","Unlimited","0","0","MTS - Vivacell [5G]","30 days","country"
"Aruba","noord-communications-in-7days-1gb","New eSIM","8","1 GB","0","0","Digicel [4G]","7 days","country"
"Aruba","noord-communications-in-7days-1gb-topup","Top-up","8","1 GB","0","0","Digicel [4G]","7 days","country"
"Aruba","noord-communications-in-15days-2gb","New eSIM","13","2 GB","0","0","Digicel [4G]","15 days","country"
"Aruba","noord-communications-in-15days-2gb-topup","Top-up","13","2 GB","0","0","Digicel [4G]","15 days","country"
"Aruba","noord-communications-in-30days-3gb","New eSIM","17","3 GB","0","0","Digicel [4G]","30 days","country"
"Aruba","noord-communications-in-30days-3gb-topup","Top-up","17","3 GB","0","0","Digicel [4G]","30 days","country"
"Aruba","noord-communications-in-30days-5gb","New eSIM","25","5 GB","0","0","Digicel [4G]","30 days","country"
"Aruba","noord-communications-in-30days-5gb-topup","Top-up","25","5 GB","0","0","Digicel [4G]","30 days","country"
"Aruba","noord-communications-in-30days-10gb","New eSIM","39","10 GB","0","0","Digicel [4G]","30 days","country"
"Aruba","noord-communications-in-30days-10gb-topup","Top-up","39","10 GB","0","0","Digicel [4G]","30 days","country"
"Australia","yes-go-in-7days-1gb","New eSIM","4.5","1 GB","0","0","Optus [5G]","7 days","country"
"Australia","yes-go-in-7days-1gb-topup","Top-up","4.5","1 GB","0","0","Optus [5G]","7 days","country"
"Australia","yes-go-in-15days-2gb","New eSIM","6.5","2 GB","0","0","Optus [5G]","15 days","country"
"Australia","yes-go-in-15days-2gb-topup","Top-up","6.5","2 GB","0","0","Optus [5G]","15 days","country"
"Australia","yes-go-in-30days-3gb","New eSIM","8","3 GB","0","0","Optus [5G]","30 days","country"
"Australia","yes-go-in-30days-3gb-topup","Top-up","8","3 GB","0","0","Optus [5G]","30 days","country"
"Australia","yes-go-in-30days-5gb","New eSIM","11","5 GB","0","0","Optus [5G]","30 days","country"
"Australia","yes-go-in-30days-5gb-topup","Top-up","11","5 GB","0","0","Optus [5G]","30 days","country"
"Australia","yes-go-in-30days-10gb","New eSIM","18","10 GB","0","0","Optus [5G]","30 days","country"
"Australia","yes-go-in-30days-10gb-topup","Top-up","18","10 GB","0","0","Optus [5G]","30 days","country"
"Australia","yes-go-in-30days-20gb","New eSIM","30","20 GB","0","0","Optus [5G]","30 days","country"
"Australia","yes-go-in-30days-20gb-topup","Top-up","30","20 GB","0","0","Optus [5G]","30 days","country"
"Australia","yes-go-in-3days-unlimited","New eSIM","11.5","Unlimited","0","0","Optus [5G]","3 days","country"
"Australia","yes-go-in-3days-unlimited-topup","Top-up","11.5","Unlimited","0","0","Optus [5G]","3 days","country"
"Australia","yes-go-in-5days-unlimited","New eSIM","18.5","Unlimited","0","0","Optus [5G]","5 days","country"
"Australia","yes-go-in-5days-unlimited-topup","Top-up","18.5","Unlimited","0","0","Optus [5G]","5 days","country"
"Australia","yes-go-in-7days-unlimited","New eSIM","26.5","Unlimited","0","0","Optus [5G]","7 days","country"
"Australia","yes-go-in-7days-unlimited-topup","Top-up","26.5","Unlimited","0","0","Optus [5G]","7 days","country"
"Australia","yes-go-in-10days-unlimited","New eSIM","32","Unlimited","0","0","Optus [5G]","10 days","country"
"Australia","yes-go-in-10days-unlimited-topup","Top-up","32","Unlimited","0","0","Optus [5G]","10 days","country"
"Australia","yes-go-in-15days-unlimited","New eSIM","45","Unlimited","0","0","Optus [5G]","15 days","country"
"Australia","yes-go-in-15days-unlimited-topup","Top-up","45","Unlimited","0","0","Optus [5G]","15 days","country"
"Australia","yes-go-in-30days-unlimited","New eSIM","66.5","Unlimited","0","0","Optus [5G]","30 days","country"
"Australia","yes-go-in-30days-unlimited-topup","Top-up","66.5","Unlimited","0","0","Optus [5G]","30 days","country"
"Austria","viennetz-mobil-in-7days-1gb","New eSIM","4","1 GB","0","0","Drei [5G]","7 days","country"
"Austria","viennetz-mobil-in-7days-1gb-topup","Top-up","4","1 GB","0","0","Drei [5G]","7 days","country"
"Austria","viennetz-mobil-in-15days-2gb","New eSIM","5.5","2 GB","0","0","Drei [5G]","15 days","country"
"Austria","viennetz-mobil-in-15days-2gb-topup","Top-up","5.5","2 GB","0","0","Drei [5G]","15 days","country"
"Austria","viennetz-mobil-in-30days-3gb","New eSIM","6","3 GB","0","0","Drei [5G]","30 days","country"
"Austria","viennetz-mobil-in-30days-3gb-topup","Top-up","6","3 GB","0","0","Drei [5G]","30 days","country"
"Austria","viennetz-mobil-in-30days-5gb","New eSIM","8","5 GB","0","0","Drei [5G]","30 days","country"
"Austria","viennetz-mobil-in-30days-5gb-topup","Top-up","8","5 GB","0","0","Drei [5G]","30 days","country"
"Austria","viennetz-mobil-in-30days-10gb","New eSIM","11","10 GB","0","0","Drei [5G]","30 days","country"
"Austria","viennetz-mobil-in-30days-10gb-topup","Top-up","11","10 GB","0","0","Drei [5G]","30 days","country"
"Austria","viennetz-mobil-in-30days-20gb","New eSIM","16","20 GB","0","0","Drei [5G]","30 days","country"
"Austria","viennetz-mobil-in-30days-20gb-topup","Top-up","16","20 GB","0","0","Drei [5G]","30 days","country"
"Azerbaijan","yaxsi-mobile-7days-1gb","New eSIM","5","1 GB","0","0","Azercell [5G], Nar Mobile [3G]","7 days","country"
"Azerbaijan","yaxsi-mobile-7days-1gb-topup","Top-up","5","1 GB","0","0","Azercell [5G], Nar Mobile [3G]","7 days","country"
"Azerbaijan","yaxsi-mobile-15days-2gb","New eSIM","10","2 GB","0","0","Azercell [5G], Nar Mobile [3G]","15 days","country"
"Azerbaijan","yaxsi-mobile-15days-2gb-topup","Top-up","10","2 GB","0","0","Azercell [5G], Nar Mobile [3G]","15 days","country"
"Azerbaijan","yaxsi-mobile-30days-3gb","New eSIM","14","3 GB","0","0","Azercell [5G], Nar Mobile [3G]","30 days","country"
"Azerbaijan","yaxsi-mobile-30days-3gb-topup","Top-up","14","3 GB","0","0","Azercell [5G], Nar Mobile [3G]","30 days","country"
"Azerbaijan","yaxsi-mobile-30days-5gb","New eSIM","21","5 GB","0","0","Azercell [5G], Nar Mobile [3G]","30 days","country"
"Azerbaijan","yaxsi-mobile-30days-5gb-topup","Top-up","21","5 GB","0","0","Azercell [5G], Nar Mobile [3G]","30 days","country"
"Azerbaijan","yaxsi-mobile-30days-10gb","New eSIM","36","10 GB","0","0","Azercell [5G], Nar Mobile [3G]","30 days","country"
"Azerbaijan","yaxsi-mobile-30days-10gb-topup","Top-up","36","10 GB","0","0","Azercell [5G], Nar Mobile [3G]","30 days","country"
"Azerbaijan","yaxsi-mobile-30days-20gb","New eSIM","49","20 GB","0","0","Azercell [5G], Nar Mobile [3G]","30 days","country"
"Azerbaijan","yaxsi-mobile-30days-20gb-topup","Top-up","49","20 GB","0","0","Azercell [5G], Nar Mobile [3G]","30 days","country"
"Azerbaijan","yaxsi-mobile-3days-unlimited","New eSIM","19.5","Unlimited","0","0","Azercell [5G], Nar Mobile [3G]","3 days","country"
"Azerbaijan","yaxsi-mobile-3days-unlimited-topup","Top-up","19.5","Unlimited","0","0","Azercell [5G], Nar Mobile [3G]","3 days","country"
"Azerbaijan","yaxsi-mobile-5days-unlimited-topup","Top-up","30","Unlimited","0","0","Azercell [5G], Nar Mobile [3G]","5 days","country"
"Azerbaijan","yaxsi-mobile-5days-unlimited","New eSIM","30","Unlimited","0","0","Azercell [5G], Nar Mobile [3G]","5 days","country"
"Azerbaijan","yaxsi-mobile-7days-unlimited-topup","Top-up","39","Unlimited","0","0","Azercell [5G], Nar Mobile [3G]","7 days","country"
"Azerbaijan","yaxsi-mobile-7days-unlimited","New eSIM","39","Unlimited","0","0","Azercell [5G], Nar Mobile [3G]","7 days","country"
"Azerbaijan","yaxsi-mobile-10days-unlimited","New eSIM","46","Unlimited","0","0","Azercell [5G], Nar Mobile [3G]","10 days","country"
"Azerbaijan","yaxsi-mobile-10days-unlimited-topup","Top-up","46","Unlimited","0","0","Azercell [5G], Nar Mobile [3G]","10 days","country"
"Azerbaijan","yaxsi-mobile-15days-unlimited-topup","Top-up","63","Unlimited","0","0","Azercell [5G], Nar Mobile [3G]","15 days","country"
"Azerbaijan","yaxsi-mobile-15days-unlimited","New eSIM","63","Unlimited","0","0","Azercell [5G], Nar Mobile [3G]","15 days","country"
"Azerbaijan","yaxsi-mobile-30days-unlimited-topup","Top-up","99","Unlimited","0","0","Azercell [5G], Nar Mobile [3G]","30 days","country"
"Azerbaijan","yaxsi-mobile-30days-unlimited","New eSIM","99","Unlimited","0","0","Azercell [5G], Nar Mobile [3G]","30 days","country"
"Azores","pico-in-7days-1gb","New eSIM","5","1 GB","0","0","NOS [5G], Vodafone [5G], MEO [5G]","7 days","country"
"Azores","pico-in-7days-1gb-topup","Top-up","5","1 GB","0","0","NOS [5G], Vodafone [5G], MEO [5G]","7 days","country"
"Azores","pico-in-15days-2gb","New eSIM","9","2 GB","0","0","NOS [5G], Vodafone [5G], MEO [5G]","15 days","country"
"Azores","pico-in-15days-2gb-topup","Top-up","9","2 GB","0","0","NOS [5G], Vodafone [5G], MEO [5G]","15 days","country"
"Azores","pico-in-30days-3gb","New eSIM","12","3 GB","0","0","NOS [5G], Vodafone [5G], MEO [5G]","30 days","country"
"Azores","pico-in-30days-3gb-topup","Top-up","12","3 GB","0","0","NOS [5G], Vodafone [5G], MEO [5G]","30 days","country"
"Azores","pico-in-30days-5gb","New eSIM","17","5 GB","0","0","NOS [5G], Vodafone [5G], MEO [5G]","30 days","country"
"Azores","pico-in-30days-5gb-topup","Top-up","17","5 GB","0","0","NOS [5G], Vodafone [5G], MEO [5G]","30 days","country"
"Azores","pico-in-30days-10gb","New eSIM","29","10 GB","0","0","NOS [5G], Vodafone [5G], MEO [5G]","30 days","country"
"Azores","pico-in-30days-10gb-topup","Top-up","29","10 GB","0","0","NOS [5G], Vodafone [5G], MEO [5G]","30 days","country"
"Azores","pico-in-30days-20gb","New eSIM","48","20 GB","0","0","NOS [5G], Vodafone [5G], MEO [5G]","30 days","country"
"Azores","pico-in-30days-20gb-topup","Top-up","48","20 GB","0","0","NOS [5G], Vodafone [5G], MEO [5G]","30 days","country"
"Azores","pico-in-3days-unlimited","New eSIM","11.5","Unlimited","0","0","NOS [5G], Vodafone [5G], MEO [5G]","3 days","country"
"Azores","pico-in-3days-unlimited-topup","Top-up","11.5","Unlimited","0","0","NOS [5G], Vodafone [5G], MEO [5G]","3 days","country"
"Azores","pico-in-5days-unlimited","New eSIM","19.5","Unlimited","0","0","NOS [5G], Vodafone [5G], MEO [5G]","5 days","country"
"Azores","pico-in-5days-unlimited-topup","Top-up","19.5","Unlimited","0","0","NOS [5G], Vodafone [5G], MEO [5G]","5 days","country"
"Azores","pico-in-7days-unlimited","New eSIM","27","Unlimited","0","0","NOS [5G], Vodafone [5G], MEO [5G]","7 days","country"
"Azores","pico-in-7days-unlimited-topup","Top-up","27","Unlimited","0","0","NOS [5G], Vodafone [5G], MEO [5G]","7 days","country"
"Azores","pico-in-10days-unlimited","New eSIM","36","Unlimited","0","0","NOS [5G], Vodafone [5G], MEO [5G]","10 days","country"
"Azores","pico-in-10days-unlimited-topup","Top-up","36","Unlimited","0","0","NOS [5G], Vodafone [5G], MEO [5G]","10 days","country"
"Azores","pico-in-15days-unlimited-topup","Top-up","49","Unlimited","0","0","NOS [5G], Vodafone [5G], MEO [5G]","15 days","country"
"Azores","pico-in-15days-unlimited","New eSIM","49","Unlimited","0","0","NOS [5G], Vodafone [5G], MEO [5G]","15 days","country"
"Azores","pico-in-30days-unlimited-topup","Top-up","69","Unlimited","0","0","NOS [5G], Vodafone [5G], MEO [5G]","30 days","country"
"Azores","pico-in-30days-unlimited","New eSIM","69","Unlimited","0","0","NOS [5G], Vodafone [5G], MEO [5G]","30 days","country"
"Bahamas","jitney-mobile-in-7days-1gb","New eSIM","7","1 GB","0","0","Aliv [4G]","7 days","country"
"Bahamas","jitney-mobile-in-7days-1gb-topup","Top-up","7","1 GB","0","0","Aliv [4G]","7 days","country"
"Bahamas","jitney-mobile-in-15days-2gb","New eSIM","15","2 GB","0","0","Aliv [4G]","15 days","country"
"Bahamas","jitney-mobile-in-15days-2gb-topup","Top-up","15","2 GB","0","0","Aliv [4G]","15 days","country"
"Bahamas","jitney-mobile-in-30days-3gb","New eSIM","16","3 GB","0","0","Aliv [4G]","30 days","country"
"Bahamas","jitney-mobile-in-30days-3gb-topup","Top-up","16","3 GB","0","0","Aliv [4G]","30 days","country"
"Bahamas","jitney-mobile-in-30days-5gb","New eSIM","26.5","5 GB","0","0","Aliv [4G]","30 days","country"
"Bahamas","jitney-mobile-in-30days-5gb-topup","Top-up","26.5","5 GB","0","0","Aliv [4G]","30 days","country"
"Bahrain","saar-mobile-7days-1gb","New eSIM","4.5","1 GB","0","0","STC [5G], Batelco [5G]","7 days","country"
"Bahrain","saar-mobile-7days-1gb-topup","Top-up","4.5","1 GB","0","0","STC [5G], Batelco [5G]","7 days","country"
"Bahrain","saar-mobile-15days-2gb","New eSIM","8.5","2 GB","0","0","STC [5G], Batelco [5G]","15 days","country"
"Bahrain","saar-mobile-15days-2gb-topup","Top-up","8.5","2 GB","0","0","STC [5G], Batelco [5G]","15 days","country"
"Bahrain","saar-mobile-30days-3gb","New eSIM","12","3 GB","0","0","STC [5G], Batelco [5G]","30 days","country"
"Bahrain","saar-mobile-30days-3gb-topup","Top-up","12","3 GB","0","0","STC [5G], Batelco [5G]","30 days","country"
"Bahrain","saar-mobile-30days-5gb","New eSIM","17.5","5 GB","0","0","STC [5G], Batelco [5G]","30 days","country"
"Bahrain","saar-mobile-30days-5gb-topup","Top-up","17.5","5 GB","0","0","STC [5G], Batelco [5G]","30 days","country"
"Bahrain","saar-mobile-30days-10gb","New eSIM","28","10 GB","0","0","STC [5G], Batelco [5G]","30 days","country"
"Bahrain","saar-mobile-30days-10gb-topup","Top-up","28","10 GB","0","0","STC [5G], Batelco [5G]","30 days","country"
"Bahrain","saar-mobile-30days-20gb","New eSIM","44","20 GB","0","0","STC [5G], Batelco [5G]","30 days","country"
"Bahrain","saar-mobile-30days-20gb-topup","Top-up","44","20 GB","0","0","STC [5G], Batelco [5G]","30 days","country"
"Bahrain","saar-mobile-10days-unlimited","New eSIM","46","Unlimited","0","0","STC [5G], Batelco [5G]","10 days","country"
"Bahrain","saar-mobile-3days-unlimited-topup","Top-up","19","Unlimited","0","0","STC [5G], Batelco [5G]","3 days","country"
"Bahrain","saar-mobile-3days-unlimited","New eSIM","19","Unlimited","0","0","STC [5G], Batelco [5G]","3 days","country"
"Bahrain","saar-mobile-5days-unlimited-topup","Top-up","30","Unlimited","0","0","STC [5G], Batelco [5G]","5 days","country"
"Bahrain","saar-mobile-5days-unlimited","New eSIM","30","Unlimited","0","0","STC [5G], Batelco [5G]","5 days","country"
"Bahrain","saar-mobile-7days-unlimited-topup","Top-up","38","Unlimited","0","0","STC [5G], Batelco [5G]","7 days","country"
"Bahrain","saar-mobile-7days-unlimited","New eSIM","38","Unlimited","0","0","STC [5G], Batelco [5G]","7 days","country"
"Bahrain","saar-mobile-10days-unlimited-topup","Top-up","46","Unlimited","0","0","STC [5G], Batelco [5G]","10 days","country"
"Bangladesh","fatafati-in-7days-1gb","New eSIM","4","1 GB","0","0","GrameenPhone [4G]","7 days","country"
"Bangladesh","fatafati-in-7days-1gb-topup","Top-up","4","1 GB","0","0","GrameenPhone [4G]","7 days","country"
"Bangladesh","fatafati-in-15days-2gb","New eSIM","6.5","2 GB","0","0","GrameenPhone [4G]","15 days","country"
"Bangladesh","fatafati-in-15days-2gb-topup","Top-up","6.5","2 GB","0","0","GrameenPhone [4G]","15 days","country"
"Bangladesh","fatafati-in-30days-3gb","New eSIM","8","3 GB","0","0","GrameenPhone [4G]","30 days","country"
"Bangladesh","fatafati-in-30days-3gb-topup","Top-up","8","3 GB","0","0","GrameenPhone [4G]","30 days","country"
"Bangladesh","fatafati-in-30days-5gb","New eSIM","11","5 GB","0","0","GrameenPhone [4G]","30 days","country"
"Bangladesh","fatafati-in-30days-5gb-topup","Top-up","11","5 GB","0","0","GrameenPhone [4G]","30 days","country"
"Bangladesh","fatafati-in-30days-10gb","New eSIM","17.5","10 GB","0","0","GrameenPhone [4G]","30 days","country"
"Bangladesh","fatafati-in-30days-10gb-topup","Top-up","17.5","10 GB","0","0","GrameenPhone [4G]","30 days","country"
"Bangladesh","fatafati-in-30days-20gb","New eSIM","27.5","20 GB","0","0","GrameenPhone [4G]","30 days","country"
"Bangladesh","fatafati-in-30days-20gb-topup","Top-up","27.5","20 GB","0","0","GrameenPhone [4G]","30 days","country"
"Bangladesh","fatafati-in-3days-unlimited","New eSIM","11.5","Unlimited","0","0","GrameenPhone [4G]","3 days","country"
"Bangladesh","fatafati-in-3days-unlimited-topup","Top-up","11.5","Unlimited","0","0","GrameenPhone [4G]","3 days","country"
"Bangladesh","fatafati-in-5days-unlimited","New eSIM","19.5","Unlimited","0","0","GrameenPhone [4G]","5 days","country"
"Bangladesh","fatafati-in-5days-unlimited-topup","Top-up","19.5","Unlimited","0","0","GrameenPhone [4G]","5 days","country"
"Bangladesh","fatafati-in-7days-unlimited","New eSIM","27","Unlimited","0","0","GrameenPhone [4G]","7 days","country"
"Bangladesh","fatafati-in-7days-unlimited-topup","Top-up","27","Unlimited","0","0","GrameenPhone [4G]","7 days","country"
"Bangladesh","fatafati-in-10days-unlimited","New eSIM","36.5","Unlimited","0","0","GrameenPhone [4G]","10 days","country"
"Bangladesh","fatafati-in-10days-unlimited-topup","Top-up","36.5","Unlimited","0","0","GrameenPhone [4G]","10 days","country"
"Bangladesh","fatafati-in-15days-unlimited","New eSIM","50","Unlimited","0","0","GrameenPhone [4G]","15 days","country"
"Bangladesh","fatafati-in-15days-unlimited-topup","Top-up","50","Unlimited","0","0","GrameenPhone [4G]","15 days","country"
"Bangladesh","fatafati-in-30days-unlimited","New eSIM","73.5","Unlimited","0","0","GrameenPhone [4G]","30 days","country"
"Bangladesh","fatafati-in-30days-unlimited-topup","Top-up","73.5","Unlimited","0","0","GrameenPhone [4G]","30 days","country"
"Barbados","barbnet-in-7days-1gb","New eSIM","8","1 GB","0","0","Digicel [4G]","7 days","country"
"Barbados","barbnet-in-7days-1gb-topup","Top-up","8","1 GB","0","0","Digicel [4G]","7 days","country"
"Barbados","barbnet-in-15days-2gb","New eSIM","15","2 GB","0","0","Digicel [4G]","15 days","country"
"Barbados","barbnet-in-15days-2gb-topup","Top-up","15","2 GB","0","0","Digicel [4G]","15 days","country"
"Barbados","barbnet-in-30days-3gb","New eSIM","21","3 GB","0","0","Digicel [4G]","30 days","country"
"Barbados","barbnet-in-30days-3gb-topup","Top-up","21","3 GB","0","0","Digicel [4G]","30 days","country"
"Barbados","barbnet-in-30days-5gb","New eSIM","30","5 GB","0","0","Digicel [4G]","30 days","country"
"Barbados","barbnet-in-30days-5gb-topup","Top-up","30","5 GB","0","0","Digicel [4G]","30 days","country"
"Belarus","norach-7days-1gb","New eSIM","6","1 GB","0","0","Life:) [5G], MTC [LTE]","7 days","country"
"Belarus","norach-7days-1gb-topup","Top-up","6","1 GB","0","0","Life:) [5G], MTC [LTE]","7 days","country"
"Belarus","norach-15days-2gb","New eSIM","9.5","2 GB","0","0","Life:) [5G], MTC [LTE]","15 days","country"
"Belarus","norach-30days-3gb-topup","New eSIM","12","3 GB","0","0","Life:) [5G], MTC [LTE]","30 days","country"
"Belarus","norach-30days-3gb","Top-up","12","3 GB","0","0","Life:) [5G], MTC [LTE]","30 days","country"
"Belarus","norach-30days-5gb","New eSIM","18","5 GB","0","0","Life:) [5G], MTC [LTE]","30 days","country"
"Belarus","norach-30days-5gb-topup","Top-up","18","5 GB","0","0","Life:) [5G], MTC [LTE]","30 days","country"
"Belarus","norach-30days-10gb","New eSIM","31","10 GB","0","0","Life:) [5G], MTC [LTE]","30 days","country"
"Belarus","norach-30days-10gb-topup","Top-up","31","10 GB","0","0","Life:) [5G], MTC [LTE]","30 days","country"
"Belarus","norach-30days-20gb","New eSIM","49","20 GB","0","0","Life:) [5G], MTC [LTE]","30 days","country"
"Belarus","norach-30days-20gb-topup","Top-up","49","20 GB","0","0","Life:) [5G], MTC [LTE]","30 days","country"
"Belarus","norach-15days-2gb-topup","Top-up","9.5","2 GB","0","0","Life:) [5G], MTC [LTE]","15 days","country"
"Belarus","norach-3days-unlimited","New eSIM","19.5","Unlimited","0","0","Life:) [5G], MTC [LTE]","3 days","country"
"Belarus","norach-3days-unlimited-topup","Top-up","19.5","Unlimited","0","0","Life:) [5G], MTC [LTE]","3 days","country"
"Belarus","norach-5days-unlimited","New eSIM","30","Unlimited","0","0","Life:) [5G], MTC [LTE]","5 days","country"
"Belarus","norach-5days-unlimited-topup","Top-up","30","Unlimited","0","0","Life:) [5G], MTC [LTE]","5 days","country"
"Belarus","norach-7days-unlimited","New eSIM","39","Unlimited","0","0","Life:) [5G], MTC [LTE]","7 days","country"
"Belarus","norach-7days-unlimited-topup","Top-up","39","Unlimited","0","0","Life:) [5G], MTC [LTE]","7 days","country"
"Belarus","norach-10days-unlimited","New eSIM","46","Unlimited","0","0","Life:) [5G], MTC [LTE]","10 days","country"
"Belarus","norach-10days-unlimited-topup","Top-up","46","Unlimited","0","0","Life:) [5G], MTC [LTE]","10 days","country"
"Belarus","norach-15days-unlimited","New eSIM","62","Unlimited","0","0","Life:) [5G], MTC [LTE]","15 days","country"
"Belarus","norach-15days-unlimited-topup","Top-up","62","Unlimited","0","0","Life:) [5G], MTC [LTE]","15 days","country"
"Belarus","norach-30days-unlimited","New eSIM","99","Unlimited","0","0","Life:) [5G], MTC [LTE]","30 days","country"
"Belarus","norach-30days-unlimited-topup","Top-up","99","Unlimited","0","0","Life:) [5G], MTC [LTE]","30 days","country"
"Belgium","belganet-px-7days-1gb","New eSIM","4","1 GB","0","0","BASE [5G]","7 days","country"
"Belgium","belganet-px-7days-1gb-topup","Top-up","4","1 GB","0","0","BASE [5G]","7 days","country"
"Belgium","belganet-px-15days-2gb","New eSIM","5.5","2 GB","0","0","BASE [5G]","15 days","country"
"Belgium","belganet-px-15days-2gb-topup","Top-up","5.5","2 GB","0","0","BASE [5G]","15 days","country"
"Belgium","belganet-px-30days-3gb","New eSIM","6","3 GB","0","0","BASE [5G]","30 days","country"
"Belgium","belganet-px-30days-3gb-topup","Top-up","6","3 GB","0","0","BASE [5G]","30 days","country"
"Belgium","belganet-px-30days-5gb","New eSIM","8.5","5 GB","0","0","BASE [5G]","30 days","country"
"Belgium","belganet-px-30days-5gb-topup","Top-up","8.5","5 GB","0","0","BASE [5G]","30 days","country"
"Belgium","belganet-px-30days-10gb","New eSIM","13","10 GB","0","0","BASE [5G]","30 days","country"
"Belgium","belganet-px-30days-10gb-topup","Top-up","13","10 GB","0","0","BASE [5G]","30 days","country"
"Belgium","belganet-px-30days-20gb","New eSIM","20","20 GB","0","0","BASE [5G]","30 days","country"
"Belgium","belganet-px-30days-20gb-topup","Top-up","20","20 GB","0","0","BASE [5G]","30 days","country"
"Belgium","belganet-px-3days-unlimited","New eSIM","9.5","Unlimited","0","0","BASE [5G]","3 days","country"
"Belgium","belganet-px-3days-unlimited-topup","Top-up","9.5","Unlimited","0","0","BASE [5G]","3 days","country"
"Belgium","belganet-px-5days-unlimited","New eSIM","15","Unlimited","0","0","BASE [5G]","5 days","country"
"Belgium","belganet-px-5days-unlimited-topup","Top-up","15","Unlimited","0","0","BASE [5G]","5 days","country"
"Belgium","belganet-px-7days-unlimited","New eSIM","21","Unlimited","0","0","BASE [5G]","7 days","country"
"Belgium","belganet-px-7days-unlimited-topup","Top-up","21","Unlimited","0","0","BASE [5G]","7 days","country"
"Belgium","belganet-px-10days-unlimited","New eSIM","29","Unlimited","0","0","BASE [5G]","10 days","country"
"Belgium","belganet-px-10days-unlimited-topup","Top-up","29","Unlimited","0","0","BASE [5G]","10 days","country"
"Belgium","belganet-px-15days-unlimited","New eSIM","42","Unlimited","0","0","BASE [5G]","15 days","country"
"Belgium","belganet-px-15days-unlimited-topup","Top-up","42","Unlimited","0","0","BASE [5G]","15 days","country"
"Belgium","belganet-px-30days-unlimited","New eSIM","71.5","Unlimited","0","0","BASE [5G]","30 days","country"
"Belgium","belganet-px-30days-unlimited-topup","Top-up","71.5","Unlimited","0","0","BASE [5G]","30 days","country"
"Belize","cho-7days-1gb","New eSIM","9","1 GB","0","0","Speednet (SMART) [LTE]","7 days","country"
"Belize","cho-7days-1gb-topup","Top-up","9","1 GB","0","0","Speednet (SMART) [LTE]","7 days","country"
"Belize","cho-15days-2gb","New eSIM","18","2 GB","0","0","Speednet (SMART) [LTE]","15 days","country"
"Belize","cho-15days-2gb-topup","Top-up","18","2 GB","0","0","Speednet (SMART) [LTE]","15 days","country"
"Belize","cho-30days-3gb","New eSIM","26.5","3 GB","0","0","Speednet (SMART) [LTE]","30 days","country"
"Belize","cho-30days-3gb-topup","Top-up","26.5","3 GB","0","0","Speednet (SMART) [LTE]","30 days","country"
"Belize","cho-30days-5gb","New eSIM","48","5 GB","0","0","Speednet (SMART) [LTE]","30 days","country"
"Belize","cho-30days-5gb-topup","Top-up","48","5 GB","0","0","Speednet (SMART) [LTE]","30 days","country"
"Benin","cotton-mobile-7days-1gb","New eSIM","8.5","1 GB","0","0","Celtis [LTE]","7 days","country"
"Benin","cotton-mobile-7days-1gb-topup","Top-up","8.5","1 GB","0","0","Celtis [LTE]","7 days","country"
"Benin","cotton-mobile-15days-2gb","New eSIM","15","2 GB","0","0","Celtis [LTE]","15 days","country"
"Benin","cotton-mobile-15days-2gb-topup","Top-up","15","2 GB","0","0","Celtis [LTE]","15 days","country"
"Benin","cotton-mobile-30days-3gb","New eSIM","21","3 GB","0","0","Celtis [LTE]","30 days","country"
"Benin","cotton-mobile-30days-3gb-topup","Top-up","21","3 GB","0","0","Celtis [LTE]","30 days","country"
"Bermuda","bermy-mobile-in-7days-1gb","New eSIM","6.5","1 GB","0","0","Digicel [4G], One Communications (CellOne) [4G]","7 days","country"
"Bermuda","bermy-mobile-in-7days-1gb-topup","Top-up","6.5","1 GB","0","0","Digicel [4G], One Communications (CellOne) [4G]","7 days","country"
"Bermuda","bermy-mobile-in-15days-2gb","New eSIM","13","2 GB","0","0","Digicel [4G], One Communications (CellOne) [4G]","15 days","country"
"Bermuda","bermy-mobile-in-15days-2gb-topup","Top-up","13","2 GB","0","0","Digicel [4G], One Communications (CellOne) [4G]","15 days","country"
"Bermuda","bermy-mobile-in-30days-3gb","New eSIM","19","3 GB","0","0","Digicel [4G], One Communications (CellOne) [4G]","30 days","country"
"Bermuda","bermy-mobile-in-30days-3gb-topup","Top-up","19","3 GB","0","0","Digicel [4G], One Communications (CellOne) [4G]","30 days","country"
"Bermuda","bermy-mobile-in-30days-5gb","New eSIM","29","5 GB","0","0","Digicel [4G], One Communications (CellOne) [4G]","30 days","country"
"Bermuda","bermy-mobile-in-30days-5gb-topup","Top-up","29","5 GB","0","0","Digicel [4G], One Communications (CellOne) [4G]","30 days","country"
"Bhutan","paro-7days-1gb","New eSIM","5.5","1 GB","0","0","B-Mobile [5G]","7 days","country"
"Bhutan","paro-7days-1gb-topup","Top-up","5.5","1 GB","0","0","B-Mobile [5G]","7 days","country"
"Bhutan","paro-15days-2gb","New eSIM","9.5","2 GB","0","0","B-Mobile [5G]","15 days","country"
"Bhutan","paro-15days-2gb-topup","Top-up","9.5","2 GB","0","0","B-Mobile [5G]","15 days","country"
"Bhutan","paro-30days-3gb","New eSIM","12.5","3 GB","0","0","B-Mobile [5G]","30 days","country"
"Bhutan","paro-30days-3gb-topup","Top-up","12.5","3 GB","0","0","B-Mobile [5G]","30 days","country"
"Bhutan","paro-30days-5gb","New eSIM","20.5","5 GB","0","0","B-Mobile [5G]","30 days","country"
"Bhutan","paro-30days-5gb-topup","Top-up","20.5","5 GB","0","0","B-Mobile [5G]","30 days","country"
"Bhutan","paro-30days-10gb","New eSIM","36","10 GB","0","0","B-Mobile [5G]","30 days","country"
"Bhutan","paro-30days-10gb-topup","Top-up","36","10 GB","0","0","B-Mobile [5G]","30 days","country"
"Bhutan","paro-30days-20gb","New eSIM","49","20 GB","0","0","B-Mobile [5G]","30 days","country"
"Bhutan","paro-30days-20gb-topup","Top-up","49","20 GB","0","0","B-Mobile [5G]","30 days","country"
"Bhutan","paro-10days-unlimited","New eSIM","65","Unlimited","0","0","B-Mobile [5G]","10 days","country"
"Bhutan","paro-10days-unlimited-topup","Top-up","65","Unlimited","0","0","B-Mobile [5G]","10 days","country"
"Bolivia","wamobile-7days-1gb","New eSIM","7.5","1 GB","0","0","Nuevatel [LTE], tigo [LTE], Entel [3G]","7 days","country"
"Bolivia","wamobile-7days-1gb-topup","Top-up","7.5","1 GB","0","0","Nuevatel [LTE], tigo [LTE], Entel [3G]","7 days","country"
"Bolivia","wamobile-15days-2gb","New eSIM","14.5","2 GB","0","0","Nuevatel [LTE], tigo [LTE], Entel [3G]","15 days","country"
"Bolivia","wamobile-15days-2gb-topup","Top-up","14.5","2 GB","0","0","Nuevatel [LTE], tigo [LTE], Entel [3G]","15 days","country"
"Bolivia","wamobile-30days-3gb","New eSIM","21","3 GB","0","0","Nuevatel [LTE], tigo [LTE], Entel [3G]","30 days","country"
"Bolivia","wamobile-30days-3gb-topup","Top-up","21","3 GB","0","0","Nuevatel [LTE], tigo [LTE], Entel [3G]","30 days","country"
"Bolivia","wamobile-30days-5gb","New eSIM","29","5 GB","0","0","Nuevatel [LTE], tigo [LTE], Entel [3G]","30 days","country"
"Bolivia","wamobile-30days-5gb-topup","Top-up","29","5 GB","0","0","Nuevatel [LTE], tigo [LTE], Entel [3G]","30 days","country"
"Bolivia","wamobile-30days-10gb","New eSIM","39","10 GB","0","0","Nuevatel [LTE], tigo [LTE], Entel [3G]","30 days","country"
"Bolivia","wamobile-30days-10gb-topup","Top-up","39","10 GB","0","0","Nuevatel [LTE], tigo [LTE], Entel [3G]","30 days","country"
"Bolivia","wamobile-30days-20gb","New eSIM","49","20 GB","0","0","Nuevatel [LTE], tigo [LTE], Entel [3G]","30 days","country"
"Bolivia","wamobile-30days-20gb-topup","Top-up","49","20 GB","0","0","Nuevatel [LTE], tigo [LTE], Entel [3G]","30 days","country"
"Bolivia","wamobile-3days-unlimited","New eSIM","19.5","Unlimited","0","0","Nuevatel [LTE], tigo [LTE], Entel [3G]","3 days","country"
"Bolivia","wamobile-3days-unlimited-topup","Top-up","19.5","Unlimited","0","0","Nuevatel [LTE], tigo [LTE], Entel [3G]","3 days","country"
"Bolivia","wamobile-5days-unlimited","New eSIM","30.5","Unlimited","0","0","Nuevatel [LTE], tigo [LTE], Entel [3G]","5 days","country"
"Bolivia","wamobile-5days-unlimited-topup","Top-up","30.5","Unlimited","0","0","Nuevatel [LTE], tigo [LTE], Entel [3G]","5 days","country"
"Bolivia","wamobile-7days-unlimited","New eSIM","39","Unlimited","0","0","Nuevatel [LTE], tigo [LTE], Entel [3G]","7 days","country"
"Bolivia","wamobile-7days-unlimited-topup","Top-up","39","Unlimited","0","0","Nuevatel [LTE], tigo [LTE], Entel [3G]","7 days","country"
"Bolivia","wamobile-10days-unlimited","New eSIM","46","Unlimited","0","0","Nuevatel [LTE], tigo [LTE], Entel [3G]","10 days","country"
"Bolivia","wamobile-10days-unlimited-topup","Top-up","46","Unlimited","0","0","Nuevatel [LTE], tigo [LTE], Entel [3G]","10 days","country"
"Bolivia","wamobile-15days-unlimited","New eSIM","63","Unlimited","0","0","Nuevatel [LTE], tigo [LTE], Entel [3G]","15 days","country"
"Bolivia","wamobile-15days-unlimited-topup","Top-up","63","Unlimited","0","0","Nuevatel [LTE], tigo [LTE], Entel [3G]","15 days","country"
"Bolivia","wamobile-30days-unlimited","New eSIM","99","Unlimited","0","0","Nuevatel [LTE], tigo [LTE], Entel [3G]","30 days","country"
"Bolivia","wamobile-30days-unlimited-topup","Top-up","99","Unlimited","0","0","Nuevatel [LTE], tigo [LTE], Entel [3G]","30 days","country"
"Bonaire","hatonet-in-7days-1gb","New eSIM","7.5","1 GB","0","0","Digicel [4G]","7 days","country"
"Bonaire","hatonet-in-7days-1gb-topup","Top-up","7.5","1 GB","0","0","Digicel [4G]","7 days","country"
"Bonaire","hatonet-in-15days-2gb","New eSIM","14.5","2 GB","0","0","Digicel [4G]","15 days","country"
"Bonaire","hatonet-in-15days-2gb-topup","Top-up","14.5","2 GB","0","0","Digicel [4G]","15 days","country"
"Bonaire","hatonet-in-30days-3gb","New eSIM","21","3 GB","0","0","Digicel [4G]","30 days","country"
"Bonaire","hatonet-in-30days-3gb-topup","Top-up","21","3 GB","0","0","Digicel [4G]","30 days","country"
"Bonaire","hatonet-in-30days-5gb","New eSIM","32.5","5 GB","0","0","Digicel [4G]","30 days","country"
"Bonaire","hatonet-in-30days-5gb-topup","Top-up","32.5","5 GB","0","0","Digicel [4G]","30 days","country"
"Bonaire","hatonet-in-3days-unlimited","New eSIM","39","Unlimited","0","0","Digicel [4G]","3 days","country"
"Bonaire","hatonet-in-3days-unlimited-topup","Top-up","39","Unlimited","0","0","Digicel [4G]","3 days","country"
"Bonaire","hatonet-in-5days-unlimited","New eSIM","59","Unlimited","0","0","Digicel [4G]","5 days","country"
"Bonaire","hatonet-in-5days-unlimited-topup","Top-up","59","Unlimited","0","0","Digicel [4G]","5 days","country"
"Bonaire","hatonet-in-7days-unlimited","New eSIM","83.5","Unlimited","0","0","Digicel [4G]","7 days","country"
"Bonaire","hatonet-in-7days-unlimited-topup","Top-up","83.5","Unlimited","0","0","Digicel [4G]","7 days","country"
"Bonaire","hatonet-in-10days-unlimited","New eSIM","99","Unlimited","0","0","Digicel [4G]","10 days","country"
"Bonaire","hatonet-in-10days-unlimited-topup","Top-up","99","Unlimited","0","0","Digicel [4G]","10 days","country"
"Bosnia and Herzegovina","bosher-in-7days-1gb","New eSIM","4","1 GB","0","0","BH Telecom [4G]","7 days","country"
"Bosnia and Herzegovina","bosher-in-15days-2gb","New eSIM","7","2 GB","0","0","BH Telecom [4G]","15 days","country"
"Bosnia and Herzegovina","bosher-in-30days-3gb","New eSIM","9","3 GB","0","0","BH Telecom [4G]","30 days","country"
"Bosnia and Herzegovina","bosher-in-30days-5gb","New eSIM","13","5 GB","0","0","BH Telecom [4G]","30 days","country"
"Bosnia and Herzegovina","bosher-in-30days-10gb-topup","Top-up","21","10 GB","0","0","BH Telecom [4G]","30 days","country"
"Bosnia and Herzegovina","bosher-in-30days-20gb-topup","Top-up","32","20 GB","0","0","BH Telecom [4G]","30 days","country"
"Bosnia and Herzegovina","bosher-in-3days-unlimited-topup","Top-up","11.5","Unlimited","0","0","BH Telecom [4G]","3 days","country"
"Bosnia and Herzegovina","bosher-in-7days-unlimited-topup","Top-up","27","Unlimited","0","0","BH Telecom [4G]","7 days","country"
"Bosnia and Herzegovina","bosher-in-10days-unlimited-topup","Top-up","35","Unlimited","0","0","BH Telecom [4G]","10 days","country"
"Bosnia and Herzegovina","bosher-in-5days-unlimited-topup","Top-up","19.5","Unlimited","0","0","BH Telecom [4G]","5 days","country"
"Bosnia and Herzegovina","bosher-in-15days-unlimited-topup","Top-up","49","Unlimited","0","0","BH Telecom [4G]","15 days","country"
"Bosnia and Herzegovina","bosher-in-30days-unlimited","New eSIM","72.5","Unlimited","0","0","BH Telecom [4G]","30 days","country"
"Botswana","maun-telecom-in-7days-1gb","New eSIM","8.5","1 GB","0","0","MASCOM [4G]","7 days","country"
"Botswana","maun-telecom-in-7days-1gb-topup","Top-up","8.5","1 GB","0","0","MASCOM [4G]","7 days","country"
"Botswana","maun-telecom-in-15days-2gb","New eSIM","16","2 GB","0","0","MASCOM [4G]","15 days","country"
"Botswana","maun-telecom-in-15days-2gb-topup","Top-up","16","2 GB","0","0","MASCOM [4G]","15 days","country"
"Botswana","maun-telecom-in-30days-3gb","New eSIM","23","3 GB","0","0","MASCOM [4G]","30 days","country"
"Botswana","maun-telecom-in-30days-3gb-topup","Top-up","23","3 GB","0","0","MASCOM [4G]","30 days","country"
"Botswana","maun-telecom-in-30days-5gb","New eSIM","35","5 GB","0","0","MASCOM [4G]","30 days","country"
"Botswana","maun-telecom-in-30days-5gb-topup","Top-up","35","5 GB","0","0","MASCOM [4G]","30 days","country"
"Brazil","joia-7days-1gb-topup","Top-up","4","1 GB","0","0","Claro [5G], TIM [4G]","7 days","country"
"Brazil","joia-15days-2gb-topup","Top-up","7","2 GB","0","0","Claro [5G], TIM [4G]","15 days","country"
"Brazil","joia-30days-3gb-topup","Top-up","9.5","3 GB","0","0","Claro [5G], TIM [4G]","30 days","country"
"Brazil","joia-30days-5gb-topup","Top-up","13","5 GB","0","0","Claro [5G], TIM [4G]","30 days","country"
"Brazil","joia-30days-10gb-topup","Top-up","23","10 GB","0","0","Claro [5G], TIM [4G]","30 days","country"
"Brazil","joia-30days-20gb-topup","Top-up","36","20 GB","0","0","Claro [5G], TIM [4G]","30 days","country"
"Brazil","maneiro-in-7days-1gb","New eSIM","4","1 GB","0","0","TIM [5G]","7 days","country"
"Brazil","maneiro-in-7days-1gb-topup","Top-up","4","1 GB","0","0","TIM [5G]","7 days","country"
"Brazil","maneiro-in-15days-2gb","New eSIM","7","2 GB","0","0","TIM [5G]","15 days","country"
"Brazil","maneiro-in-15days-2gb-topup","Top-up","7","2 GB","0","0","TIM [5G]","15 days","country"
"Brazil","maneiro-in-30days-5gb","New eSIM","13","5 GB","0","0","TIM [5G]","30 days","country"
"Brazil","maneiro-in-30days-5gb-topup","Top-up","13","5 GB","0","0","TIM [5G]","30 days","country"
"Brazil","maneiro-in-30days-10gb-topup","Top-up","23","10 GB","0","0","TIM [5G]","30 days","country"
"Brazil","maneiro-in-30days-10gb","New eSIM","23","10 GB","0","0","TIM [5G]","30 days","country"
"Brazil","maneiro-in-30days-20gb-topup","Top-up","36","20 GB","0","0","TIM [5G]","30 days","country"
"Brazil","maneiro-in-30days-20gb","New eSIM","36","20 GB","0","0","TIM [5G]","30 days","country"
"Brazil","maneiro-in-30days-3gb-topup","Top-up","9.5","3 GB","0","0","TIM [5G]","30 days","country"
"Brazil","maneiro-in-30days-3gb","New eSIM","9.5","3 GB","0","0","TIM [5G]","30 days","country"
"Brazil","maneiro-in-3days-unlimited-topup","Top-up","12","Unlimited","0","0","TIM [5G]","3 days","country"
"Brazil","maneiro-in-3days-unlimited","New eSIM","12","Unlimited","0","0","TIM [5G]","3 days","country"
"Brazil","maneiro-in-5days-unlimited","New eSIM","19","Unlimited","0","0","TIM [5G]","5 days","country"
"Brazil","maneiro-in-5days-unlimited-topup","Top-up","19","Unlimited","0","0","TIM [5G]","5 days","country"
"Brazil","maneiro-in-7days-unlimited","New eSIM","25","Unlimited","0","0","TIM [5G]","7 days","country"
"Brazil","maneiro-in-7days-unlimited-topup","Top-up","25","Unlimited","0","0","TIM [5G]","7 days","country"
"Brazil","maneiro-in-10days-unlimited-topup","Top-up","33","Unlimited","0","0","TIM [5G]","10 days","country"
"Brazil","maneiro-in-10days-unlimited","New eSIM","33","Unlimited","0","0","TIM [5G]","10 days","country"
"Brazil","maneiro-in-15days-unlimited-topup","Top-up","46","Unlimited","0","0","TIM [5G]","15 days","country"
"Brazil","maneiro-in-15days-unlimited","New eSIM","46","Unlimited","0","0","TIM [5G]","15 days","country"
"Brazil","maneiro-in-30days-unlimited","New eSIM","85","Unlimited","0","0","TIM [5G]","30 days","country"
"Brazil","maneiro-in-30days-unlimited-topup","Top-up","85","Unlimited","0","0","TIM [5G]","30 days","country"
"British Virgin Islands","jost-mobile-in-7days-1gb","New eSIM","8.5","1 GB","0","0","Digicel [4G]","7 days","country"
"British Virgin Islands","jost-mobile-in-7days-1gb-topup","Top-up","8.5","1 GB","0","0","Digicel [4G]","7 days","country"
"British Virgin Islands","jost-mobile-in-15days-2gb","New eSIM","16","2 GB","0","0","Digicel [4G]","15 days","country"
"British Virgin Islands","jost-mobile-in-15days-2gb-topup","Top-up","16","2 GB","0","0","Digicel [4G]","15 days","country"
"British Virgin Islands","jost-mobile-in-30days-3gb","New eSIM","23","3 GB","0","0","Digicel [4G]","30 days","country"
"British Virgin Islands","jost-mobile-in-30days-3gb-topup","Top-up","23","3 GB","0","0","Digicel [4G]","30 days","country"
"British Virgin Islands","jost-mobile-in-30days-5gb","New eSIM","29.5","5 GB","0","0","Digicel [4G]","30 days","country"
"British Virgin Islands","jost-mobile-in-30days-5gb-topup","Top-up","29.5","5 GB","0","0","Digicel [4G]","30 days","country"
"Brunei","muara-mobile-7days-1gb-topup","Top-up","7","1 GB","0","0","UNN [5G]","7 days","country"
"Brunei","muara-mobile-7days-1gb","New eSIM","7","1 GB","0","0","UNN [5G]","7 days","country"
"Brunei","muara-mobile-15days-2gb","New eSIM","12.5","2 GB","0","0","UNN [5G]","15 days","country"
"Brunei","muara-mobile-15days-2gb-topup","Top-up","12.5","2 GB","0","0","UNN [5G]","15 days","country"
"Brunei","muara-mobile-30days-3gb-topup","Top-up","17","3 GB","0","0","UNN [5G]","30 days","country"
"Brunei","muara-mobile-30days-3gb","New eSIM","17","3 GB","0","0","UNN [5G]","30 days","country"
"Brunei","muara-mobile-30days-5gb-topup","Top-up","27","5 GB","0","0","UNN [5G]","30 days","country"
"Brunei","muara-mobile-30days-5gb","New eSIM","27","5 GB","0","0","UNN [5G]","30 days","country"
"Brunei","muara-mobile-30days-10gb-topup","Top-up","49","10 GB","0","0","UNN [5G]","30 days","country"
"Brunei","muara-mobile-30days-10gb","New eSIM","49","10 GB","0","0","UNN [5G]","30 days","country"
"Brunei","muara-mobile-3days-unlimited-topup","Top-up","19.5","Unlimited","0","0","UNN [5G]","3 days","country"
"Brunei","muara-mobile-3days-unlimited","New eSIM","19.5","Unlimited","0","0","UNN [5G]","3 days","country"
"Brunei","muara-mobile-5days-unlimited-topup","Top-up","28.5","Unlimited","0","0","UNN [5G]","5 days","country"
"Brunei","muara-mobile-5days-unlimited","New eSIM","28.5","Unlimited","0","0","UNN [5G]","5 days","country"
"Brunei","muara-mobile-7days-unlimited-topup","Top-up","35","Unlimited","0","0","UNN [5G]","7 days","country"
"Brunei","muara-mobile-7days-unlimited","New eSIM","35","Unlimited","0","0","UNN [5G]","7 days","country"
"Brunei","muara-mobile-10days-unlimited","New eSIM","42.5","Unlimited","0","0","UNN [5G]","10 days","country"
"Brunei","muara-mobile-10days-unlimited-topup","Top-up","42.5","Unlimited","0","0","UNN [5G]","10 days","country"
"Bulgaria","bultel-7days-1gb","New eSIM","4","1 GB","0","0","Vivacom [5G], Yettel [5G]","7 days","country"
"Bulgaria","bultel-7days-1gb-topup","Top-up","4","1 GB","0","0","Vivacom [5G], Yettel [5G]","7 days","country"
"Bulgaria","bultel-15days-2gb","New eSIM","5","2 GB","0","0","Vivacom [5G], Yettel [5G]","15 days","country"
"Bulgaria","bultel-15days-2gb-topup","Top-up","5","2 GB","0","0","Vivacom [5G], Yettel [5G]","15 days","country"
"Bulgaria","bultel-30days-3gb","New eSIM","5","3 GB","0","0","Vivacom [5G], Yettel [5G]","30 days","country"
"Bulgaria","bultel-30days-3gb-topup","Top-up","5","3 GB","0","0","Vivacom [5G], Yettel [5G]","30 days","country"
"Bulgaria","bultel-30days-5gb","New eSIM","7","5 GB","0","0","Vivacom [5G], Yettel [5G]","30 days","country"
"Bulgaria","bultel-30days-5gb-topup","Top-up","7","5 GB","0","0","Vivacom [5G], Yettel [5G]","30 days","country"
"Bulgaria","bultel-30days-10gb","New eSIM","12","10 GB","0","0","Vivacom [5G], Yettel [5G]","30 days","country"
"Bulgaria","bultel-30days-10gb-topup","Top-up","12","10 GB","0","0","Vivacom [5G], Yettel [5G]","30 days","country"
"Bulgaria","bultel-30days-20gb","New eSIM","20","20 GB","0","0","Vivacom [5G], Yettel [5G]","30 days","country"
"Bulgaria","bultel-30days-20gb-topup","Top-up","20","20 GB","0","0","Vivacom [5G], Yettel [5G]","30 days","country"
"Bulgaria","bultel-3days-unlimited","New eSIM","11.5","Unlimited","0","0","Vivacom [5G], Yettel [5G]","3 days","country"
"Bulgaria","bultel-3days-unlimited-topup","Top-up","11.5","Unlimited","0","0","Vivacom [5G], Yettel [5G]","3 days","country"
"Bulgaria","bultel-5days-unlimited","New eSIM","18.5","Unlimited","0","0","Vivacom [5G], Yettel [5G]","5 days","country"
"Bulgaria","bultel-5days-unlimited-topup","Top-up","18.5","Unlimited","0","0","Vivacom [5G], Yettel [5G]","5 days","country"
"Bulgaria","bultel-7days-unlimited","New eSIM","26.5","Unlimited","0","0","Vivacom [5G], Yettel [5G]","7 days","country"
"Bulgaria","bultel-7days-unlimited-topup","Top-up","26.5","Unlimited","0","0","Vivacom [5G], Yettel [5G]","7 days","country"
"Bulgaria","bultel-10days-unlimited","New eSIM","34.5","Unlimited","0","0","Vivacom [5G], Yettel [5G]","10 days","country"
"Bulgaria","bultel-10days-unlimited-topup","Top-up","34.5","Unlimited","0","0","Vivacom [5G], Yettel [5G]","10 days","country"
"Bulgaria","bultel-15days-unlimited-topup","Top-up","48","Unlimited","0","0","Vivacom [5G], Yettel [5G]","15 days","country"
"Bulgaria","bultel-15days-unlimited","New eSIM","48","Unlimited","0","0","Vivacom [5G], Yettel [5G]","15 days","country"
"Bulgaria","bultel-30days-unlimited","New eSIM","71","Unlimited","0","0","Vivacom [5G], Yettel [5G]","30 days","country"
"Bulgaria","bultel-30days-unlimited-topup","Top-up","71","Unlimited","0","0","Vivacom [5G], Yettel [5G]","30 days","country"
"Burkina Faso","volta-in-7days-1gb","New eSIM","6","1 GB","0","0","Orange BF [4G]","7 days","country"
"Burkina Faso","volta-in-7days-1gb-topup","Top-up","6","1 GB","0","0","Orange BF [4G]","7 days","country"
"Burkina Faso","volta-in-15days-2gb","New eSIM","11","2 GB","0","0","Orange BF [4G]","15 days","country"
"Burkina Faso","volta-in-15days-2gb-topup","Top-up","11","2 GB","0","0","Orange BF [4G]","15 days","country"
"Burkina Faso","volta-in-30days-3gb","New eSIM","15","3 GB","0","0","Orange BF [4G]","30 days","country"
"Burkina Faso","volta-in-30days-3gb-topup","Top-up","15","3 GB","0","0","Orange BF [4G]","30 days","country"
"Burkina Faso","volta-in-30days-5gb","New eSIM","23","5 GB","0","0","Orange BF [4G]","30 days","country"
"Burkina Faso","volta-in-30days-5gb-topup","Top-up","23","5 GB","0","0","Orange BF [4G]","30 days","country"
"Cambodia","connect-cambodia-in-7days-1gb","New eSIM","4","1 GB","0","0","Smart [4G]","7 days","country"
"Cambodia","connect-cambodia-in-7days-1gb-topup","Top-up","4","1 GB","0","0","Smart [4G]","7 days","country"
"Cambodia","connect-cambodia-in-15days-2gb","New eSIM","7","2 GB","0","0","Smart [4G]","15 days","country"
"Cambodia","connect-cambodia-in-15days-2gb-topup","Top-up","7","2 GB","0","0","Smart [4G]","15 days","country"
"Cambodia","connect-cambodia-in-30days-3gb","New eSIM","9","3 GB","0","0","Smart [4G]","30 days","country"
"Cambodia","connect-cambodia-in-30days-3gb-topup","Top-up","9","3 GB","0","0","Smart [4G]","30 days","country"
"Cambodia","connect-cambodia-in-30days-5gb","New eSIM","13","5 GB","0","0","Smart [4G]","30 days","country"
"Cambodia","connect-cambodia-in-30days-5gb-topup","Top-up","13","5 GB","0","0","Smart [4G]","30 days","country"
"Cambodia","connect-cambodia-in-30days-10gb","New eSIM","21","10 GB","0","0","Smart [4G]","30 days","country"
"Cambodia","connect-cambodia-in-30days-10gb-topup","Top-up","21","10 GB","0","0","Smart [4G]","30 days","country"
"Cambodia","connect-cambodia-in-30days-20gb","New eSIM","32","20 GB","0","0","Smart [4G]","30 days","country"
"Cambodia","connect-cambodia-in-30days-20gb-topup","Top-up","32","20 GB","0","0","Smart [4G]","30 days","country"
"Cambodia","connect-cambodia-in-3days-unlimited","New eSIM","12.5","Unlimited","0","0","Smart [4G]","3 days","country"
"Cambodia","connect-cambodia-in-3days-unlimited-topup","Top-up","12.5","Unlimited","0","0","Smart [4G]","3 days","country"
"Cambodia","connect-cambodia-in-5days-unlimited","New eSIM","20.5","Unlimited","0","0","Smart [4G]","5 days","country"
"Cambodia","connect-cambodia-in-5days-unlimited-topup","Top-up","20.5","Unlimited","0","0","Smart [4G]","5 days","country"
"Cambodia","connect-cambodia-in-7days-unlimited","New eSIM","27","Unlimited","0","0","Smart [4G]","7 days","country"
"Cambodia","connect-cambodia-in-7days-unlimited-topup","Top-up","27","Unlimited","0","0","Smart [4G]","7 days","country"
"Cambodia","connect-cambodia-in-10days-unlimited","New eSIM","35","Unlimited","0","0","Smart [4G]","10 days","country"
"Cambodia","connect-cambodia-in-10days-unlimited-topup","Top-up","35","Unlimited","0","0","Smart [4G]","10 days","country"
"Cambodia","connect-cambodia-in-15days-unlimited","New eSIM","49","Unlimited","0","0","Smart [4G]","15 days","country"
"Cambodia","connect-cambodia-in-15days-unlimited-topup","Top-up","49","Unlimited","0","0","Smart [4G]","15 days","country"
"Cambodia","connect-cambodia-in-30days-unlimited","New eSIM","72.5","Unlimited","0","0","Smart [4G]","30 days","country"
"Cambodia","connect-cambodia-in-30days-unlimited-topup","Top-up","72.5","Unlimited","0","0","Smart [4G]","30 days","country"
"Cameroon","kamtok-telecom-in-7days-1gb","New eSIM","5.5","1 GB","0","0","Orange [4G]","7 days","country"
"Cameroon","kamtok-telecom-in-7days-1gb-topup","Top-up","5.5","1 GB","0","0","Orange [4G]","7 days","country"
"Cameroon","kamtok-telecom-in-15days-2gb","New eSIM","10","2 GB","0","0","Orange [4G]","15 days","country"
"Cameroon","kamtok-telecom-in-15days-2gb-topup","Top-up","10","2 GB","0","0","Orange [4G]","15 days","country"
"Cameroon","kamtok-telecom-in-30days-3gb","New eSIM","14","3 GB","0","0","Orange [4G]","30 days","country"
"Cameroon","kamtok-telecom-in-30days-3gb-topup","Top-up","14","3 GB","0","0","Orange [4G]","30 days","country"
"Cameroon","kamtok-telecom-in-30days-5gb","New eSIM","21","5 GB","0","0","Orange [4G]","30 days","country"
"Cameroon","kamtok-telecom-in-30days-5gb-topup","Top-up","21","5 GB","0","0","Orange [4G]","30 days","country"
"Cameroon","kamtok-telecom-in-30days-10gb","New eSIM","34","10 GB","0","0","Orange [4G]","30 days","country"
"Cameroon","kamtok-telecom-in-30days-10gb-topup","Top-up","34","10 GB","0","0","Orange [4G]","30 days","country"
"Canada","canada-mobile-3days-1gb","New eSIM","7","1 GB","0","0","Bell [LTE]","3 days","country"
"Canada","canada-mobile-3days-3gb","New eSIM","8","3 GB","0","0","Bell [LTE]","3 days","country"
"Canada","canada-mobile-7days-3gb","New eSIM","9","3 GB","0","0","Bell [LTE]","7 days","country"
"Canada","canada-mobile-7days-5gb","New eSIM","14","5 GB","0","0","Bell [LTE]","7 days","country"
"Canada","canada-mobile-7days-10gb","New eSIM","18","10 GB","0","0","Bell [LTE]","7 days","country"
"Canada","canada-mobile-15days-5gb","New eSIM","15","5 GB","0","0","Bell [LTE]","15 days","country"
"Canada","canada-mobile-15days-10gb","New eSIM","20","10 GB","0","0","Bell [LTE]","15 days","country"
"Canada","canada-mobile-15days-20gb","New eSIM","34","20 GB","0","0","Bell [LTE]","15 days","country"
"Canada","canada-mobile-30days-50gb","New eSIM","84","50 GB","0","0","Bell [LTE]","30 days","country"
"Canada","canada-mobile-3days-1gb-topup","Top-up","7","1 GB","0","0","Bell [LTE]","3 days","country"
"Canada","canada-mobile-3days-3gb-topup","Top-up","8","3 GB","0","0","Bell [LTE]","3 days","country"
"Canada","canada-mobile-7days-3gb-topup","Top-up","9","3 GB","0","0","Bell [LTE]","7 days","country"
"Canada","canada-mobile-7days-5gb-topup","Top-up","14","5 GB","0","0","Bell [LTE]","7 days","country"
"Canada","canada-mobile-7days-10gb-topup","Top-up","18","10 GB","0","0","Bell [LTE]","7 days","country"
"Canada","canada-mobile-15days-5gb-topup","Top-up","15","5 GB","0","0","Bell [LTE]","15 days","country"
"Canada","canada-mobile-15days-10gb-topup","Top-up","20","10 GB","0","0","Bell [LTE]","15 days","country"
"Canada","canada-mobile-15days-20gb-topup","Top-up","34","20 GB","0","0","Bell [LTE]","15 days","country"
"Canada","canada-mobile-30days-5gb","New eSIM","18","5 GB","0","0","Bell [LTE]","30 days","country"
"Canada","canada-mobile-30days-50gb-topup","Top-up","84","50 GB","0","0","Bell [LTE]","30 days","country"
"Canada","canada-mobile-30days-5gb-topup","Top-up","18","5 GB","0","0","Bell [LTE]","30 days","country"
"Canada","canada-mobile-30days-10gb","New eSIM","23","10 GB","0","0","Bell [LTE]","30 days","country"
"Canada","canada-mobile-30days-10gb-topup","Top-up","23","10 GB","0","0","Bell [LTE]","30 days","country"
"Canada","canada-mobile-30days-20gb","New eSIM","37","20 GB","0","0","Bell [LTE]","30 days","country"
"Canada","canada-mobile-30days-20gb-topup","Top-up","37","20 GB","0","0","Bell [LTE]","30 days","country"
"Canada","canada-mobile-3days-unlimited-topup","Top-up","19","Unlimited","0","0","Bell [LTE]","3 days","country"
"Canada","canada-mobile-5days-unlimited-topup","Top-up","27","Unlimited","0","0","Bell [LTE]","5 days","country"
"Canada","canada-mobile-7days-unlimited-topup","Top-up","32","Unlimited","0","0","Bell [LTE]","7 days","country"
"Canada","canada-mobile-10days-unlimited-topup","Top-up","35","Unlimited","0","0","Bell [LTE]","10 days","country"
"Canada","canada-mobile-3days-unlimited","New eSIM","19","Unlimited","0","0","Bell [LTE]","3 days","country"
"Canada","canada-mobile-5days-unlimited","New eSIM","27","Unlimited","0","0","Bell [LTE]","5 days","country"
"Canada","canada-mobile-7days-unlimited","New eSIM","32","Unlimited","0","0","Bell [LTE]","7 days","country"
"Canada","canada-mobile-10days-unlimited","New eSIM","35","Unlimited","0","0","Bell [LTE]","10 days","country"
"Canada","canada-mobile-15days-unlimited","New eSIM","45","Unlimited","0","0","Bell [LTE]","15 days","country"
"Canada","canada-mobile-30days-unlimited","New eSIM","86","Unlimited","0","0","Bell [LTE]","30 days","country"
"Canada","canada-mobile-15days-unlimited-topup","Top-up","45","Unlimited","0","0","Bell [LTE]","15 days","country"
"Canada","canada-mobile-30days-unlimited-topup","Top-up","86","Unlimited","0","0","Bell [LTE]","30 days","country"
"Canary Islands","mansetel-in-7days-1gb","New eSIM","4","1 GB","0","0","Orange [5G]","7 days","country"
"Canary Islands","mansetel-in-7days-1gb-topup","Top-up","4","1 GB","0","0","Orange [5G]","7 days","country"
"Canary Islands","mansetel-in-15days-2gb","New eSIM","6","2 GB","0","0","Orange [5G]","15 days","country"
"Canary Islands","mansetel-in-15days-2gb-topup","Top-up","6","2 GB","0","0","Orange [5G]","15 days","country"
"Canary Islands","mansetel-in-30days-3gb","New eSIM","7","3 GB","0","0","Orange [5G]","30 days","country"
"Canary Islands","mansetel-in-30days-3gb-topup","Top-up","7","3 GB","0","0","Orange [5G]","30 days","country"
"Canary Islands","mansetel-in-30days-5gb","New eSIM","10","5 GB","0","0","Orange [5G]","30 days","country"
"Canary Islands","mansetel-in-30days-5gb-topup","Top-up","10","5 GB","0","0","Orange [5G]","30 days","country"
"Canary Islands","mansetel-in-30days-10gb","New eSIM","15.5","10 GB","0","0","Orange [5G]","30 days","country"
"Canary Islands","mansetel-in-30days-10gb-topup","Top-up","15.5","10 GB","0","0","Orange [5G]","30 days","country"
"Canary Islands","mansetel-in-30days-20gb","New eSIM","22.5","20 GB","0","0","Orange [5G]","30 days","country"
"Canary Islands","mansetel-in-30days-20gb-topup","Top-up","22.5","20 GB","0","0","Orange [5G]","30 days","country"
"Canary Islands","mansetel-in-3days-unlimited","New eSIM","11.5","Unlimited","0","0","Orange [5G]","3 days","country"
"Canary Islands","mansetel-in-3days-unlimited-topup","Top-up","11.5","Unlimited","0","0","Orange [5G]","3 days","country"
"Canary Islands","mansetel-in-5days-unlimited","New eSIM","17","Unlimited","0","0","Orange [5G]","5 days","country"
"Canary Islands","mansetel-in-5days-unlimited-topup","Top-up","17","Unlimited","0","0","Orange [5G]","5 days","country"
"Canary Islands","mansetel-in-7days-unlimited","New eSIM","23","Unlimited","0","0","Orange [5G]","7 days","country"
"Canary Islands","mansetel-in-7days-unlimited-topup","Top-up","23","Unlimited","0","0","Orange [5G]","7 days","country"
"Canary Islands","mansetel-in-10days-unlimited","New eSIM","29","Unlimited","0","0","Orange [5G]","10 days","country"
"Canary Islands","mansetel-in-10days-unlimited-topup","Top-up","29","Unlimited","0","0","Orange [5G]","10 days","country"
"Canary Islands","mansetel-in-15days-unlimited","New eSIM","39","Unlimited","0","0","Orange [5G]","15 days","country"
"Canary Islands","mansetel-in-15days-unlimited-topup","Top-up","39","Unlimited","0","0","Orange [5G]","15 days","country"
"Canary Islands","mansetel-in-30days-unlimited","New eSIM","59","Unlimited","0","0","Orange [5G]","30 days","country"
"Canary Islands","mansetel-in-30days-unlimited-topup","Top-up","59","Unlimited","0","0","Orange [5G]","30 days","country"
"Cape Verde","fogotel-in-7days-1gb","New eSIM","9","1 GB","0","0","UNITEL [4G]","7 days","country"
"Cape Verde","fogotel-in-7days-1gb-topup","Top-up","9","1 GB","0","0","UNITEL [4G]","7 days","country"
"Cape Verde","fogotel-in-3days-1gb","New eSIM","9","1 GB","0","0","UNITEL [4G]","3 days","country"
"Cape Verde","fogotel-in-3days-1gb-topup","Top-up","9","1 GB","0","0","UNITEL [4G]","3 days","country"
"Cape Verde","fogotel-in-3days-3gb","New eSIM","22","3 GB","0","0","UNITEL [4G]","3 days","country"
"Cape Verde","fogotel-in-3days-3gb-topup","Top-up","22","3 GB","0","0","UNITEL [4G]","3 days","country"
"Cape Verde","fogotel-in-7days-3gb","New eSIM","24","3 GB","0","0","UNITEL [4G]","7 days","country"
"Cape Verde","fogotel-in-7days-3gb-topup","Top-up","24","3 GB","0","0","UNITEL [4G]","7 days","country"
"Cape Verde","fogotel-in-7days-5gb","New eSIM","30","5 GB","0","0","UNITEL [4G]","7 days","country"
"Cape Verde","fogotel-in-7days-5gb-topup","Top-up","30","5 GB","0","0","UNITEL [4G]","7 days","country"
"Cape Verde","fogotel-in-7days-10gb","New eSIM","47","10 GB","0","0","UNITEL [4G]","7 days","country"
"Cape Verde","fogotel-in-7days-10gb-topup","Top-up","47","10 GB","0","0","UNITEL [4G]","7 days","country"
"Cape Verde","fogotel-in-15days-2gb","New eSIM","17","2 GB","0","0","UNITEL [4G]","15 days","country"
"Cape Verde","fogotel-in-15days-2gb-topup","Top-up","17","2 GB","0","0","UNITEL [4G]","15 days","country"
"Cape Verde","fogotel-in-15days-5gb","New eSIM","32","5 GB","0","0","UNITEL [4G]","15 days","country"
"Cape Verde","fogotel-in-15days-5gb-topup","Top-up","32","5 GB","0","0","UNITEL [4G]","15 days","country"
"Cape Verde","fogotel-in-15days-10gb","New eSIM","48","10 GB","0","0","UNITEL [4G]","15 days","country"
"Cape Verde","fogotel-in-15days-10gb-topup","Top-up","48","10 GB","0","0","UNITEL [4G]","15 days","country"
"Cape Verde","fogotel-in-30days-3gb","New eSIM","24","3 GB","0","0","UNITEL [4G]","30 days","country"
"Cape Verde","fogotel-in-30days-3gb-topup","Top-up","24","3 GB","0","0","UNITEL [4G]","30 days","country"
"Cape Verde","fogotel-in-30days-5gb","New eSIM","35","5 GB","0","0","UNITEL [4G]","30 days","country"
"Cape Verde","fogotel-in-30days-5gb-topup","Top-up","35","5 GB","0","0","UNITEL [4G]","30 days","country"
"Cape Verde","fogotel-in-30days-10gb","New eSIM","49","10 GB","0","0","UNITEL [4G]","30 days","country"
"Cape Verde","fogotel-in-30days-10gb-topup","Top-up","49","10 GB","0","0","UNITEL [4G]","30 days","country"
"Cayman Islands","atlantis-tel-in-7days-1gb","New eSIM","9.5","1 GB","0","0","Digicel [4G]","7 days","country"
"Cayman Islands","atlantis-tel-in-7days-1gb-topup","Top-up","9.5","1 GB","0","0","Digicel [4G]","7 days","country"
"Cayman Islands","atlantis-tel-in-15days-2gb","New eSIM","15","2 GB","0","0","Digicel [4G]","15 days","country"
"Cayman Islands","atlantis-tel-in-15days-2gb-topup","Top-up","15","2 GB","0","0","Digicel [4G]","15 days","country"
"Cayman Islands","atlantis-tel-in-30days-3gb","New eSIM","30","3 GB","0","0","Digicel [4G]","30 days","country"
"Cayman Islands","atlantis-tel-in-30days-3gb-topup","Top-up","30","3 GB","0","0","Digicel [4G]","30 days","country"
"Cayman Islands","atlantis-tel-in-30days-5gb","New eSIM","40","5 GB","0","0","Digicel [4G]","30 days","country"
"Cayman Islands","atlantis-tel-in-30days-5gb-topup","Top-up","40","5 GB","0","0","Digicel [4G]","30 days","country"
"Cayman Islands","atlantis-tel-in-30days-10gb","New eSIM","50","10 GB","0","0","Digicel [4G]","30 days","country"
"Cayman Islands","atlantis-tel-in-30days-10gb-topup","Top-up","50","10 GB","0","0","Digicel [4G]","30 days","country"
"Cayman Islands","atlantis-tel-in-30days-20gb","New eSIM","60","20 GB","0","0","Digicel [4G]","30 days","country"
"Cayman Islands","atlantis-tel-in-30days-20gb-topup","Top-up","60","20 GB","0","0","Digicel [4G]","30 days","country"
"Central African Republic","chinko-in-7days-1gb","New eSIM","9","1 GB","0","0","Orange [3G]","7 days","country"
"Central African Republic","chinko-in-7days-1gb-topup","Top-up","9","1 GB","0","0","Orange [3G]","7 days","country"
"Central African Republic","chinko-in-15days-2gb","New eSIM","17","2 GB","0","0","Orange [3G]","15 days","country"
"Central African Republic","chinko-in-15days-2gb-topup","Top-up","17","2 GB","0","0","Orange [3G]","15 days","country"
"Central African Republic","chinko-in-30days-3gb","New eSIM","24.5","3 GB","0","0","Orange [3G]","30 days","country"
"Central African Republic","chinko-in-30days-3gb-topup","Top-up","24.5","3 GB","0","0","Orange [3G]","30 days","country"
"Central African Republic","chinko-in-30days-5gb","New eSIM","38","5 GB","0","0","Orange [3G]","30 days","country"
"Central African Republic","chinko-in-30days-5gb-topup","Top-up","38","5 GB","0","0","Orange [3G]","30 days","country"
"Chad","first-well-in-7days-1gb","New eSIM","6","1 GB","0","0","Airtel [4G]","7 days","country"
"Chad","first-well-in-7days-1gb-topup","Top-up","6","1 GB","0","0","Airtel [4G]","7 days","country"
"Chad","first-well-in-15days-2gb","New eSIM","11","2 GB","0","0","Airtel [4G]","15 days","country"
"Chad","first-well-in-15days-2gb-topup","Top-up","11","2 GB","0","0","Airtel [4G]","15 days","country"
"Chad","first-well-in-30days-3gb","New eSIM","15","3 GB","0","0","Airtel [4G]","30 days","country"
"Chad","first-well-in-30days-3gb-topup","Top-up","15","3 GB","0","0","Airtel [4G]","30 days","country"
"Chad","first-well-in-30days-5gb","New eSIM","25","5 GB","0","0","Airtel [4G]","30 days","country"
"Chad","first-well-in-30days-5gb-topup","Top-up","25","5 GB","0","0","Airtel [4G]","30 days","country"
"Chile","altoque-in-7days-1gb","New eSIM","4.5","1 GB","0","0","Movistar [4G], WOM [5G]","7 days","country"
"Chile","altoque-in-7days-1gb-topup","Top-up","4.5","1 GB","0","0","Movistar [4G], WOM [5G]","7 days","country"
"Chile","altoque-in-15days-2gb","New eSIM","8","2 GB","0","0","Movistar [4G], WOM [5G]","15 days","country"
"Chile","altoque-in-15days-2gb-topup","Top-up","8","2 GB","0","0","Movistar [4G], WOM [5G]","15 days","country"
"Chile","altoque-in-30days-3gb","New eSIM","10.5","3 GB","0","0","Movistar [4G], WOM [5G]","30 days","country"
"Chile","altoque-in-30days-3gb-topup","Top-up","10.5","3 GB","0","0","Movistar [4G], WOM [5G]","30 days","country"
"Chile","altoque-in-30days-5gb","New eSIM","15.5","5 GB","0","0","Movistar [4G], WOM [5G]","30 days","country"
"Chile","altoque-in-30days-5gb-topup","Top-up","15.5","5 GB","0","0","Movistar [4G], WOM [5G]","30 days","country"
"Chile","altoque-in-30days-10gb","New eSIM","28","10 GB","0","0","Movistar [4G], WOM [5G]","30 days","country"
"Chile","altoque-in-30days-10gb-topup","Top-up","28","10 GB","0","0","Movistar [4G], WOM [5G]","30 days","country"
"Chile","altoque-in-30days-20gb","New eSIM","48","20 GB","0","0","Movistar [4G], WOM [5G]","30 days","country"
"Chile","altoque-in-30days-20gb-topup","Top-up","48","20 GB","0","0","Movistar [4G], WOM [5G]","30 days","country"
"Chile","altoque-in-3days-unlimited","New eSIM","12.5","Unlimited","0","0","Movistar [4G], WOM [5G]","3 days","country"
"Chile","altoque-in-3days-unlimited-topup","Top-up","12.5","Unlimited","0","0","Movistar [4G], WOM [5G]","3 days","country"
"Chile","altoque-in-5days-unlimited","New eSIM","20.5","Unlimited","0","0","Movistar [4G], WOM [5G]","5 days","country"
"Chile","altoque-in-5days-unlimited-topup","Top-up","20.5","Unlimited","0","0","Movistar [4G], WOM [5G]","5 days","country"
"Chile","altoque-in-7days-unlimited","New eSIM","27.5","Unlimited","0","0","Movistar [4G], WOM [5G]","7 days","country"
"Chile","altoque-in-7days-unlimited-topup","Top-up","27.5","Unlimited","0","0","Movistar [4G], WOM [5G]","7 days","country"
"Chile","altoque-in-10days-unlimited","New eSIM","35","Unlimited","0","0","Movistar [4G], WOM [5G]","10 days","country"
"Chile","altoque-in-10days-unlimited-topup","Top-up","35","Unlimited","0","0","Movistar [4G], WOM [5G]","10 days","country"
"Chile","altoque-in-15days-unlimited","New eSIM","50","Unlimited","0","0","Movistar [4G], WOM [5G]","15 days","country"
"Chile","altoque-in-15days-unlimited-topup","Top-up","50","Unlimited","0","0","Movistar [4G], WOM [5G]","15 days","country"
"Chile","altoque-in-30days-unlimited","New eSIM","92","Unlimited","0","0","Movistar [4G], WOM [5G]","30 days","country"
"Chile","altoque-in-30days-unlimited-topup","Top-up","92","Unlimited","0","0","Movistar [4G], WOM [5G]","30 days","country"
"China","chinacom-7days-1gb","New eSIM","4","1 GB","0","0","China Unicom [5G]","7 days","country"
"China","chinacom-7days-1gb-topup","Top-up","4","1 GB","0","0","China Unicom [5G]","7 days","country"
"China","chinacom-15days-2gb","New eSIM","7.5","2 GB","0","0","China Unicom [5G]","15 days","country"
"China","chinacom-15days-2gb-topup","Top-up","7.5","2 GB","0","0","China Unicom [5G]","15 days","country"
"China","chinacom-30days-3gb","New eSIM","10.5","3 GB","0","0","China Unicom [5G]","30 days","country"
"China","chinacom-30days-3gb-topup","Top-up","10.5","3 GB","0","0","China Unicom [5G]","30 days","country"
"China","chinacom-30days-5gb","New eSIM","15.5","5 GB","0","0","China Unicom [5G]","30 days","country"
"China","chinacom-30days-5gb-topup","Top-up","15.5","5 GB","0","0","China Unicom [5G]","30 days","country"
"China","chinacom-30days-10gb","New eSIM","26.5","10 GB","0","0","China Unicom [5G]","30 days","country"
"China","chinacom-30days-10gb-topup","Top-up","26.5","10 GB","0","0","China Unicom [5G]","30 days","country"
"China","chinacom-30days-20gb","New eSIM","40","20 GB","0","0","China Unicom [5G]","30 days","country"
"China","chinacom-30days-20gb-topup","Top-up","40","20 GB","0","0","China Unicom [5G]","30 days","country"
"China","chinacom-3days-unlimited","New eSIM","11.5","Unlimited","0","0","China Unicom [5G]","3 days","country"
"China","chinacom-3days-unlimited-topup","Top-up","11.5","Unlimited","0","0","China Unicom [5G]","3 days","country"
"China","chinacom-5days-unlimited-topup","Top-up","19","Unlimited","0","0","China Unicom [5G]","5 days","country"
"China","chinacom-5days-unlimited","New eSIM","19","Unlimited","0","0","China Unicom [5G]","5 days","country"
"China","chinacom-7days-unlimited-topup","Top-up","27","Unlimited","0","0","China Unicom [5G]","7 days","country"
"China","chinacom-7days-unlimited","New eSIM","27","Unlimited","0","0","China Unicom [5G]","7 days","country"
"China","chinacom-10days-unlimited","New eSIM","35","Unlimited","0","0","China Unicom [5G]","10 days","country"
"China","chinacom-10days-unlimited-topup","Top-up","35","Unlimited","0","0","China Unicom [5G]","10 days","country"
"China","chinacom-15days-unlimited","New eSIM","49","Unlimited","0","0","China Unicom [5G]","15 days","country"
"China","chinacom-15days-unlimited-topup","Top-up","49","Unlimited","0","0","China Unicom [5G]","15 days","country"
"China","chinacom-30days-unlimited","New eSIM","69","Unlimited","0","0","China Unicom [5G]","30 days","country"
"China","chinacom-30days-unlimited-topup","Top-up","69","Unlimited","0","0","China Unicom [5G]","30 days","country"
"Colombia","hartonet-30days-5gb","New eSIM","16","5 GB","0","0","Tigo [LTE]","30 days","country"
"Colombia","hartonet-30days-5gb-topup","Top-up","16","5 GB","0","0","Tigo [LTE]","30 days","country"
"Colombia","hartonet-30days-3gb","New eSIM","10.5","3 GB","0","0","Tigo [LTE]","30 days","country"
"Colombia","hartonet-30days-3gb-topup","Top-up","10.5","3 GB","0","0","Tigo [LTE]","30 days","country"
"Colombia","hartonet-15days-2gb","New eSIM","8","2 GB","0","0","Tigo [LTE]","15 days","country"
"Colombia","hartonet-15days-2gb-topup","Top-up","8","2 GB","0","0","Tigo [LTE]","15 days","country"
"Colombia","hartonet-7days-1gb","New eSIM","4.5","1 GB","0","0","Tigo [LTE]","7 days","country"
"Colombia","hartonet-7days-1gb-topup","Top-up","4.5","1 GB","0","0","Tigo [LTE]","7 days","country"
"Costa Rica","hot-telecom-in-7days-1gb","New eSIM","7.5","1 GB","0","0","CLARO [4G]","7 days","country"
"Costa Rica","hot-telecom-in-7days-1gb-topup","Top-up","7.5","1 GB","0","0","CLARO [4G]","7 days","country"
"Costa Rica","hot-telecom-in-15days-2gb","New eSIM","13.5","2 GB","0","0","CLARO [4G]","15 days","country"
"Costa Rica","hot-telecom-in-15days-2gb-topup","Top-up","13.5","2 GB","0","0","CLARO [4G]","15 days","country"
"Costa Rica","hot-telecom-in-30days-3gb","New eSIM","19","3 GB","0","0","CLARO [4G]","30 days","country"
"Costa Rica","hot-telecom-in-30days-3gb-topup","Top-up","19","3 GB","0","0","CLARO [4G]","30 days","country"
"Costa Rica","hot-telecom-in-30days-5gb-topup","Top-up","26.5","5 GB","0","0","CLARO [4G]","30 days","country"
"Costa Rica","hot-telecom-in-30days-5gb","New eSIM","26.5","5 GB","0","0","CLARO [4G]","30 days","country"
"Costa Rica","hot-telecom-in-30days-10gb","New eSIM","34","10 GB","0","0","CLARO [4G]","30 days","country"
"Costa Rica","hot-telecom-in-30days-10gb-topup","Top-up","34","10 GB","0","0","CLARO [4G]","30 days","country"
"Costa Rica","hot-telecom-in-30days-20gb","New eSIM","40.5","20 GB","0","0","CLARO [4G]","30 days","country"
"Costa Rica","hot-telecom-in-30days-20gb-topup","Top-up","40.5","20 GB","0","0","CLARO [4G]","30 days","country"
"Côte d'Ivoire","nouchi-mobile-in-7days-1gb","New eSIM","9","1 GB","0","0","Orange [4G]","7 days","country"
"Côte d'Ivoire","nouchi-mobile-in-7days-1gb-topup","Top-up","9","1 GB","0","0","Orange [4G]","7 days","country"
"Côte d'Ivoire","nouchi-mobile-in-30days-3gb","New eSIM","20.5","3 GB","0","0","Orange [4G]","30 days","country"
"Côte d'Ivoire","nouchi-mobile-in-30days-3gb-topup","Top-up","20.5","3 GB","0","0","Orange [4G]","30 days","country"
"Côte d'Ivoire","nouchi-mobile-in-30days-5gb","New eSIM","32","5 GB","0","0","Orange [4G]","30 days","country"
"Côte d'Ivoire","nouchi-mobile-in-30days-5gb-topup","Top-up","32","5 GB","0","0","Orange [4G]","30 days","country"
"Côte d'Ivoire","nouchi-mobile-in-15days-2gb","New eSIM","15","2 GB","0","0","Orange [4G]","15 days","country"
"Côte d'Ivoire","nouchi-mobile-in-15days-2gb-topup","Top-up","15","2 GB","0","0","Orange [4G]","15 days","country"
"Croatia","cronet-7days-1gb","New eSIM","4","1 GB","0","0","Telemach [5G], A1 [5G]","7 days","country"
"Croatia","cronet-7days-1gb-topup","Top-up","4","1 GB","0","0","Telemach [5G], A1 [5G]","7 days","country"
"Croatia","cronet-15days-2gb","New eSIM","6","2 GB","0","0","Telemach [5G], A1 [5G]","15 days","country"
"Croatia","cronet-15days-2gb-topup","Top-up","6","2 GB","0","0","Telemach [5G], A1 [5G]","15 days","country"
"Croatia","cronet-30days-3gb","New eSIM","7.5","3 GB","0","0","Telemach [5G], A1 [5G]","30 days","country"
"Croatia","cronet-30days-3gb-topup","Top-up","7.5","3 GB","0","0","Telemach [5G], A1 [5G]","30 days","country"
"Croatia","cronet-30days-5gb","New eSIM","10.5","5 GB","0","0","Telemach [5G], A1 [5G]","30 days","country"
"Croatia","cronet-30days-5gb-topup","Top-up","10.5","5 GB","0","0","Telemach [5G], A1 [5G]","30 days","country"
"Croatia","cronet-30days-10gb","New eSIM","17","10 GB","0","0","Telemach [5G], A1 [5G]","30 days","country"
"Croatia","cronet-30days-10gb-topup","Top-up","17","10 GB","0","0","Telemach [5G], A1 [5G]","30 days","country"
"Croatia","cronet-30days-20gb","New eSIM","25.5","20 GB","0","0","Telemach [5G], A1 [5G]","30 days","country"
"Croatia","cronet-30days-20gb-topup","Top-up","25.5","20 GB","0","0","Telemach [5G], A1 [5G]","30 days","country"
"Croatia","cronet-3days-unlimited","New eSIM","9.5","Unlimited","0","0","Telemach [5G], A1 [5G]","3 days","country"
"Croatia","cronet-3days-unlimited-topup","Top-up","9.5","Unlimited","0","0","Telemach [5G], A1 [5G]","3 days","country"
"Croatia","cronet-5days-unlimited","New eSIM","18.5","Unlimited","0","0","Telemach [5G], A1 [5G]","5 days","country"
"Croatia","cronet-5days-unlimited-topup","Top-up","18.5","Unlimited","0","0","Telemach [5G], A1 [5G]","5 days","country"
"Croatia","cronet-7days-unlimited","New eSIM","24.5","Unlimited","0","0","Telemach [5G], A1 [5G]","7 days","country"
"Croatia","cronet-7days-unlimited-topup","Top-up","24.5","Unlimited","0","0","Telemach [5G], A1 [5G]","7 days","country"
"Croatia","cronet-10days-unlimited","New eSIM","28.5","Unlimited","0","0","Telemach [5G], A1 [5G]","10 days","country"
"Croatia","cronet-10days-unlimited-topup","Top-up","28.5","Unlimited","0","0","Telemach [5G], A1 [5G]","10 days","country"
"Croatia","cronet-15days-unlimited","New eSIM","38.5","Unlimited","0","0","Telemach [5G], A1 [5G]","15 days","country"
"Croatia","cronet-15days-unlimited-topup","Top-up","38.5","Unlimited","0","0","Telemach [5G], A1 [5G]","15 days","country"
"Croatia","cronet-30days-unlimited","New eSIM","58.5","Unlimited","0","0","Telemach [5G], A1 [5G]","30 days","country"
"Croatia","cronet-30days-unlimited-topup","Top-up","58.5","Unlimited","0","0","Telemach [5G], A1 [5G]","30 days","country"
"Curaçao","dushi-mobile-in-7days-1gb","New eSIM","8","1 GB","0","0","Digicel [4G]","7 days","country"
"Curaçao","dushi-mobile-in-7days-1gb-topup","Top-up","8","1 GB","0","0","Digicel [4G]","7 days","country"
"Curaçao","dushi-mobile-in-15days-2gb","New eSIM","15","2 GB","0","0","Digicel [4G]","15 days","country"
"Curaçao","dushi-mobile-in-15days-2gb-topup","Top-up","15","2 GB","0","0","Digicel [4G]","15 days","country"
"Curaçao","dushi-mobile-in-30days-3gb","New eSIM","21","3 GB","0","0","Digicel [4G]","30 days","country"
"Curaçao","dushi-mobile-in-30days-3gb-topup","Top-up","21","3 GB","0","0","Digicel [4G]","30 days","country"
"Curaçao","dushi-mobile-in-30days-5gb","New eSIM","32.5","5 GB","0","0","Digicel [4G]","30 days","country"
"Curaçao","dushi-mobile-in-30days-5gb-topup","Top-up","32.5","5 GB","0","0","Digicel [4G]","30 days","country"
"Curaçao","dushi-mobile-in-3days-unlimited","New eSIM","39","Unlimited","0","0","Digicel [4G]","3 days","country"
"Curaçao","dushi-mobile-in-3days-unlimited-topup","Top-up","39","Unlimited","0","0","Digicel [4G]","3 days","country"
"Curaçao","dushi-mobile-in-5days-unlimited","New eSIM","59","Unlimited","0","0","Digicel [4G]","5 days","country"
"Curaçao","dushi-mobile-in-5days-unlimited-topup","Top-up","59","Unlimited","0","0","Digicel [4G]","5 days","country"
"Curaçao","dushi-mobile-in-7days-unlimited","New eSIM","79","Unlimited","0","0","Digicel [4G]","7 days","country"
"Curaçao","dushi-mobile-in-7days-unlimited-topup","Top-up","79","Unlimited","0","0","Digicel [4G]","7 days","country"
"Curaçao","dushi-mobile-in-30days-10gb","New eSIM","49","10 GB","0","0","Digicel [4G]","30 days","country"
"Curaçao","dushi-mobile-in-30days-10gb-topup","Top-up","49","10 GB","0","0","Digicel [4G]","30 days","country"
"Cyprus","dekanet-in-7days-1gb","New eSIM","4","1 GB","0","0","PrimeTel [LTE]","7 days","country"
"Cyprus","dekanet-in-7days-1gb-topup","Top-up","4","1 GB","0","0","PrimeTel [LTE]","7 days","country"
"Cyprus","dekanet-in-15days-2gb","New eSIM","6","2 GB","0","0","PrimeTel [LTE]","15 days","country"
"Cyprus","dekanet-in-15days-2gb-topup","Top-up","6","2 GB","0","0","PrimeTel [LTE]","15 days","country"
"Cyprus","dekanet-in-30days-3gb","New eSIM","7.5","3 GB","0","0","PrimeTel [LTE]","30 days","country"
"Cyprus","dekanet-in-30days-3gb-topup","Top-up","7.5","3 GB","0","0","PrimeTel [LTE]","30 days","country"
"Cyprus","dekanet-in-30days-5gb","New eSIM","9.5","5 GB","0","0","PrimeTel [LTE]","30 days","country"
"Cyprus","dekanet-in-30days-5gb-topup","Top-up","9.5","5 GB","0","0","PrimeTel [LTE]","30 days","country"
"Cyprus","dekanet-in-30days-10gb","New eSIM","16","10 GB","0","0","PrimeTel [LTE]","30 days","country"
"Cyprus","dekanet-in-30days-10gb-topup","Top-up","16","10 GB","0","0","PrimeTel [LTE]","30 days","country"
"Cyprus","dekanet-in-30days-20gb","New eSIM","19","20 GB","0","0","PrimeTel [LTE]","30 days","country"
"Cyprus","dekanet-in-30days-20gb-topup","Top-up","19","20 GB","0","0","PrimeTel [LTE]","30 days","country"
"Cyprus","dekanet-in-3days-unlimited","New eSIM","11.5","Unlimited","0","0","PrimeTel [LTE]","3 days","country"
"Cyprus","dekanet-in-3days-unlimited-topup","Top-up","11.5","Unlimited","0","0","PrimeTel [LTE]","3 days","country"
"Cyprus","dekanet-in-5days-unlimited","New eSIM","18.5","Unlimited","0","0","PrimeTel [LTE]","5 days","country"
"Cyprus","dekanet-in-5days-unlimited-topup","Top-up","18.5","Unlimited","0","0","PrimeTel [LTE]","5 days","country"
"Cyprus","dekanet-in-7days-unlimited","New eSIM","26.5","Unlimited","0","0","PrimeTel [LTE]","7 days","country"
"Cyprus","dekanet-in-7days-unlimited-topup","Top-up","26.5","Unlimited","0","0","PrimeTel [LTE]","7 days","country"
"Cyprus","dekanet-in-10days-unlimited","New eSIM","34.5","Unlimited","0","0","PrimeTel [LTE]","10 days","country"
"Cyprus","dekanet-in-10days-unlimited-topup","Top-up","34.5","Unlimited","0","0","PrimeTel [LTE]","10 days","country"
"Cyprus","dekanet-in-15days-unlimited","New eSIM","48.5","Unlimited","0","0","PrimeTel [LTE]","15 days","country"
"Cyprus","dekanet-in-15days-unlimited-topup","Top-up","48.5","Unlimited","0","0","PrimeTel [LTE]","15 days","country"
"Cyprus","dekanet-in-30days-unlimited","New eSIM","68.5","Unlimited","0","0","PrimeTel [LTE]","30 days","country"
"Cyprus","dekanet-in-30days-unlimited-topup","Top-up","68.5","Unlimited","0","0","PrimeTel [LTE]","30 days","country"
"Czech Republic","prosim-in-7days-1gb","New eSIM","4","1 GB","0","0","O2 [5G], Vodafone [LTE]","7 days","country"
"Czech Republic","prosim-in-7days-1gb-topup","Top-up","4","1 GB","0","0","O2 [5G], Vodafone [LTE]","7 days","country"
"Czech Republic","prosim-in-15days-2gb","New eSIM","5","2 GB","0","0","O2 [5G], Vodafone [LTE]","15 days","country"
"Czech Republic","prosim-in-15days-2gb-topup","Top-up","5","2 GB","0","0","O2 [5G], Vodafone [LTE]","15 days","country"
"Czech Republic","prosim-in-30days-3gb","New eSIM","5","3 GB","0","0","O2 [5G], Vodafone [LTE]","30 days","country"
"Czech Republic","prosim-in-30days-5gb","New eSIM","8","5 GB","0","0","O2 [5G], Vodafone [LTE]","30 days","country"
"Czech Republic","prosim-in-30days-3gb-topup","Top-up","5","3 GB","0","0","O2 [5G], Vodafone [LTE]","30 days","country"
"Czech Republic","prosim-in-30days-10gb","New eSIM","15","10 GB","0","0","O2 [5G], Vodafone [LTE]","30 days","country"
"Czech Republic","prosim-in-30days-5gb-topup","Top-up","8","5 GB","0","0","O2 [5G], Vodafone [LTE]","30 days","country"
"Czech Republic","prosim-in-30days-20gb","New eSIM","24","20 GB","0","0","O2 [5G], Vodafone [LTE]","30 days","country"
"Czech Republic","prosim-in-30days-10gb-topup","Top-up","15","10 GB","0","0","O2 [5G], Vodafone [LTE]","30 days","country"
"Czech Republic","prosim-in-30days-20gb-topup","Top-up","24","20 GB","0","0","O2 [5G], Vodafone [LTE]","30 days","country"
"Czech Republic","prosim-in-3days-unlimited","New eSIM","11.5","Unlimited","0","0","O2 [5G], Vodafone [LTE]","3 days","country"
"Czech Republic","prosim-in-5days-unlimited","New eSIM","18.5","Unlimited","0","0","O2 [5G], Vodafone [LTE]","5 days","country"
"Czech Republic","prosim-in-3days-unlimited-topup","Top-up","11.5","Unlimited","0","0","O2 [5G], Vodafone [LTE]","3 days","country"
"Czech Republic","prosim-in-7days-unlimited","New eSIM","26.5","Unlimited","0","0","O2 [5G], Vodafone [LTE]","7 days","country"
"Czech Republic","prosim-in-5days-unlimited-topup","Top-up","18.5","Unlimited","0","0","O2 [5G], Vodafone [LTE]","5 days","country"
"Czech Republic","prosim-in-10days-unlimited","New eSIM","34","Unlimited","0","0","O2 [5G], Vodafone [LTE]","10 days","country"
"Czech Republic","prosim-in-7days-unlimited-topup","Top-up","26.5","Unlimited","0","0","O2 [5G], Vodafone [LTE]","7 days","country"
"Czech Republic","prosim-in-15days-unlimited","New eSIM","48","Unlimited","0","0","O2 [5G], Vodafone [LTE]","15 days","country"
"Czech Republic","prosim-in-10days-unlimited-topup","Top-up","34","Unlimited","0","0","O2 [5G], Vodafone [LTE]","10 days","country"
"Czech Republic","prosim-in-15days-unlimited-topup","Top-up","48","Unlimited","0","0","O2 [5G], Vodafone [LTE]","15 days","country"
"Czech Republic","prosim-in-30days-unlimited","New eSIM","69","Unlimited","0","0","O2 [5G], Vodafone [LTE]","30 days","country"
"Czech Republic","prosim-in-30days-unlimited-topup","Top-up","69","Unlimited","0","0","O2 [5G], Vodafone [LTE]","30 days","country"
"Democratic Republic Of The Congo","pondu-mobile-in-7days-1gb","New eSIM","7.5","1 GB","0","0","Airtel [4G]","7 days","country"
"Democratic Republic Of The Congo","pondu-mobile-in-7days-1gb-topup","Top-up","7.5","1 GB","0","0","Airtel [4G]","7 days","country"
"Democratic Republic Of The Congo","pondu-mobile-in-15days-2gb","New eSIM","12.5","2 GB","0","0","Airtel [4G]","15 days","country"
"Democratic Republic Of The Congo","pondu-mobile-in-15days-2gb-topup","Top-up","12.5","2 GB","0","0","Airtel [4G]","15 days","country"
"Democratic Republic Of The Congo","pondu-mobile-in-30days-3gb","New eSIM","16.5","3 GB","0","0","Airtel [4G]","30 days","country"
"Democratic Republic Of The Congo","pondu-mobile-in-30days-3gb-topup","Top-up","16.5","3 GB","0","0","Airtel [4G]","30 days","country"
"Democratic Republic Of The Congo","pondu-mobile-in-30days-5gb","New eSIM","25","5 GB","0","0","Airtel [4G]","30 days","country"
"Democratic Republic Of The Congo","pondu-mobile-in-30days-5gb-topup","Top-up","25","5 GB","0","0","Airtel [4G]","30 days","country"
"Democratic Republic Of The Congo","pondu-mobile-in-30days-10gb","New eSIM","45","10 GB","0","0","Airtel [4G]","30 days","country"
"Democratic Republic Of The Congo","pondu-mobile-in-30days-10gb-topup","Top-up","45","10 GB","0","0","Airtel [4G]","30 days","country"
"Denmark","teledansk-in-7days-1gb","New eSIM","4","1 GB","0","0","3 (HI3G DENMARK APS) [5G]","7 days","country"
"Denmark","teledansk-in-7days-1gb-topup","Top-up","4","1 GB","0","0","3 (HI3G DENMARK APS) [5G]","7 days","country"
"Denmark","teledansk-in-15days-2gb","New eSIM","6.5","2 GB","0","0","3 (HI3G DENMARK APS) [5G]","15 days","country"
"Denmark","teledansk-in-15days-2gb-topup","Top-up","6.5","2 GB","0","0","3 (HI3G DENMARK APS) [5G]","15 days","country"
"Denmark","teledansk-in-30days-3gb","New eSIM","8","3 GB","0","0","3 (HI3G DENMARK APS) [5G]","30 days","country"
"Denmark","teledansk-in-30days-3gb-topup","Top-up","8","3 GB","0","0","3 (HI3G DENMARK APS) [5G]","30 days","country"
"Denmark","teledansk-in-30days-5gb","New eSIM","11","5 GB","0","0","3 (HI3G DENMARK APS) [5G]","30 days","country"
"Denmark","teledansk-in-30days-5gb-topup","Top-up","11","5 GB","0","0","3 (HI3G DENMARK APS) [5G]","30 days","country"
"Denmark","teledansk-in-30days-10gb","New eSIM","17.5","10 GB","0","0","3 (HI3G DENMARK APS) [5G]","30 days","country"
"Denmark","teledansk-in-30days-10gb-topup","Top-up","17.5","10 GB","0","0","3 (HI3G DENMARK APS) [5G]","30 days","country"
"Denmark","teledansk-in-30days-20gb","New eSIM","27.5","20 GB","0","0","3 (HI3G DENMARK APS) [5G]","30 days","country"
"Denmark","teledansk-in-30days-20gb-topup","Top-up","27.5","20 GB","0","0","3 (HI3G DENMARK APS) [5G]","30 days","country"
"Denmark","teledansk-in-3days-unlimited","New eSIM","11.5","Unlimited","0","0","3 (HI3G DENMARK APS) [5G]","3 days","country"
"Denmark","teledansk-in-3days-unlimited-topup","Top-up","11.5","Unlimited","0","0","3 (HI3G DENMARK APS) [5G]","3 days","country"
"Denmark","teledansk-in-5days-unlimited","New eSIM","18.5","Unlimited","0","0","3 (HI3G DENMARK APS) [5G]","5 days","country"
"Denmark","teledansk-in-5days-unlimited-topup","Top-up","18.5","Unlimited","0","0","3 (HI3G DENMARK APS) [5G]","5 days","country"
"Denmark","teledansk-in-7days-unlimited","New eSIM","26.5","Unlimited","0","0","3 (HI3G DENMARK APS) [5G]","7 days","country"
"Denmark","teledansk-in-7days-unlimited-topup","Top-up","26.5","Unlimited","0","0","3 (HI3G DENMARK APS) [5G]","7 days","country"
"Denmark","teledansk-in-10days-unlimited","New eSIM","34.5","Unlimited","0","0","3 (HI3G DENMARK APS) [5G]","10 days","country"
"Denmark","teledansk-in-10days-unlimited-topup","Top-up","34.5","Unlimited","0","0","3 (HI3G DENMARK APS) [5G]","10 days","country"
"Denmark","teledansk-in-15days-unlimited","New eSIM","48.5","Unlimited","0","0","3 (HI3G DENMARK APS) [5G]","15 days","country"
"Denmark","teledansk-in-15days-unlimited-topup","Top-up","48.5","Unlimited","0","0","3 (HI3G DENMARK APS) [5G]","15 days","country"
"Denmark","teledansk-in-30days-unlimited","New eSIM","71","Unlimited","0","0","3 (HI3G DENMARK APS) [5G]","30 days","country"
"Denmark","teledansk-in-30days-unlimited-topup","Top-up","71","Unlimited","0","0","3 (HI3G DENMARK APS) [5G]","30 days","country"
"Dominica","vaina-communications-in-7days-1gb","New eSIM","8","1 GB","0","0","Digicel [4G]","7 days","country"
"Dominica","vaina-communications-in-7days-1gb-topup","Top-up","8","1 GB","0","0","Digicel [4G]","7 days","country"
"Dominica","vaina-communications-in-15days-2gb","New eSIM","13","2 GB","0","0","Digicel [4G]","15 days","country"
"Dominica","vaina-communications-in-15days-2gb-topup","Top-up","13","2 GB","0","0","Digicel [4G]","15 days","country"
"Dominica","vaina-communications-in-30days-3gb","New eSIM","17","3 GB","0","0","Digicel [4G]","30 days","country"
"Dominica","vaina-communications-in-30days-3gb-topup","Top-up","17","3 GB","0","0","Digicel [4G]","30 days","country"
"Dominica","vaina-communications-in-30days-5gb","New eSIM","23","5 GB","0","0","Digicel [4G]","30 days","country"
"Dominica","vaina-communications-in-30days-5gb-topup","Top-up","23","5 GB","0","0","Digicel [4G]","30 days","country"
"Dominican Republic","acuntel-in-7days-1gb","New eSIM","6","1 GB","0","0","Altice [4G]","7 days","country"
"Dominican Republic","acuntel-in-7days-1gb-topup","Top-up","6","1 GB","0","0","Altice [4G]","7 days","country"
"Dominican Republic","acuntel-in-15days-2gb","New eSIM","12","2 GB","0","0","Altice [4G]","15 days","country"
"Dominican Republic","acuntel-in-15days-2gb-topup","Top-up","12","2 GB","0","0","Altice [4G]","15 days","country"
"Dominican Republic","acuntel-in-30days-3gb","New eSIM","17","3 GB","0","0","Altice [4G]","30 days","country"
"Dominican Republic","acuntel-in-30days-3gb-topup","Top-up","17","3 GB","0","0","Altice [4G]","30 days","country"
"Dominican Republic","acuntel-in-30days-5gb","New eSIM","26","5 GB","0","0","Altice [4G]","30 days","country"
"Dominican Republic","acuntel-in-30days-5gb-topup","Top-up","26","5 GB","0","0","Altice [4G]","30 days","country"
"Dominican Republic","acuntel-in-30days-10gb","New eSIM","37","10 GB","0","0","Altice [4G]","30 days","country"
"Dominican Republic","acuntel-in-30days-10gb-topup","Top-up","37","10 GB","0","0","Altice [4G]","30 days","country"
"Dominican Republic","acuntel-in-30days-20gb","New eSIM","49","20 GB","0","0","Altice [4G]","30 days","country"
"Dominican Republic","acuntel-in-30days-20gb-topup","Top-up","49","20 GB","0","0","Altice [4G]","30 days","country"
"Dominican Republic","acuntel-in-3days-unlimited","New eSIM","18.5","Unlimited","0","0","Altice [4G]","3 days","country"
"Dominican Republic","acuntel-in-3days-unlimited-topup","Top-up","18.5","Unlimited","0","0","Altice [4G]","3 days","country"
"Dominican Republic","acuntel-in-5days-unlimited","New eSIM","29","Unlimited","0","0","Altice [4G]","5 days","country"
"Dominican Republic","acuntel-in-5days-unlimited-topup","Top-up","29","Unlimited","0","0","Altice [4G]","5 days","country"
"Dominican Republic","acuntel-in-7days-unlimited","New eSIM","37","Unlimited","0","0","Altice [4G]","7 days","country"
"Dominican Republic","acuntel-in-7days-unlimited-topup","Top-up","37","Unlimited","0","0","Altice [4G]","7 days","country"
"Dominican Republic","acuntel-in-10days-unlimited","New eSIM","49","Unlimited","0","0","Altice [4G]","10 days","country"
"Dominican Republic","acuntel-in-10days-unlimited-topup","Top-up","49","Unlimited","0","0","Altice [4G]","10 days","country"
"Dominican Republic","acuntel-in-15days-unlimited","New eSIM","60","Unlimited","0","0","Altice [4G]","15 days","country"
"Dominican Republic","acuntel-in-15days-unlimited-topup","Top-up","60","Unlimited","0","0","Altice [4G]","15 days","country"
"Dominican Republic","acuntel-in-30days-unlimited","New eSIM","97","Unlimited","0","0","Altice [4G]","30 days","country"
"Dominican Republic","acuntel-in-30days-unlimited-topup","Top-up","97","Unlimited","0","0","Altice [4G]","30 days","country"
"Ecuador","bacanet-7days-1gb","New eSIM","5","1 GB","0","0","Otecel [LTE]","7 days","country"
"Ecuador","bacanet-7days-1gb-topup","Top-up","5","1 GB","0","0","Otecel [LTE]","7 days","country"
"Ecuador","bacanet-15days-2gb","New eSIM","10.5","2 GB","0","0","Otecel [LTE]","15 days","country"
"Ecuador","bacanet-15days-2gb-topup","Top-up","10.5","2 GB","0","0","Otecel [LTE]","15 days","country"
"Ecuador","bacanet-30days-3gb","New eSIM","15","3 GB","0","0","Otecel [LTE]","30 days","country"
"Ecuador","bacanet-30days-3gb-topup","Top-up","15","3 GB","0","0","Otecel [LTE]","30 days","country"
"Ecuador","bacanet-30days-5gb","New eSIM","24","5 GB","0","0","Otecel [LTE]","30 days","country"
"Ecuador","bacanet-30days-5gb-topup","Top-up","24","5 GB","0","0","Otecel [LTE]","30 days","country"
"Ecuador","bacanet-30days-10gb","New eSIM","35","10 GB","0","0","Otecel [LTE]","30 days","country"
"Ecuador","bacanet-30days-20gb","New eSIM","49","20 GB","0","0","Otecel [LTE]","30 days","country"
"Ecuador","bacanet-30days-20gb-topup","Top-up","49","20 GB","0","0","Otecel [LTE]","30 days","country"
"Ecuador","bacanet-3days-unlimited","New eSIM","19","Unlimited","0","0","Otecel [LTE]","3 days","country"
"Ecuador","bacanet-3days-unlimited-topup","Top-up","19","Unlimited","0","0","Otecel [LTE]","3 days","country"
"Ecuador","bacanet-5days-unlimited","New eSIM","28","Unlimited","0","0","Otecel [LTE]","5 days","country"
"Ecuador","bacanet-5days-unlimited-topup","Top-up","28","Unlimited","0","0","Otecel [LTE]","5 days","country"
"Ecuador","bacanet-7days-unlimited","New eSIM","35","Unlimited","0","0","Otecel [LTE]","7 days","country"
"Ecuador","bacanet-7days-unlimited-topup","Top-up","35","Unlimited","0","0","Otecel [LTE]","7 days","country"
"Ecuador","bacanet-10days-unlimited","New eSIM","38.5","Unlimited","0","0","Otecel [LTE]","10 days","country"
"Ecuador","bacanet-10days-unlimited-topup","Top-up","38.5","Unlimited","0","0","Otecel [LTE]","10 days","country"
"Ecuador","bacanet-15days-unlimited","New eSIM","52","Unlimited","0","0","Otecel [LTE]","15 days","country"
"Ecuador","bacanet-15days-unlimited-topup","Top-up","52","Unlimited","0","0","Otecel [LTE]","15 days","country"
"Ecuador","bacanet-30days-unlimited","New eSIM","99","Unlimited","0","0","Otecel [LTE]","30 days","country"
"Ecuador","bacanet-30days-unlimited-topup","Top-up","99","Unlimited","0","0","Otecel [LTE]","30 days","country"
"Egypt","giza-mobile-7days-1gb","New eSIM","5.5","1 GB","0","0","Vodafone [4G]","7 days","country"
"Egypt","giza-mobile-7days-1gb-topup","Top-up","5.5","1 GB","0","0","Vodafone [4G]","7 days","country"
"Egypt","giza-mobile-15days-2gb","New eSIM","9.5","2 GB","0","0","Vodafone [4G]","15 days","country"
"Egypt","giza-mobile-15days-2gb-topup","Top-up","9.5","2 GB","0","0","Vodafone [4G]","15 days","country"
"Egypt","giza-mobile-30days-3gb","New eSIM","13","3 GB","0","0","Vodafone [4G]","30 days","country"
"Egypt","giza-mobile-30days-3gb-topup","Top-up","13","3 GB","0","0","Vodafone [4G]","30 days","country"
"Egypt","giza-mobile-30days-5gb","New eSIM","20","5 GB","0","0","Vodafone [4G]","30 days","country"
"Egypt","giza-mobile-30days-5gb-topup","Top-up","20","5 GB","0","0","Vodafone [4G]","30 days","country"
"Egypt","giza-mobile-30days-10gb","New eSIM","33","10 GB","0","0","Vodafone [4G]","30 days","country"
"Egypt","giza-mobile-30days-10gb-topup","Top-up","33","10 GB","0","0","Vodafone [4G]","30 days","country"
"Egypt","giza-mobile-30days-20gb","New eSIM","42","20 GB","0","0","Vodafone [4G]","30 days","country"
"Egypt","giza-mobile-30days-20gb-topup","Top-up","42","20 GB","0","0","Vodafone [4G]","30 days","country"
"Egypt","giza-mobile-3days-unlimited","New eSIM","19.5","Unlimited","0","0","Vodafone [4G]","3 days","country"
"Egypt","giza-mobile-3days-unlimited-topup","Top-up","19.5","Unlimited","0","0","Vodafone [4G]","3 days","country"
"Egypt","giza-mobile-5days-unlimited","New eSIM","28.5","Unlimited","0","0","Vodafone [4G]","5 days","country"
"Egypt","giza-mobile-5days-unlimited-topup","Top-up","28.5","Unlimited","0","0","Vodafone [4G]","5 days","country"
"Egypt","giza-mobile-10days-unlimited","New eSIM","35","Unlimited","0","0","Vodafone [4G]","10 days","country"
"Egypt","giza-mobile-10days-unlimited-topup","Top-up","35","Unlimited","0","0","Vodafone [4G]","10 days","country"
"El Salvador","chivo-in-7days-1gb","New eSIM","5.5","1 GB","0","0","Movistar [4G]","7 days","country"
"El Salvador","chivo-in-7days-1gb-topup","Top-up","5.5","1 GB","0","0","Movistar [4G]","7 days","country"
"El Salvador","chivo-in-15days-2gb","New eSIM","10.5","2 GB","0","0","Movistar [4G]","15 days","country"
"El Salvador","chivo-in-15days-2gb-topup","Top-up","10.5","2 GB","0","0","Movistar [4G]","15 days","country"
"El Salvador","chivo-in-30days-3gb","New eSIM","15","3 GB","0","0","Movistar [4G]","30 days","country"
"El Salvador","chivo-in-30days-3gb-topup","Top-up","15","3 GB","0","0","Movistar [4G]","30 days","country"
"El Salvador","chivo-in-30days-5gb","New eSIM","24","5 GB","0","0","Movistar [4G]","30 days","country"
"El Salvador","chivo-in-30days-5gb-topup","Top-up","24","5 GB","0","0","Movistar [4G]","30 days","country"
"El Salvador","chivo-in-30days-10gb","New eSIM","34","10 GB","0","0","Movistar [4G]","30 days","country"
"El Salvador","chivo-in-30days-10gb-topup","Top-up","34","10 GB","0","0","Movistar [4G]","30 days","country"
"El Salvador","chivo-in-30days-20gb","New eSIM","49","20 GB","0","0","Movistar [4G]","30 days","country"
"El Salvador","chivo-in-30days-20gb-topup","Top-up","49","20 GB","0","0","Movistar [4G]","30 days","country"
"El Salvador","chivo-in-3days-unlimited","New eSIM","19","Unlimited","0","0","Movistar [4G]","3 days","country"
"El Salvador","chivo-in-3days-unlimited-topup","Top-up","19","Unlimited","0","0","Movistar [4G]","3 days","country"
"El Salvador","chivo-in-5days-unlimited","New eSIM","28","Unlimited","0","0","Movistar [4G]","5 days","country"
"El Salvador","chivo-in-5days-unlimited-topup","Top-up","28","Unlimited","0","0","Movistar [4G]","5 days","country"
"El Salvador","chivo-in-7days-unlimited","New eSIM","35","Unlimited","0","0","Movistar [4G]","7 days","country"
"El Salvador","chivo-in-7days-unlimited-topup","Top-up","35","Unlimited","0","0","Movistar [4G]","7 days","country"
"El Salvador","chivo-in-10days-unlimited","New eSIM","38","Unlimited","0","0","Movistar [4G]","10 days","country"
"El Salvador","chivo-in-10days-unlimited-topup","Top-up","38","Unlimited","0","0","Movistar [4G]","10 days","country"
"El Salvador","chivo-in-15days-unlimited","New eSIM","49","Unlimited","0","0","Movistar [4G]","15 days","country"
"El Salvador","chivo-in-15days-unlimited-topup","Top-up","49","Unlimited","0","0","Movistar [4G]","15 days","country"
"El Salvador","chivo-in-30days-unlimited","New eSIM","99","Unlimited","0","0","Movistar [4G]","30 days","country"
"El Salvador","chivo-in-30days-unlimited-topup","Top-up","99","Unlimited","0","0","Movistar [4G]","30 days","country"
"Estonia","estekom-in-30days-5gb","New eSIM","10.5","5 GB","0","0","Elisa Eesti [5G]","30 days","country"
"Estonia","estekom-in-30days-5gb-topup","Top-up","10.5","5 GB","0","0","Elisa Eesti [5G]","30 days","country"
"Estonia","estekom-in-30days-10gb","New eSIM","17.5","10 GB","0","0","Elisa Eesti [5G]","30 days","country"
"Estonia","estekom-in-30days-10gb-topup","Top-up","17.5","10 GB","0","0","Elisa Eesti [5G]","30 days","country"
"Estonia","estekom-in-30days-20gb","New eSIM","27.5","20 GB","0","0","Elisa Eesti [5G]","30 days","country"
"Estonia","estekom-in-30days-20gb-topup","Top-up","27.5","20 GB","0","0","Elisa Eesti [5G]","30 days","country"
"Estonia","estekom-in-7days-1gb","New eSIM","4","1 GB","0","0","Elisa Eesti [5G]","7 days","country"
"Estonia","estekom-in-7days-1gb-topup","Top-up","4","1 GB","0","0","Elisa Eesti [5G]","7 days","country"
"Estonia","estekom-in-15days-2gb","New eSIM","6","2 GB","0","0","Elisa Eesti [5G]","15 days","country"
"Estonia","estekom-in-15days-2gb-topup","Top-up","6","2 GB","0","0","Elisa Eesti [5G]","15 days","country"
"Estonia","estekom-in-30days-3gb","New eSIM","7.5","3 GB","0","0","Elisa Eesti [5G]","30 days","country"
"Estonia","estekom-in-30days-3gb-topup","Top-up","7.5","3 GB","0","0","Elisa Eesti [5G]","30 days","country"
"Estonia","estekom-in-3days-unlimited","New eSIM","11.5","Unlimited","0","0","Elisa Eesti [5G]","3 days","country"
"Estonia","estekom-in-3days-unlimited-topup","Top-up","11.5","Unlimited","0","0","Elisa Eesti [5G]","3 days","country"
"Estonia","estekom-in-5days-unlimited","New eSIM","18","Unlimited","0","0","Elisa Eesti [5G]","5 days","country"
"Estonia","estekom-in-5days-unlimited-topup","Top-up","18","Unlimited","0","0","Elisa Eesti [5G]","5 days","country"
"Estonia","estekom-in-7days-unlimited","New eSIM","26.5","Unlimited","0","0","Elisa Eesti [5G]","7 days","country"
"Estonia","estekom-in-7days-unlimited-topup","Top-up","26.5","Unlimited","0","0","Elisa Eesti [5G]","7 days","country"
"Estonia","estekom-in-10days-unlimited","New eSIM","34","Unlimited","0","0","Elisa Eesti [5G]","10 days","country"
"Estonia","estekom-in-10days-unlimited-topup","Top-up","34","Unlimited","0","0","Elisa Eesti [5G]","10 days","country"
"Estonia","estekom-in-15days-unlimited","New eSIM","48","Unlimited","0","0","Elisa Eesti [5G]","15 days","country"
"Estonia","estekom-in-15days-unlimited-topup","Top-up","48","Unlimited","0","0","Elisa Eesti [5G]","15 days","country"
"Estonia","estekom-in-30days-unlimited-topup","Top-up","69","Unlimited","0","0","Elisa Eesti [5G]","30 days","country"
"Estonia","estekom-in-30days-unlimited","New eSIM","69","Unlimited","0","0","Elisa Eesti [5G]","30 days","country"
"Eswatini","eswaitini-comm-in-7days-1gb","New eSIM","8","1 GB","0","0","MTN [3G]","7 days","country"
"Eswatini","eswaitini-comm-in-7days-1gb-topup","Top-up","8","1 GB","0","0","MTN [3G]","7 days","country"
"Eswatini","eswaitini-comm-in-15days-2gb","New eSIM","14.5","2 GB","0","0","MTN [3G]","15 days","country"
"Eswatini","eswaitini-comm-in-15days-2gb-topup","Top-up","14.5","2 GB","0","0","MTN [3G]","15 days","country"
"Eswatini","eswaitini-comm-in-30days-3gb","New eSIM","20","3 GB","0","0","MTN [3G]","30 days","country"
"Eswatini","eswaitini-comm-in-30days-3gb-topup","Top-up","20","3 GB","0","0","MTN [3G]","30 days","country"
"Ethiopia","simien-in-7days-1gb","New eSIM","12","1 GB","0","0","Safaricom [4G]","7 days","country"
"Ethiopia","simien-in-7days-1gb-topup","Top-up","12","1 GB","0","0","Safaricom [4G]","7 days","country"
"Ethiopia","simien-in-15days-2gb","New eSIM","23","2 GB","0","0","Safaricom [4G]","15 days","country"
"Ethiopia","simien-in-15days-2gb-topup","Top-up","23","2 GB","0","0","Safaricom [4G]","15 days","country"
"Ethiopia","simien-in-30days-3gb","New eSIM","33.5","3 GB","0","0","Safaricom [4G]","30 days","country"
"Ethiopia","simien-in-30days-3gb-topup","Top-up","33.5","3 GB","0","0","Safaricom [4G]","30 days","country"
"Faroe Islands","kallur-digital-7days-1gb","New eSIM","4","1 GB","0","0","FT Samskifti [4G]","7 days","country"
"Faroe Islands","kallur-digital-7days-1gb-topup","Top-up","4","1 GB","0","0","FT Samskifti [4G]","7 days","country"
"Faroe Islands","kallur-digital-15days-2gb","New eSIM","7","2 GB","0","0","FT Samskifti [4G]","15 days","country"
"Faroe Islands","kallur-digital-15days-2gb-topup","Top-up","7","2 GB","0","0","FT Samskifti [4G]","15 days","country"
"Faroe Islands","kallur-digital-30days-3gb","New eSIM","9","3 GB","0","0","FT Samskifti [4G]","30 days","country"
"Faroe Islands","kallur-digital-30days-3gb-topup","Top-up","9","3 GB","0","0","FT Samskifti [4G]","30 days","country"
"Faroe Islands","kallur-digital-30days-5gb","New eSIM","13","5 GB","0","0","FT Samskifti [4G]","30 days","country"
"Faroe Islands","kallur-digital-30days-5gb-topup","Top-up","13","5 GB","0","0","FT Samskifti [4G]","30 days","country"
"Faroe Islands","kallur-digital-30days-10gb","New eSIM","21","10 GB","0","0","FT Samskifti [4G]","30 days","country"
"Faroe Islands","kallur-digital-30days-10gb-topup","Top-up","21","10 GB","0","0","FT Samskifti [4G]","30 days","country"
"Faroe Islands","kallur-digital-30days-20gb","New eSIM","34","20 GB","0","0","FT Samskifti [4G]","30 days","country"
"Faroe Islands","kallur-digital-30days-20gb-topup","Top-up","34","20 GB","0","0","FT Samskifti [4G]","30 days","country"
"Faroe Islands","kallur-digital-in-3days-unlimited","New eSIM","19.5","Unlimited","0","0","FT Samskifti [4G]","3 days","country"
"Faroe Islands","kallur-digital-in-3days-unlimited-topup","Top-up","19.5","Unlimited","0","0","FT Samskifti [4G]","3 days","country"
"Faroe Islands","kallur-digital-in-5days-unlimited","New eSIM","29","Unlimited","0","0","FT Samskifti [4G]","5 days","country"
"Faroe Islands","kallur-digital-in-5days-unlimited-topup","Top-up","29","Unlimited","0","0","FT Samskifti [4G]","5 days","country"
"Faroe Islands","kallur-digital-in-7days-unlimited","New eSIM","39","Unlimited","0","0","FT Samskifti [4G]","7 days","country"
"Faroe Islands","kallur-digital-in-7days-unlimited-topup","Top-up","39","Unlimited","0","0","FT Samskifti [4G]","7 days","country"
"Faroe Islands","kallur-digital-in-10days-unlimited","New eSIM","45.5","Unlimited","0","0","FT Samskifti [4G]","10 days","country"
"Faroe Islands","kallur-digital-in-10days-unlimited-topup","Top-up","45.5","Unlimited","0","0","FT Samskifti [4G]","10 days","country"
"Faroe Islands","kallur-digital-in-15days-unlimited","New eSIM","62","Unlimited","0","0","FT Samskifti [4G]","15 days","country"
"Faroe Islands","kallur-digital-in-15days-unlimited-topup","Top-up","62","Unlimited","0","0","FT Samskifti [4G]","15 days","country"
"Fiji","vinaka-fiji-in-7days-1gb","New eSIM","7.5","1 GB","0","0","Digicel [4G]","7 days","country"
"Fiji","vinaka-fiji-in-7days-1gb-topup","Top-up","7.5","1 GB","0","0","Digicel [4G]","7 days","country"
"Fiji","vinaka-fiji-in-15days-2gb","New eSIM","13.5","2 GB","0","0","Digicel [4G]","15 days","country"
"Fiji","vinaka-fiji-in-15days-2gb-topup","Top-up","13.5","2 GB","0","0","Digicel [4G]","15 days","country"
"Fiji","vinaka-fiji-in-30days-3gb","New eSIM","19","3 GB","0","0","Digicel [4G]","30 days","country"
"Fiji","vinaka-fiji-in-30days-3gb-topup","Top-up","19","3 GB","0","0","Digicel [4G]","30 days","country"
"Fiji","vinaka-fiji-in-30days-5gb","New eSIM","30","5 GB","0","0","Digicel [4G]","30 days","country"
"Fiji","vinaka-fiji-in-30days-5gb-topup","Top-up","30","5 GB","0","0","Digicel [4G]","30 days","country"
"Fiji","vinaka-fiji-in-30days-10gb","New eSIM","49","10 GB","0","0","Digicel [4G]","30 days","country"
"Fiji","vinaka-fiji-in-30days-10gb-topup","Top-up","49","10 GB","0","0","Digicel [4G]","30 days","country"
"Fiji","vinaka-fiji-in-3days-unlimited","New eSIM","27.5","Unlimited","0","0","Digicel [4G]","3 days","country"
"Fiji","vinaka-fiji-in-3days-unlimited-topup","Top-up","27.5","Unlimited","0","0","Digicel [4G]","3 days","country"
"Fiji","vinaka-fiji-in-5days-unlimited","New eSIM","41.5","Unlimited","0","0","Digicel [4G]","5 days","country"
"Fiji","vinaka-fiji-in-5days-unlimited-topup","Top-up","41.5","Unlimited","0","0","Digicel [4G]","5 days","country"
"Fiji","vinaka-fiji-in-7days-unlimited","New eSIM","53","Unlimited","0","0","Digicel [4G]","7 days","country"
"Fiji","vinaka-fiji-in-7days-unlimited-topup","Top-up","53","Unlimited","0","0","Digicel [4G]","7 days","country"
"Fiji","vinaka-fiji-in-10days-unlimited","New eSIM","69","Unlimited","0","0","Digicel [4G]","10 days","country"
"Fiji","vinaka-fiji-in-10days-unlimited-topup","Top-up","69","Unlimited","0","0","Digicel [4G]","10 days","country"
"Fiji","vinaka-fiji-in-15days-unlimited","New eSIM","95","Unlimited","0","0","Digicel [4G]","15 days","country"
"Fiji","vinaka-fiji-in-15days-unlimited-topup","Top-up","95","Unlimited","0","0","Digicel [4G]","15 days","country"
"Finland","fin-comm-in-30days-5gb","New eSIM","10","5 GB","0","0","DNA Ltd [5G]","30 days","country"
"Finland","fin-comm-in-30days-5gb-topup","Top-up","10","5 GB","0","0","DNA Ltd [5G]","30 days","country"
"Finland","fin-comm-in-30days-10gb","New eSIM","15.5","10 GB","0","0","DNA Ltd [5G]","30 days","country"
"Finland","fin-comm-in-30days-10gb-topup","Top-up","15.5","10 GB","0","0","DNA Ltd [5G]","30 days","country"
"Finland","fin-comm-in-30days-20gb","New eSIM","22","20 GB","0","0","DNA Ltd [5G]","30 days","country"
"Finland","fin-comm-in-30days-20gb-topup","Top-up","22","20 GB","0","0","DNA Ltd [5G]","30 days","country"
"Finland","fin-comm-in-7days-1gb","New eSIM","4","1 GB","0","0","DNA Ltd [5G]","7 days","country"
"Finland","fin-comm-in-7days-1gb-topup","Top-up","4","1 GB","0","0","DNA Ltd [5G]","7 days","country"
"Finland","fin-comm-in-15days-2gb","New eSIM","5.5","2 GB","0","0","DNA Ltd [5G]","15 days","country"
"Finland","fin-comm-in-15days-2gb-topup","Top-up","5.5","2 GB","0","0","DNA Ltd [5G]","15 days","country"
"Finland","fin-comm-in-30days-3gb","New eSIM","6.5","3 GB","0","0","DNA Ltd [5G]","30 days","country"
"Finland","fin-comm-in-30days-3gb-topup","Top-up","6.5","3 GB","0","0","DNA Ltd [5G]","30 days","country"
"Finland","fin-comm-in-3days-unlimited","New eSIM","11.5","Unlimited","0","0","DNA Ltd [5G]","3 days","country"
"Finland","fin-comm-in-3days-unlimited-topup","Top-up","11.5","Unlimited","0","0","DNA Ltd [5G]","3 days","country"
"Finland","fin-comm-in-5days-unlimited","New eSIM","18.5","Unlimited","0","0","DNA Ltd [5G]","5 days","country"
"Finland","fin-comm-in-5days-unlimited-topup","Top-up","18.5","Unlimited","0","0","DNA Ltd [5G]","5 days","country"
"Finland","fin-comm-in-7days-unlimited","New eSIM","27","Unlimited","0","0","DNA Ltd [5G]","7 days","country"
"Finland","fin-comm-in-7days-unlimited-topup","Top-up","27","Unlimited","0","0","DNA Ltd [5G]","7 days","country"
"Finland","fin-comm-in-10days-unlimited","New eSIM","34","Unlimited","0","0","DNA Ltd [5G]","10 days","country"
"Finland","fin-comm-in-10days-unlimited-topup","Top-up","34","Unlimited","0","0","DNA Ltd [5G]","10 days","country"
"Finland","fin-comm-in-15days-unlimited","New eSIM","48","Unlimited","0","0","DNA Ltd [5G]","15 days","country"
"Finland","fin-comm-in-15days-unlimited-topup","Top-up","48","Unlimited","0","0","DNA Ltd [5G]","15 days","country"
"Finland","fin-comm-in-30days-unlimited","New eSIM","69","Unlimited","0","0","DNA Ltd [5G]","30 days","country"
"Finland","fin-comm-in-30days-unlimited-topup","Top-up","69","Unlimited","0","0","DNA Ltd [5G]","30 days","country"
"France","elan-in-7days-1gb-topup","Top-up","4","1 GB","0","0","Airalo [5G]","7 days","country"
"France","elan-in-15days-2gb-topup","Top-up","6","2 GB","0","0","Airalo [5G]","15 days","country"
"France","elan-in-30days-3gb-topup","Top-up","7.5","3 GB","0","0","Airalo [5G]","30 days","country"
"France","elan-in-30days-5gb-topup","Top-up","11","5 GB","0","0","Airalo [5G]","30 days","country"
"France","elan-in-30days-10gb-topup","Top-up","17","10 GB","0","0","Airalo [5G]","30 days","country"
"France","elan-in-30days-20gb-topup","Top-up","23","20 GB","0","0","Airalo [5G]","30 days","country"
"France","elan-in-3days-unlimited-topup","Top-up","11","Unlimited","0","0","Airalo [5G]","3 days","country"
"France","elan-in-5days-unlimited-topup","Top-up","17","Unlimited","0","0","Airalo [5G]","5 days","country"
"France","elan-in-7days-unlimited-topup","Top-up","23.5","Unlimited","0","0","Airalo [5G]","7 days","country"
"France","elan-in-10days-unlimited-topup","Top-up","29","Unlimited","0","0","Airalo [5G]","10 days","country"
"France","elan-in-15days-unlimited-topup","Top-up","42","Unlimited","0","0","Airalo [5G]","15 days","country"
"France","elan-in-30days-unlimited-topup","Top-up","59","Unlimited","0","0","Airalo [5G]","30 days","country"
"France","france-in-7days-1gb","New eSIM","4","1 GB","0","0","Bougyues [5G], Orange [5G]","7 days","country"
"France","france-in-7days-1gb-topup","Top-up","4","1 GB","0","0","Bougyues [5G], Orange [5G]","7 days","country"
"France","france-in-15days-2gb","New eSIM","6","2 GB","0","0","Bougyues [5G], Orange [5G]","15 days","country"
"France","france-in-15days-2gb-topup","Top-up","6","2 GB","0","0","Bougyues [5G], Orange [5G]","15 days","country"
"France","france-in-30days-3gb","New eSIM","7.5","3 GB","0","0","Bougyues [5G], Orange [5G]","30 days","country"
"France","france-in-30days-3gb-topup","Top-up","7.5","3 GB","0","0","Bougyues [5G], Orange [5G]","30 days","country"
"France","france-in-30days-5gb","New eSIM","11","5 GB","0","0","Bougyues [5G], Orange [5G]","30 days","country"
"France","france-in-30days-5gb-topup","Top-up","11","5 GB","0","0","Bougyues [5G], Orange [5G]","30 days","country"
"France","france-in-30days-10gb","New eSIM","17","10 GB","0","0","Bougyues [5G], Orange [5G]","30 days","country"
"France","france-in-30days-10gb-topup","Top-up","17","10 GB","0","0","Bougyues [5G], Orange [5G]","30 days","country"
"France","france-in-30days-20gb","New eSIM","23","20 GB","0","0","Bougyues [5G], Orange [5G]","30 days","country"
"France","france-in-30days-20gb-topup","Top-up","23","20 GB","0","0","Bougyues [5G], Orange [5G]","30 days","country"
"France","france-in-3days-unlimited","New eSIM","11","Unlimited","0","0","Bougyues [5G], Orange [5G]","3 days","country"
"France","france-in-3days-unlimited-topup","Top-up","11","Unlimited","0","0","Bougyues [5G], Orange [5G]","3 days","country"
"France","france-in-5days-unlimited","New eSIM","17","Unlimited","0","0","Bougyues [5G], Orange [5G]","5 days","country"
"France","france-in-5days-unlimited-topup","Top-up","17","Unlimited","0","0","Bougyues [5G], Orange [5G]","5 days","country"
"France","france-in-7days-unlimited","New eSIM","23.5","Unlimited","0","0","Bougyues [5G], Orange [5G]","7 days","country"
"France","france-in-7days-unlimited-topup","Top-up","23.5","Unlimited","0","0","Bougyues [5G], Orange [5G]","7 days","country"
"France","france-in-10days-unlimited","New eSIM","29","Unlimited","0","0","Bougyues [5G], Orange [5G]","10 days","country"
"France","france-in-10days-unlimited-topup","Top-up","29","Unlimited","0","0","Bougyues [5G], Orange [5G]","10 days","country"
"France","france-in-15days-unlimited","New eSIM","42","Unlimited","0","0","Bougyues [5G], Orange [5G]","15 days","country"
"France","france-in-30days-unlimited-topup","Top-up","59","Unlimited","0","0","Bougyues [5G], Orange [5G]","30 days","country"
"France","france-in-15days-unlimited-topup","Top-up","42","Unlimited","0","0","Bougyues [5G], Orange [5G]","15 days","country"
"France","france-in-30days-unlimited","New eSIM","59","Unlimited","0","0","Bougyues [5G], Orange [5G]","30 days","country"
"French Guiana","kawcom-in-30days-5gb","New eSIM","13","5 GB","0","0","Digicel [4G]","30 days","country"
"French Guiana","kawcom-in-30days-5gb-topup","Top-up","13","5 GB","0","0","Digicel [4G]","30 days","country"
"French Guiana","kawcom-in-30days-10gb","New eSIM","22","10 GB","0","0","Digicel [4G]","30 days","country"
"French Guiana","kawcom-in-30days-10gb-topup","Top-up","22","10 GB","0","0","Digicel [4G]","30 days","country"
"French Guiana","kawcom-in-30days-20gb","New eSIM","36","20 GB","0","0","Digicel [4G]","30 days","country"
"French Guiana","kawcom-in-30days-20gb-topup","Top-up","36","20 GB","0","0","Digicel [4G]","30 days","country"
"French Guiana","kawcom-in-7days-1gb","New eSIM","4","1 GB","0","0","Digicel [4G]","7 days","country"
"French Guiana","kawcom-in-7days-1gb-topup","Top-up","4","1 GB","0","0","Digicel [4G]","7 days","country"
"French Guiana","kawcom-in-15days-2gb","New eSIM","7","2 GB","0","0","Digicel [4G]","15 days","country"
"French Guiana","kawcom-in-15days-2gb-topup","Top-up","7","2 GB","0","0","Digicel [4G]","15 days","country"
"French Guiana","kawcom-in-30days-3gb","New eSIM","9","3 GB","0","0","Digicel [4G]","30 days","country"
"French Guiana","kawcom-in-30days-3gb-topup","Top-up","9","3 GB","0","0","Digicel [4G]","30 days","country"
"French Guiana","kawcom-in-3days-unlimited","New eSIM","11.5","Unlimited","0","0","Digicel [4G]","3 days","country"
"French Guiana","kawcom-in-3days-unlimited-topup","Top-up","11.5","Unlimited","0","0","Digicel [4G]","3 days","country"
"French Guiana","kawcom-in-5days-unlimited","New eSIM","19.5","Unlimited","0","0","Digicel [4G]","5 days","country"
"French Guiana","kawcom-in-5days-unlimited-topup","Top-up","19.5","Unlimited","0","0","Digicel [4G]","5 days","country"
"French Guiana","kawcom-in-7days-unlimited","New eSIM","27","Unlimited","0","0","Digicel [4G]","7 days","country"
"French Guiana","kawcom-in-7days-unlimited-topup","Top-up","27","Unlimited","0","0","Digicel [4G]","7 days","country"
"French Guiana","kawcom-in-10days-unlimited","New eSIM","35","Unlimited","0","0","Digicel [4G]","10 days","country"
"French Guiana","kawcom-in-10days-unlimited-topup","Top-up","35","Unlimited","0","0","Digicel [4G]","10 days","country"
"French Guiana","kawcom-in-15days-unlimited","New eSIM","49","Unlimited","0","0","Digicel [4G]","15 days","country"
"French Guiana","kawcom-in-15days-unlimited-topup","Top-up","49","Unlimited","0","0","Digicel [4G]","15 days","country"
"French Guiana","kawcom-in-30days-unlimited","New eSIM","72.5","Unlimited","0","0","Digicel [4G]","30 days","country"
"French Guiana","kawcom-in-30days-unlimited-topup","Top-up","72.5","Unlimited","0","0","Digicel [4G]","30 days","country"
"Gabon","libreville-7days-1gb","New eSIM","6","1 GB","0","0","Gabon Telecom [4G]","7 days","country"
"Gabon","libreville-7days-1gb-topup","Top-up","6","1 GB","0","0","Gabon Telecom [4G]","7 days","country"
"Gabon","libreville-15days-2gb","New eSIM","11","2 GB","0","0","Gabon Telecom [4G]","15 days","country"
"Gabon","libreville-15days-2gb-topup","Top-up","11","2 GB","0","0","Gabon Telecom [4G]","15 days","country"
"Gabon","libreville-30days-3gb","New eSIM","15","3 GB","0","0","Gabon Telecom [4G]","30 days","country"
"Gabon","libreville-30days-3gb-topup","Top-up","15","3 GB","0","0","Gabon Telecom [4G]","30 days","country"
"Gabon","libreville-30days-5gb","New eSIM","25","5 GB","0","0","Gabon Telecom [4G]","30 days","country"
"Gabon","libreville-30days-5gb-topup","Top-up","25","5 GB","0","0","Gabon Telecom [4G]","30 days","country"
"Gabon","libreville-30days-10gb","New eSIM","35","10 GB","0","0","Gabon Telecom [4G]","30 days","country"
"Gabon","libreville-30days-10gb-topup","Top-up","35","10 GB","0","0","Gabon Telecom [4G]","30 days","country"
"Gabon","libreville-10days-unlimited","New eSIM","46","Unlimited","0","0","Gabon Telecom [4G]","10 days","country"
"Gabon","libreville-10days-unlimited-topup","Top-up","46","Unlimited","0","0","Gabon Telecom [4G]","10 days","country"
"Gambia","wassu-telecom-in-7days-1gb","New eSIM","9.5","1 GB","0","0","Comium Gambia [4G]","7 days","country"
"Gambia","wassu-telecom-in-7days-1gb-topup","Top-up","9.5","1 GB","0","0","Comium Gambia [4G]","7 days","country"
"Gambia","wassu-telecom-in-15days-2gb","New eSIM","18","2 GB","0","0","Comium Gambia [4G]","15 days","country"
"Gambia","wassu-telecom-in-15days-2gb-topup","Top-up","18","2 GB","0","0","Comium Gambia [4G]","15 days","country"
"Gambia","wassu-telecom-in-30days-3gb","New eSIM","26","3 GB","0","0","Comium Gambia [4G]","30 days","country"
"Gambia","wassu-telecom-in-30days-3gb-topup","Top-up","26","3 GB","0","0","Comium Gambia [4G]","30 days","country"
"Gambia","wassu-telecom-in-30days-5gb","New eSIM","44","5 GB","0","0","Comium Gambia [4G]","30 days","country"
"Gambia","wassu-telecom-in-30days-5gb-topup","Top-up","44","5 GB","0","0","Comium Gambia [4G]","30 days","country"
"Georgia","kargi-mobile-in-7days-1gb","New eSIM","4.5","1 GB","0","0","Cellfie [4G]","7 days","country"
"Georgia","kargi-mobile-in-7days-1gb-topup","Top-up","4.5","1 GB","0","0","Cellfie [4G]","7 days","country"
"Georgia","kargi-mobile-in-15days-2gb","New eSIM","8","2 GB","0","0","Cellfie [4G]","15 days","country"
"Georgia","kargi-mobile-in-15days-2gb-topup","Top-up","8","2 GB","0","0","Cellfie [4G]","15 days","country"
"Georgia","kargi-mobile-in-30days-3gb","New eSIM","11","3 GB","0","0","Cellfie [4G]","30 days","country"
"Georgia","kargi-mobile-in-30days-3gb-topup","Top-up","11","3 GB","0","0","Cellfie [4G]","30 days","country"
"Georgia","kargi-mobile-in-30days-5gb","New eSIM","17","5 GB","0","0","Cellfie [4G]","30 days","country"
"Georgia","kargi-mobile-in-30days-5gb-topup","Top-up","17","5 GB","0","0","Cellfie [4G]","30 days","country"
"Georgia","kargi-mobile-in-30days-10gb","New eSIM","28.5","10 GB","0","0","Cellfie [4G]","30 days","country"
"Georgia","kargi-mobile-in-30days-10gb-topup","Top-up","28.5","10 GB","0","0","Cellfie [4G]","30 days","country"
"Georgia","kargi-mobile-in-30days-20gb","New eSIM","36.5","20 GB","0","0","Cellfie [4G]","30 days","country"
"Georgia","kargi-mobile-in-30days-20gb-topup","Top-up","36.5","20 GB","0","0","Cellfie [4G]","30 days","country"
"Germany","hallo-mobil-7days-1gb","New eSIM","4","1 GB","0","0","O2 [5G], Eplus [5G]","7 days","country"
"Germany","hallo-mobil-7days-1gb-topup","Top-up","4","1 GB","0","0","O2 [5G], Eplus [5G]","7 days","country"
"Germany","hallo-mobil-15days-2gb","New eSIM","6.5","2 GB","0","0","O2 [5G], Eplus [5G]","15 days","country"
"Germany","hallo-mobil-15days-2gb-topup","Top-up","6.5","2 GB","0","0","O2 [5G], Eplus [5G]","15 days","country"
"Germany","hallo-mobil-30days-3gb-topup","Top-up","8","3 GB","0","0","O2 [5G], Eplus [5G]","30 days","country"
"Germany","hallo-mobil-30days-3gb","New eSIM","8","3 GB","0","0","O2 [5G], Eplus [5G]","30 days","country"
"Germany","hallo-mobil-30days-5gb-topup","Top-up","11","5 GB","0","0","O2 [5G], Eplus [5G]","30 days","country"
"Germany","hallo-mobil-30days-5gb","New eSIM","11","5 GB","0","0","O2 [5G], Eplus [5G]","30 days","country"
"Germany","hallo-mobil-30days-10gb-topup","Top-up","16","10 GB","0","0","O2 [5G], Eplus [5G]","30 days","country"
"Germany","hallo-mobil-30days-10gb","New eSIM","16","10 GB","0","0","O2 [5G], Eplus [5G]","30 days","country"
"Germany","hallo-mobil-30days-20gb-topup","Top-up","23","20 GB","0","0","O2 [5G], Eplus [5G]","30 days","country"
"Germany","hallo-mobil-30days-20gb","New eSIM","23","20 GB","0","0","O2 [5G], Eplus [5G]","30 days","country"
"Germany","hallomobil-3days-unlimited","New eSIM","11","Unlimited","0","0","O2 [5G], Eplus [5G]","3 days","country"
"Germany","hallomobil-3days-unlimited-topup","Top-up","11","Unlimited","0","0","O2 [5G], Eplus [5G]","3 days","country"
"Germany","hallomobil-5days-unlimited","New eSIM","18","Unlimited","0","0","O2 [5G], Eplus [5G]","5 days","country"
"Germany","hallomobil-5days-unlimited-topup","Top-up","18","Unlimited","0","0","O2 [5G], Eplus [5G]","5 days","country"
"Germany","hallomobil-7days-unlimited","New eSIM","24","Unlimited","0","0","O2 [5G], Eplus [5G]","7 days","country"
"Germany","hallomobil-7days-unlimited-topup","Top-up","24","Unlimited","0","0","O2 [5G], Eplus [5G]","7 days","country"
"Germany","hallomobil-10days-unlimited","New eSIM","30","Unlimited","0","0","O2 [5G], Eplus [5G]","10 days","country"
"Germany","hallomobil-10days-unlimited-topup","Top-up","30","Unlimited","0","0","O2 [5G], Eplus [5G]","10 days","country"
"Germany","hallomobil-15days-unlimited","New eSIM","42","Unlimited","0","0","O2 [5G], Eplus [5G]","15 days","country"
"Germany","hallomobil-15days-unlimited-topup","Top-up","42","Unlimited","0","0","O2 [5G], Eplus [5G]","15 days","country"
"Germany","hallomobil-30days-unlimited","New eSIM","59","Unlimited","0","0","O2 [5G], Eplus [5G]","30 days","country"
"Germany","hallomobil-30days-unlimited-topup","Top-up","59","Unlimited","0","0","O2 [5G], Eplus [5G]","30 days","country"
"Ghana","fifi-mobile-7days-1gb","New eSIM","4.5","1 GB","0","0","AT(AirtelTigo) [LTE]","7 days","country"
"Ghana","fifi-mobile-7days-1gb-topup","Top-up","4.5","1 GB","0","0","AT(AirtelTigo) [LTE]","7 days","country"
"Ghana","fifi-mobile-15days-2gb","New eSIM","8","2 GB","0","0","AT(AirtelTigo) [LTE]","15 days","country"
"Ghana","fifi-mobile-15days-2gb-topup","Top-up","8","2 GB","0","0","AT(AirtelTigo) [LTE]","15 days","country"
"Ghana","fifi-mobile-30days-3gb","New eSIM","11","3 GB","0","0","AT(AirtelTigo) [LTE]","30 days","country"
"Ghana","fifi-mobile-30days-3gb-topup","Top-up","11","3 GB","0","0","AT(AirtelTigo) [LTE]","30 days","country"
"Ghana","fifi-mobile-30days-5gb","New eSIM","16.5","5 GB","0","0","AT(AirtelTigo) [LTE]","30 days","country"
"Ghana","fifi-mobile-30days-5gb-topup","Top-up","16.5","5 GB","0","0","AT(AirtelTigo) [LTE]","30 days","country"
"Ghana","fifi-mobile-30days-10gb","New eSIM","29","10 GB","0","0","AT(AirtelTigo) [LTE]","30 days","country"
"Ghana","fifi-mobile-30days-10gb-topup","Top-up","29","10 GB","0","0","AT(AirtelTigo) [LTE]","30 days","country"
"Ghana","fifi-mobile-30days-20gb","New eSIM","49","20 GB","0","0","AT(AirtelTigo) [LTE]","30 days","country"
"Ghana","fifi-mobile-30days-20gb-topup","Top-up","49","20 GB","0","0","AT(AirtelTigo) [LTE]","30 days","country"
"Gibraltar","gibnet-in-7days-1gb","New eSIM","4","1 GB","0","0","Gibtelecom [4G]","7 days","country"
"Gibraltar","gibnet-in-7days-1gb-topup","Top-up","4","1 GB","0","0","Gibtelecom [4G]","7 days","country"
"Gibraltar","gibnet-in-15days-2gb","New eSIM","7","2 GB","0","0","Gibtelecom [4G]","15 days","country"
"Gibraltar","gibnet-in-15days-2gb-topup","Top-up","7","2 GB","0","0","Gibtelecom [4G]","15 days","country"
"Gibraltar","gibnet-in-30days-3gb","New eSIM","9","3 GB","0","0","Gibtelecom [4G]","30 days","country"
"Gibraltar","gibnet-in-30days-3gb-topup","Top-up","9","3 GB","0","0","Gibtelecom [4G]","30 days","country"
"Gibraltar","gibnet-in-30days-5gb","New eSIM","14.5","5 GB","0","0","Gibtelecom [4G]","30 days","country"
"Gibraltar","gibnet-in-30days-5gb-topup","Top-up","14.5","5 GB","0","0","Gibtelecom [4G]","30 days","country"
"Gibraltar","gibnet-in-30days-10gb","New eSIM","24.5","10 GB","0","0","Gibtelecom [4G]","30 days","country"
"Gibraltar","gibnet-in-30days-10gb-topup","Top-up","24.5","10 GB","0","0","Gibtelecom [4G]","30 days","country"
"Gibraltar","gibnet-in-30days-20gb","New eSIM","37","20 GB","0","0","Gibtelecom [4G]","30 days","country"
"Gibraltar","gibnet-in-30days-20gb-topup","Top-up","37","20 GB","0","0","Gibtelecom [4G]","30 days","country"
"Gibraltar","gibnet-in-3days-unlimited","New eSIM","11.5","Unlimited","0","0","Gibtelecom [4G]","3 days","country"
"Gibraltar","gibnet-in-3days-unlimited-topup","Top-up","11.5","Unlimited","0","0","Gibtelecom [4G]","3 days","country"
"Gibraltar","gibnet-in-5days-unlimited","New eSIM","19.5","Unlimited","0","0","Gibtelecom [4G]","5 days","country"
"Gibraltar","gibnet-in-5days-unlimited-topup","Top-up","19.5","Unlimited","0","0","Gibtelecom [4G]","5 days","country"
"Gibraltar","gibnet-in-7days-unlimited","New eSIM","27","Unlimited","0","0","Gibtelecom [4G]","7 days","country"
"Gibraltar","gibnet-in-7days-unlimited-topup","Top-up","27","Unlimited","0","0","Gibtelecom [4G]","7 days","country"
"Gibraltar","gibnet-in-10days-unlimited","New eSIM","35","Unlimited","0","0","Gibtelecom [4G]","10 days","country"
"Gibraltar","gibnet-in-10days-unlimited-topup","Top-up","35","Unlimited","0","0","Gibtelecom [4G]","10 days","country"
"Gibraltar","gibnet-in-15days-unlimited","New eSIM","49","Unlimited","0","0","Gibtelecom [4G]","15 days","country"
"Gibraltar","gibnet-in-15days-unlimited-topup","Top-up","49","Unlimited","0","0","Gibtelecom [4G]","15 days","country"
"Greece","meraki-mobile-in-7days-1gb-topup","Top-up","4","1 GB","0","0","Nova [5G], Vodafone [4G]","7 days","country"
"Greece","meraki-mobile-in-7days-1gb","New eSIM","4","1 GB","0","0","Nova [5G], Vodafone [4G]","7 days","country"
"Greece","meraki-mobile-in-15days-2gb-topup","Top-up","7","2 GB","0","0","Nova [5G], Vodafone [4G]","15 days","country"
"Greece","meraki-mobile-in-15days-2gb","New eSIM","7","2 GB","0","0","Nova [5G], Vodafone [4G]","15 days","country"
"Greece","meraki-mobile-in-30days-3gb","New eSIM","9","3 GB","0","0","Nova [5G], Vodafone [4G]","30 days","country"
"Greece","meraki-mobile-in-30days-3gb-topup","Top-up","9","3 GB","0","0","Nova [5G], Vodafone [4G]","30 days","country"
"Greece","meraki-mobile-in-30days-5gb-topup","Top-up","12","5 GB","0","0","Nova [5G], Vodafone [4G]","30 days","country"
"Greece","meraki-mobile-in-30days-5gb","New eSIM","12","5 GB","0","0","Nova [5G], Vodafone [4G]","30 days","country"
"Greece","meraki-mobile-in-30days-10gb","New eSIM","20","10 GB","0","0","Nova [5G], Vodafone [4G]","30 days","country"
"Greece","meraki-mobile-in-30days-10gb-topup","Top-up","20","10 GB","0","0","Nova [5G], Vodafone [4G]","30 days","country"
"Greece","meraki-mobile-in-30days-20gb","New eSIM","35.5","20 GB","0","0","Nova [5G], Vodafone [4G]","30 days","country"
"Greece","meraki-mobile-in-30days-20gb-topup","Top-up","35.5","20 GB","0","0","Nova [5G], Vodafone [4G]","30 days","country"
"Greece","merakimobile-3days-unlimited","New eSIM","11.5","Unlimited","0","0","Nova [5G], Vodafone [4G]","3 days","country"
"Greece","merakimobile-3days-unlimited-topup","Top-up","11.5","Unlimited","0","0","Nova [5G], Vodafone [4G]","3 days","country"
"Greece","merakimobile-5days-unlimited","New eSIM","19","Unlimited","0","0","Nova [5G], Vodafone [4G]","5 days","country"
"Greece","merakimobile-5days-unlimited-topup","Top-up","19","Unlimited","0","0","Nova [5G], Vodafone [4G]","5 days","country"
"Greece","merakimobile-7days-unlimited","New eSIM","27","Unlimited","0","0","Nova [5G], Vodafone [4G]","7 days","country"
"Greece","merakimobile-7days-unlimited-topup","Top-up","27","Unlimited","0","0","Nova [5G], Vodafone [4G]","7 days","country"
"Greece","merakimobile-10days-unlimited","New eSIM","34","Unlimited","0","0","Nova [5G], Vodafone [4G]","10 days","country"
"Greece","merakimobile-10days-unlimited-topup","Top-up","34","Unlimited","0","0","Nova [5G], Vodafone [4G]","10 days","country"
"Greece","merakimobile-15days-unlimited","New eSIM","48","Unlimited","0","0","Nova [5G], Vodafone [4G]","15 days","country"
"Greece","merakimobile-15days-unlimited-topup","Top-up","48","Unlimited","0","0","Nova [5G], Vodafone [4G]","15 days","country"
"Greece","merakimobile-30days-unlimited","New eSIM","69","Unlimited","0","0","Nova [5G], Vodafone [4G]","30 days","country"
"Greece","merakimobile-30days-unlimited-topup","Top-up","69","Unlimited","0","0","Nova [5G], Vodafone [4G]","30 days","country"
"Greenland","nuuk-mobile-in-7days-1gb","New eSIM","7","1 GB","0","0","TELE Greenland [4G]","7 days","country"
"Greenland","nuuk-mobile-in-7days-1gb-topup","Top-up","7","1 GB","0","0","TELE Greenland [4G]","7 days","country"
"Greenland","nuuk-mobile-in-15days-2gb","New eSIM","10.5","2 GB","0","0","TELE Greenland [4G]","15 days","country"
"Greenland","nuuk-mobile-in-15days-2gb-topup","Top-up","10.5","2 GB","0","0","TELE Greenland [4G]","15 days","country"
"Greenland","nuuk-mobile-in-30days-3gb","New eSIM","13","3 GB","0","0","TELE Greenland [4G]","30 days","country"
"Greenland","nuuk-mobile-in-30days-3gb-topup","Top-up","13","3 GB","0","0","TELE Greenland [4G]","30 days","country"
"Greenland","nuuk-mobile-in-10days-unlimited","New eSIM","59","Unlimited","0","0","TELE Greenland [4G]","10 days","country"
"Greenland","nuuk-mobile-in-10days-unlimited-topup","Top-up","59","Unlimited","0","0","TELE Greenland [4G]","10 days","country"
"Grenada","fortnet-in-7days-1gb","New eSIM","8","1 GB","0","0","Digicel [4G]","7 days","country"
"Grenada","fortnet-in-7days-1gb-topup","Top-up","8","1 GB","0","0","Digicel [4G]","7 days","country"
"Grenada","fortnet-in-15days-2gb","New eSIM","13","2 GB","0","0","Digicel [4G]","15 days","country"
"Grenada","fortnet-in-15days-2gb-topup","Top-up","13","2 GB","0","0","Digicel [4G]","15 days","country"
"Grenada","fortnet-in-30days-3gb","New eSIM","17","3 GB","0","0","Digicel [4G]","30 days","country"
"Grenada","fortnet-in-30days-3gb-topup","Top-up","17","3 GB","0","0","Digicel [4G]","30 days","country"
"Grenada","fortnet-in-30days-5gb","New eSIM","23","5 GB","0","0","Digicel [4G]","30 days","country"
"Grenada","fortnet-in-30days-5gb-topup","Top-up","23","5 GB","0","0","Digicel [4G]","30 days","country"
"Guadeloupe","guanet-in-7days-1gb","New eSIM","4","1 GB","0","0","Digicel [4G]","7 days","country"
"Guadeloupe","guanet-in-7days-1gb-topup","Top-up","4","1 GB","0","0","Digicel [4G]","7 days","country"
"Guadeloupe","guanet-in-15days-2gb","New eSIM","7","2 GB","0","0","Digicel [4G]","15 days","country"
"Guadeloupe","guanet-in-15days-2gb-topup","Top-up","7","2 GB","0","0","Digicel [4G]","15 days","country"
"Guadeloupe","guanet-in-30days-3gb","New eSIM","9","3 GB","0","0","Digicel [4G]","30 days","country"
"Guadeloupe","guanet-in-30days-3gb-topup","Top-up","9","3 GB","0","0","Digicel [4G]","30 days","country"
"Guadeloupe","guanet-in-30days-5gb","New eSIM","13.5","5 GB","0","0","Digicel [4G]","30 days","country"
"Guadeloupe","guanet-in-30days-5gb-topup","Top-up","13.5","5 GB","0","0","Digicel [4G]","30 days","country"
"Guadeloupe","guanet-in-30days-10gb","New eSIM","23.5","10 GB","0","0","Digicel [4G]","30 days","country"
"Guadeloupe","guanet-in-30days-10gb-topup","Top-up","23.5","10 GB","0","0","Digicel [4G]","30 days","country"
"Guadeloupe","guanet-in-30days-20gb","New eSIM","37","20 GB","0","0","Digicel [4G]","30 days","country"
"Guadeloupe","guanet-in-30days-20gb-topup","Top-up","37","20 GB","0","0","Digicel [4G]","30 days","country"
"Guadeloupe","guanet-in-3days-unlimited","New eSIM","11.5","Unlimited","0","0","Digicel [4G]","3 days","country"
"Guadeloupe","guanet-in-3days-unlimited-topup","Top-up","11.5","Unlimited","0","0","Digicel [4G]","3 days","country"
"Guadeloupe","guanet-in-5days-unlimited","New eSIM","19.5","Unlimited","0","0","Digicel [4G]","5 days","country"
"Guadeloupe","guanet-in-5days-unlimited-topup","Top-up","19.5","Unlimited","0","0","Digicel [4G]","5 days","country"
"Guadeloupe","guanet-in-7days-unlimited","New eSIM","27","Unlimited","0","0","Digicel [4G]","7 days","country"
"Guadeloupe","guanet-in-7days-unlimited-topup","Top-up","27","Unlimited","0","0","Digicel [4G]","7 days","country"
"Guadeloupe","guanet-in-10days-unlimited","New eSIM","35","Unlimited","0","0","Digicel [4G]","10 days","country"
"Guadeloupe","guanet-in-10days-unlimited-topup","Top-up","35","Unlimited","0","0","Digicel [4G]","10 days","country"
"Guadeloupe","guanet-in-15days-unlimited","New eSIM","49","Unlimited","0","0","Digicel [4G]","15 days","country"
"Guadeloupe","guanet-in-15days-unlimited-topup","Top-up","49","Unlimited","0","0","Digicel [4G]","15 days","country"
"Guadeloupe","guanet-in-30days-unlimited","New eSIM","73.5","Unlimited","0","0","Digicel [4G]","30 days","country"
"Guadeloupe","guanet-in-30days-unlimited-topup","Top-up","73.5","Unlimited","0","0","Digicel [4G]","30 days","country"
"Guam","hafa-adai-3days-unlimited","New eSIM","8","Unlimited","0","0","GTA [4G]","3 days","country"
"Guam","hafa-adai-7days-unlimited","New eSIM","18","Unlimited","0","0","GTA [4G]","7 days","country"
"Guam","hafa-adai-10days-unlimited","New eSIM","25","Unlimited","0","0","GTA [4G]","10 days","country"
"Guam","hafa-adai-15days-unlimited","New eSIM","35","Unlimited","0","0","GTA [4G]","15 days","country"
"Guam","hafa-adai-30days-unlimited","New eSIM","62","Unlimited","0","0","GTA [4G]","30 days","country"
"Guatemala","tikal-7days-1gb-topup","Top-up","5","1 GB","0","0","Tigo [5G], Claro [4G]","7 days","country"
"Guatemala","tikal-7days-1gb","New eSIM","5","1 GB","0","0","Tigo [5G], Claro [4G]","7 days","country"
"Guatemala","tikal-15days-2gb","New eSIM","10","2 GB","0","0","Tigo [5G], Claro [4G]","15 days","country"
"Guatemala","tikal-15days-2gb-topup","Top-up","10","2 GB","0","0","Tigo [5G], Claro [4G]","15 days","country"
"Guatemala","tikal-30days-3gb-topup","Top-up","14","3 GB","0","0","Tigo [5G], Claro [4G]","30 days","country"
"Guatemala","tikal-30days-3gb","New eSIM","14","3 GB","0","0","Tigo [5G], Claro [4G]","30 days","country"
"Guatemala","tikal-30days-5gb-topup","Top-up","22","5 GB","0","0","Tigo [5G], Claro [4G]","30 days","country"
"Guatemala","tikal-30days-5gb","New eSIM","22","5 GB","0","0","Tigo [5G], Claro [4G]","30 days","country"
"Guatemala","tikal-30days-10gb-topup","Top-up","35","10 GB","0","0","Tigo [5G], Claro [4G]","30 days","country"
"Guatemala","tikal-30days-10gb","New eSIM","35","10 GB","0","0","Tigo [5G], Claro [4G]","30 days","country"
"Guatemala","tikal-30days-20gb-topup","Top-up","46","20 GB","0","0","Tigo [5G], Claro [4G]","30 days","country"
"Guatemala","tikal-30days-20gb","New eSIM","46","20 GB","0","0","Tigo [5G], Claro [4G]","30 days","country"
"Guatemala","tikalmobile-3days-unlimited","New eSIM","19.5","Unlimited","0","0","Tigo [5G], Claro [4G]","3 days","country"
"Guatemala","tikalmobile-3days-unlimited-topup","Top-up","19.5","Unlimited","0","0","Tigo [5G], Claro [4G]","3 days","country"
"Guatemala","tikalmobile-5days-unlimited","New eSIM","31","Unlimited","0","0","Tigo [5G], Claro [4G]","5 days","country"
"Guatemala","tikalmobile-5days-unlimited-topup","Top-up","31","Unlimited","0","0","Tigo [5G], Claro [4G]","5 days","country"
"Guatemala","tikalmobile-7days-unlimited","New eSIM","39","Unlimited","0","0","Tigo [5G], Claro [4G]","7 days","country"
"Guatemala","tikalmobile-7days-unlimited-topup","Top-up","39","Unlimited","0","0","Tigo [5G], Claro [4G]","7 days","country"
"Guatemala","tikalmobile-10days-unlimited","New eSIM","46.5","Unlimited","0","0","Tigo [5G], Claro [4G]","10 days","country"
"Guatemala","tikalmobile-10days-unlimited-topup","Top-up","46.5","Unlimited","0","0","Tigo [5G], Claro [4G]","10 days","country"
"Guatemala","tikalmobile-15days-unlimited","New eSIM","63","Unlimited","0","0","Tigo [5G], Claro [4G]","15 days","country"
"Guatemala","tikalmobile-15days-unlimited-topup","Top-up","63","Unlimited","0","0","Tigo [5G], Claro [4G]","15 days","country"
"Guatemala","tikalmobile-30days-unlimited","New eSIM","99","Unlimited","0","0","Tigo [5G], Claro [4G]","30 days","country"
"Guatemala","tikalmobile-30days-unlimited-topup","Top-up","99","Unlimited","0","0","Tigo [5G], Claro [4G]","30 days","country"
"Guinea","guinea-miyahu-in-7days-1gb","New eSIM","9.5","1 GB","0","0","Orange [4G]","7 days","country"
"Guinea","guinea-miyahu-in-7days-1gb-topup","Top-up","9.5","1 GB","0","0","Orange [4G]","7 days","country"
"Guinea","guinea-miyahu-in-15days-2gb","New eSIM","17.5","2 GB","0","0","Orange [4G]","15 days","country"
"Guinea","guinea-miyahu-in-15days-2gb-topup","Top-up","17.5","2 GB","0","0","Orange [4G]","15 days","country"
"Guinea","guinea-miyahu-in-30days-3gb","New eSIM","25","3 GB","0","0","Orange [4G]","30 days","country"
"Guinea","guinea-miyahu-in-30days-3gb-topup","Top-up","25","3 GB","0","0","Orange [4G]","30 days","country"
"Guinea-Bissau","spicetel-in-7days-1gb","New eSIM","9.5","1 GB","0","0","Orange [4G]","7 days","country"
"Guinea-Bissau","spicetel-in-7days-1gb-topup","Top-up","9.5","1 GB","0","0","Orange [4G]","7 days","country"
"Guinea-Bissau","spicetel-in-15days-2gb","New eSIM","17.5","2 GB","0","0","Orange [4G]","15 days","country"
"Guinea-Bissau","spicetel-in-15days-2gb-topup","Top-up","17.5","2 GB","0","0","Orange [4G]","15 days","country"
"Guinea-Bissau","spicetel-in-30days-3gb","New eSIM","25","3 GB","0","0","Orange [4G]","30 days","country"
"Guinea-Bissau","spicetel-in-30days-3gb-topup","Top-up","25","3 GB","0","0","Orange [4G]","30 days","country"
"Guyana","gucom-in-7days-1gb","New eSIM","7","1 GB","0","0","GTT [4G]","7 days","country"
"Guyana","gucom-in-7days-1gb-topup","Top-up","7","1 GB","0","0","GTT [4G]","7 days","country"
"Guyana","gucom-in-15days-2gb","New eSIM","13","2 GB","0","0","GTT [4G]","15 days","country"
"Guyana","gucom-in-15days-2gb-topup","Top-up","13","2 GB","0","0","GTT [4G]","15 days","country"
"Guyana","gucom-in-30days-3gb","New eSIM","18","3 GB","0","0","GTT [4G]","30 days","country"
"Guyana","gucom-in-30days-3gb-topup","Top-up","18","3 GB","0","0","GTT [4G]","30 days","country"
"Guyana","gucom-in-30days-5gb","New eSIM","28","5 GB","0","0","GTT [4G]","30 days","country"
"Guyana","gucom-in-30days-5gb-topup","Top-up","28","5 GB","0","0","GTT [4G]","30 days","country"
"Guyana","gucom-in-30days-10gb","New eSIM","46","10 GB","0","0","GTT [4G]","30 days","country"
"Guyana","gucom-in-30days-10gb-topup","Top-up","46","10 GB","0","0","GTT [4G]","30 days","country"
"Guyana","gucom-in-3days-unlimited","New eSIM","25.5","Unlimited","0","0","GTT [4G]","3 days","country"
"Guyana","gucom-in-3days-unlimited-topup","Top-up","25.5","Unlimited","0","0","GTT [4G]","3 days","country"
"Guyana","gucom-in-5days-unlimited","New eSIM","36.5","Unlimited","0","0","GTT [4G]","5 days","country"
"Guyana","gucom-in-5days-unlimited-topup","Top-up","36.5","Unlimited","0","0","GTT [4G]","5 days","country"
"Guyana","gucom-in-7days-unlimited","New eSIM","59.5","Unlimited","0","0","GTT [4G]","7 days","country"
"Guyana","gucom-in-7days-unlimited-topup","Top-up","59.5","Unlimited","0","0","GTT [4G]","7 days","country"
"Guyana","gucom-in-10days-unlimited","New eSIM","68","Unlimited","0","0","GTT [4G]","10 days","country"
"Guyana","gucom-in-10days-unlimited-topup","Top-up","68","Unlimited","0","0","GTT [4G]","10 days","country"
"Haiti","bong-bagay-in-7days-1gb","New eSIM","8","1 GB","0","0","Digicel [4G]","7 days","country"
"Haiti","bong-bagay-in-7days-1gb-topup","Top-up","8","1 GB","0","0","Digicel [4G]","7 days","country"
"Haiti","bong-bagay-in-15days-2gb","New eSIM","14","2 GB","0","0","Digicel [4G]","15 days","country"
"Haiti","bong-bagay-in-15days-2gb-topup","Top-up","14","2 GB","0","0","Digicel [4G]","15 days","country"
"Haiti","bong-bagay-in-30days-3gb","New eSIM","19","3 GB","0","0","Digicel [4G]","30 days","country"
"Haiti","bong-bagay-in-30days-3gb-topup","Top-up","19","3 GB","0","0","Digicel [4G]","30 days","country"
"Haiti","bong-bagay-in-30days-5gb","New eSIM","25","5 GB","0","0","Digicel [4G]","30 days","country"
"Haiti","bong-bagay-in-30days-5gb-topup","Top-up","25","5 GB","0","0","Digicel [4G]","30 days","country"
"Haiti","bonbagay-in-3days-unlimited","New eSIM","35","Unlimited","0","0","Digicel [4G]","3 days","country"
"Haiti","bonbagay-in-3days-unlimited-topup","Top-up","35","Unlimited","0","0","Digicel [4G]","3 days","country"
"Haiti","bonbagay-in-5days-unlimited","New eSIM","59","Unlimited","0","0","Digicel [4G]","5 days","country"
"Haiti","bonbagay-in-5days-unlimited-topup","Top-up","59","Unlimited","0","0","Digicel [4G]","5 days","country"
"Haiti","bonbagay-in-7days-unlimited","New eSIM","84.5","Unlimited","0","0","Digicel [4G]","7 days","country"
"Haiti","bonbagay-in-7days-unlimited-topup","Top-up","84.5","Unlimited","0","0","Digicel [4G]","7 days","country"
"Haiti","bonbagay-in-10days-unlimited","New eSIM","99","Unlimited","0","0","Digicel [4G]","10 days","country"
"Haiti","bonbagay-in-10days-unlimited-topup","Top-up","99","Unlimited","0","0","Digicel [4G]","10 days","country"
"Honduras","honnet-in-7days-1gb-topup","Top-up","4.5","1 GB","0","0","Celtel [4G]","7 days","country"
"Honduras","honnet-in-7days-1gb","New eSIM","4.5","1 GB","0","0","Celtel [4G]","7 days","country"
"Honduras","honnet-15days-2gb","New eSIM","7.5","2 GB","0","0","Celtel [4G]","15 days","country"
"Honduras","honnet-in-15days-2gb-topup","Top-up","7.5","2 GB","0","0","Celtel [4G]","15 days","country"
"Honduras","honnet-in-30days-3gb","New eSIM","9.5","3 GB","0","0","Celtel [4G]","30 days","country"
"Honduras","honnet-in-30days-3gb-topup","Top-up","9.5","3 GB","0","0","Celtel [4G]","30 days","country"
"Honduras","honnet-in-30days-5gb","New eSIM","13","5 GB","0","0","Celtel [4G]","30 days","country"
"Honduras","honnet-in-30days-5gb-topup","Top-up","13","5 GB","0","0","Celtel [4G]","30 days","country"
"Honduras","honnet-in-30days-10gb-topup","Top-up","21","10 GB","0","0","Celtel [4G]","30 days","country"
"Honduras","honnet-in-30days-10gb","New eSIM","21","10 GB","0","0","Celtel [4G]","30 days","country"
"Honduras","honnet-in-30days-20gb-topup","Top-up","39","20 GB","0","0","Celtel [4G]","30 days","country"
"Honduras","honnet-in-30days-20gb","New eSIM","39","20 GB","0","0","Celtel [4G]","30 days","country"
"Honduras","honnet-in-3days-unlimited-topup","Top-up","19.5","Unlimited","0","0","Celtel [4G]","3 days","country"
"Honduras","honnet-in-3days-unlimited","New eSIM","19.5","Unlimited","0","0","Celtel [4G]","3 days","country"
"Honduras","honnet-in-5days-unlimited","New eSIM","28.5","Unlimited","0","0","Celtel [4G]","5 days","country"
"Honduras","honnet-in-5days-unlimited-topup","Top-up","28.5","Unlimited","0","0","Celtel [4G]","5 days","country"
"Honduras","honnet-in-7days-unlimited-topup","Top-up","36","Unlimited","0","0","Celtel [4G]","7 days","country"
"Honduras","honnet-in-7days-unlimited","New eSIM","36","Unlimited","0","0","Celtel [4G]","7 days","country"
"Honduras","honnet-in-10days-unlimited-topup","Top-up","38","Unlimited","0","0","Celtel [4G]","10 days","country"
"Honduras","honnet-in-10days-unlimited","New eSIM","38","Unlimited","0","0","Celtel [4G]","10 days","country"
"Honduras","honnet-in-15days-unlimited-topup","Top-up","49","Unlimited","0","0","Celtel [4G]","15 days","country"
"Honduras","honnet-in-15days-unlimited","New eSIM","49","Unlimited","0","0","Celtel [4G]","15 days","country"
"Honduras","honnet-in-30days-unlimited","New eSIM","99","Unlimited","0","0","Celtel [4G]","30 days","country"
"Honduras","honnet-in-30days-unlimited-topup","Top-up","99","Unlimited","0","0","Celtel [4G]","30 days","country"
"Hong Kong","hkmobile-in-7days-1gb","New eSIM","4","1 GB","0","0","Hong Kong Telecommunications (HKT) [5G]","7 days","country"
"Hong Kong","hkmobile-in-7days-1gb-topup","Top-up","4","1 GB","0","0","Hong Kong Telecommunications (HKT) [5G]","7 days","country"
"Hong Kong","hkmobile-in-15days-2gb","New eSIM","6.5","2 GB","0","0","Hong Kong Telecommunications (HKT) [5G]","15 days","country"
"Hong Kong","hkmobile-in-15days-2gb-topup","Top-up","6.5","2 GB","0","0","Hong Kong Telecommunications (HKT) [5G]","15 days","country"
"Hong Kong","hkmobile-in-30days-3gb","New eSIM","8.5","3 GB","0","0","Hong Kong Telecommunications (HKT) [5G]","30 days","country"
"Hong Kong","hkmobile-in-30days-3gb-topup","Top-up","8.5","3 GB","0","0","Hong Kong Telecommunications (HKT) [5G]","30 days","country"
"Hong Kong","hkmobile-in-30days-5gb","New eSIM","12","5 GB","0","0","Hong Kong Telecommunications (HKT) [5G]","30 days","country"
"Hong Kong","hkmobile-in-30days-5gb-topup","Top-up","12","5 GB","0","0","Hong Kong Telecommunications (HKT) [5G]","30 days","country"
"Hong Kong","hkmobile-in-30days-10gb","New eSIM","18","10 GB","0","0","Hong Kong Telecommunications (HKT) [5G]","30 days","country"
"Hong Kong","hkmobile-in-30days-10gb-topup","Top-up","18","10 GB","0","0","Hong Kong Telecommunications (HKT) [5G]","30 days","country"
"Hong Kong","hkmobile-in-30days-20gb","New eSIM","29","20 GB","0","0","Hong Kong Telecommunications (HKT) [5G]","30 days","country"
"Hong Kong","hkmobile-in-30days-20gb-topup","Top-up","29","20 GB","0","0","Hong Kong Telecommunications (HKT) [5G]","30 days","country"
"Hong Kong","hkmobile-in-3days-unlimited","New eSIM","12.5","Unlimited","0","0","Hong Kong Telecommunications (HKT) [5G]","3 days","country"
"Hong Kong","hkmobile-in-3days-unlimited-topup","Top-up","12.5","Unlimited","0","0","Hong Kong Telecommunications (HKT) [5G]","3 days","country"
"Hong Kong","hkmobile-in-5days-unlimited","New eSIM","19","Unlimited","0","0","Hong Kong Telecommunications (HKT) [5G]","5 days","country"
"Hong Kong","hkmobile-in-5days-unlimited-topup","Top-up","19","Unlimited","0","0","Hong Kong Telecommunications (HKT) [5G]","5 days","country"
"Hong Kong","hkmobile-in-7days-unlimited","New eSIM","26.5","Unlimited","0","0","Hong Kong Telecommunications (HKT) [5G]","7 days","country"
"Hong Kong","hkmobile-in-7days-unlimited-topup","Top-up","26.5","Unlimited","0","0","Hong Kong Telecommunications (HKT) [5G]","7 days","country"
"Hong Kong","hkmobile-in-10days-unlimited","New eSIM","35","Unlimited","0","0","Hong Kong Telecommunications (HKT) [5G]","10 days","country"
"Hong Kong","hkmobile-in-10days-unlimited-topup","Top-up","35","Unlimited","0","0","Hong Kong Telecommunications (HKT) [5G]","10 days","country"
"Hong Kong","hkmobile-in-15days-unlimited","New eSIM","49","Unlimited","0","0","Hong Kong Telecommunications (HKT) [5G]","15 days","country"
"Hong Kong","hkmobile-in-15days-unlimited-topup","Top-up","49","Unlimited","0","0","Hong Kong Telecommunications (HKT) [5G]","15 days","country"
"Hong Kong","hkmobile-in-30days-unlimited","New eSIM","71","Unlimited","0","0","Hong Kong Telecommunications (HKT) [5G]","30 days","country"
"Hong Kong","hkmobile-in-30days-unlimited-topup","Top-up","71","Unlimited","0","0","Hong Kong Telecommunications (HKT) [5G]","30 days","country"
"Hungary","szia-in-7days-1gb","New eSIM","4","1 GB","0","0","Vodafone [4G]","7 days","country"
"Hungary","szia-in-7days-1gb-topup","Top-up","4","1 GB","0","0","Vodafone [4G]","7 days","country"
"Hungary","szia-in-15days-2gb","New eSIM","6.5","2 GB","0","0","Vodafone [4G]","15 days","country"
"Hungary","szia-in-15days-2gb-topup","Top-up","6.5","2 GB","0","0","Vodafone [4G]","15 days","country"
"Hungary","szia-in-30days-3gb","New eSIM","8","3 GB","0","0","Vodafone [4G]","30 days","country"
"Hungary","szia-in-30days-3gb-topup","Top-up","8","3 GB","0","0","Vodafone [4G]","30 days","country"
"Hungary","szia-in-30days-5gb","New eSIM","12","5 GB","0","0","Vodafone [4G]","30 days","country"
"Hungary","szia-in-30days-5gb-topup","Top-up","12","5 GB","0","0","Vodafone [4G]","30 days","country"
"Hungary","szia-in-30days-10gb","New eSIM","19","10 GB","0","0","Vodafone [4G]","30 days","country"
"Hungary","szia-in-30days-10gb-topup","Top-up","19","10 GB","0","0","Vodafone [4G]","30 days","country"
"Hungary","szia-in-30days-20gb","New eSIM","32","20 GB","0","0","Vodafone [4G]","30 days","country"
"Hungary","szia-in-30days-20gb-topup","Top-up","32","20 GB","0","0","Vodafone [4G]","30 days","country"
"Hungary","szia-in-3days-unlimited","New eSIM","11.5","Unlimited","0","0","Vodafone [4G]","3 days","country"
"Hungary","szia-in-3days-unlimited-topup","Top-up","11.5","Unlimited","0","0","Vodafone [4G]","3 days","country"
"Hungary","szia-in-5days-unlimited","New eSIM","18.5","Unlimited","0","0","Vodafone [4G]","5 days","country"
"Hungary","szia-in-5days-unlimited-topup","Top-up","18.5","Unlimited","0","0","Vodafone [4G]","5 days","country"
"Hungary","szia-in-7days-unlimited","New eSIM","27","Unlimited","0","0","Vodafone [4G]","7 days","country"
"Hungary","szia-in-7days-unlimited-topup","Top-up","27","Unlimited","0","0","Vodafone [4G]","7 days","country"
"Hungary","szia-in-10days-unlimited","New eSIM","34.5","Unlimited","0","0","Vodafone [4G]","10 days","country"
"Hungary","szia-in-10days-unlimited-topup","Top-up","34.5","Unlimited","0","0","Vodafone [4G]","10 days","country"
"Hungary","szia-in-15days-unlimited","New eSIM","48","Unlimited","0","0","Vodafone [4G]","15 days","country"
"Hungary","szia-in-15days-unlimited-topup","Top-up","48","Unlimited","0","0","Vodafone [4G]","15 days","country"
"Hungary","szia-in-30days-unlimited","New eSIM","69","Unlimited","0","0","Vodafone [4G]","30 days","country"
"Hungary","szia-in-30days-unlimited-topup","Top-up","69","Unlimited","0","0","Vodafone [4G]","30 days","country"
"Iceland","nenna-mobile-7days-1gb","New eSIM","4","1 GB","0","0","Simmin [5G], Nova [5G]","7 days","country"
"Iceland","nenna-mobile-7days-1gb-topup","Top-up","4","1 GB","0","0","Simmin [5G], Nova [5G]","7 days","country"
"Iceland","nenna-mobile-15days-2gb","New eSIM","6.5","2 GB","0","0","Simmin [5G], Nova [5G]","15 days","country"
"Iceland","nenna-mobile-15days-2gb-topup","Top-up","6.5","2 GB","0","0","Simmin [5G], Nova [5G]","15 days","country"
"Iceland","nenna-mobile-30days-3gb","New eSIM","8","3 GB","0","0","Simmin [5G], Nova [5G]","30 days","country"
"Iceland","nenna-mobile-30days-3gb-topup","Top-up","8","3 GB","0","0","Simmin [5G], Nova [5G]","30 days","country"
"Iceland","nenna-mobile-30days-5gb","New eSIM","12","5 GB","0","0","Simmin [5G], Nova [5G]","30 days","country"
"Iceland","nenna-mobile-30days-5gb-topup","Top-up","12","5 GB","0","0","Simmin [5G], Nova [5G]","30 days","country"
"Iceland","nenna-mobile-30days-10gb","New eSIM","19.5","10 GB","0","0","Simmin [5G], Nova [5G]","30 days","country"
"Iceland","nenna-mobile-30days-10gb-topup","Top-up","19.5","10 GB","0","0","Simmin [5G], Nova [5G]","30 days","country"
"Iceland","nenna-mobile-30days-20gb","New eSIM","30.5","20 GB","0","0","Simmin [5G], Nova [5G]","30 days","country"
"Iceland","nenna-mobile-30days-20gb-topup","Top-up","30.5","20 GB","0","0","Simmin [5G], Nova [5G]","30 days","country"
"Iceland","nenna-mobile-3days-unlimited","New eSIM","11","Unlimited","0","0","Simmin [5G], Nova [5G]","3 days","country"
"Iceland","nenna-mobile-3days-unlimited-topup","Top-up","11","Unlimited","0","0","Simmin [5G], Nova [5G]","3 days","country"
"Iceland","nenna-mobile-5days-unlimited","New eSIM","18.5","Unlimited","0","0","Simmin [5G], Nova [5G]","5 days","country"
"Iceland","nenna-mobile-5days-unlimited-topup","Top-up","18.5","Unlimited","0","0","Simmin [5G], Nova [5G]","5 days","country"
"Iceland","nenna-mobile-7days-unlimited","New eSIM","26.5","Unlimited","0","0","Simmin [5G], Nova [5G]","7 days","country"
"Iceland","nenna-mobile-7days-unlimited-topup","Top-up","26.5","Unlimited","0","0","Simmin [5G], Nova [5G]","7 days","country"
"Iceland","nenna-mobile-10days-unlimited","New eSIM","34","Unlimited","0","0","Simmin [5G], Nova [5G]","10 days","country"
"Iceland","nenna-mobile-10days-unlimited-topup","Top-up","34","Unlimited","0","0","Simmin [5G], Nova [5G]","10 days","country"
"Iceland","nenna-mobile-15days-unlimited","New eSIM","48","Unlimited","0","0","Simmin [5G], Nova [5G]","15 days","country"
"Iceland","nenna-mobile-15days-unlimited-topup","Top-up","48","Unlimited","0","0","Simmin [5G], Nova [5G]","15 days","country"
"Iceland","nenna-mobile-30days-unlimited","New eSIM","69","Unlimited","0","0","Simmin [5G], Nova [5G]","30 days","country"
"Iceland","nenna-mobile-30days-unlimited-topup","Top-up","69","Unlimited","0","0","Simmin [5G], Nova [5G]","30 days","country"
"India","indicomm-7days-1gb","New eSIM","4.5","1 GB","0","0","VI India [4G]","7 days","country"
"India","indicomm-7days-1gb-topup","Top-up","4.5","1 GB","0","0","VI India [4G]","7 days","country"
"India","indicomm-15days-2gb","New eSIM","7.5","2 GB","0","0","VI India [4G]","15 days","country"
"India","indicomm-15days-2gb-topup","Top-up","7.5","2 GB","0","0","VI India [4G]","15 days","country"
"India","indicomm-30days-3gb","New eSIM","9.5","3 GB","0","0","VI India [4G]","30 days","country"
"India","indicomm-30days-3gb-topup","Top-up","9.5","3 GB","0","0","VI India [4G]","30 days","country"
"India","indicomm-30days-5gb","New eSIM","14","5 GB","0","0","VI India [4G]","30 days","country"
"India","indicomm-30days-5gb-topup","Top-up","14","5 GB","0","0","VI India [4G]","30 days","country"
"India","indicomm-30days-10gb","New eSIM","24","10 GB","0","0","VI India [4G]","30 days","country"
"India","indicomm-30days-10gb-topup","Top-up","24","10 GB","0","0","VI India [4G]","30 days","country"
"India","indicomm-30days-20gb","New eSIM","38","20 GB","0","0","VI India [4G]","30 days","country"
"India","indicomm-30days-20gb-topup","Top-up","38","20 GB","0","0","VI India [4G]","30 days","country"
"India","indicomm-in-3days-unlimited","New eSIM","20.5","Unlimited","0","0","VI India [4G]","3 days","country"
"India","indicomm-in-3days-unlimited-topup","Top-up","20.5","Unlimited","0","0","VI India [4G]","3 days","country"
"India","indicomm-in-5days-unlimited","New eSIM","31.5","Unlimited","0","0","VI India [4G]","5 days","country"
"India","indicomm-in-5days-unlimited-topup","Top-up","31.5","Unlimited","0","0","VI India [4G]","5 days","country"
"India","indicomm-in-7days-unlimited","New eSIM","39.5","Unlimited","0","0","VI India [4G]","7 days","country"
"India","indicomm-in-7days-unlimited-topup","Top-up","39.5","Unlimited","0","0","VI India [4G]","7 days","country"
"India","indicomm-in-10days-unlimited","New eSIM","46","Unlimited","0","0","VI India [4G]","10 days","country"
"India","indicomm-in-10days-unlimited-topup","Top-up","46","Unlimited","0","0","VI India [4G]","10 days","country"
"India","indicomm-in-15days-unlimited","New eSIM","62","Unlimited","0","0","VI India [4G]","15 days","country"
"India","indicomm-in-15days-unlimited-topup","Top-up","62","Unlimited","0","0","VI India [4G]","15 days","country"
"India","indicomm-in-30days-unlimited","New eSIM","99","Unlimited","0","0","VI India [4G]","30 days","country"
"India","indicomm-in-30days-unlimited-topup","Top-up","99","Unlimited","0","0","VI India [4G]","30 days","country"
"Indonesia","indotel-7days-1gb","New eSIM","4.5","1 GB","0","0","3SinyalKuatHemat(Hutchinson) [5G], Indosat [5G], Telkomsel [5G]","7 days","country"
"Indonesia","indotel-7days-1gb-topup","Top-up","4.5","1 GB","0","0","3SinyalKuatHemat(Hutchinson) [5G], Indosat [5G], Telkomsel [5G]","7 days","country"
"Indonesia","indotel-15days-2gb","New eSIM","7","2 GB","0","0","3SinyalKuatHemat(Hutchinson) [5G], Indosat [5G], Telkomsel [5G]","15 days","country"
"Indonesia","indotel-15days-2gb-topup","Top-up","7","2 GB","0","0","3SinyalKuatHemat(Hutchinson) [5G], Indosat [5G], Telkomsel [5G]","15 days","country"
"Indonesia","indotel-30days-3gb","New eSIM","8.5","3 GB","0","0","3SinyalKuatHemat(Hutchinson) [5G], Indosat [5G], Telkomsel [5G]","30 days","country"
"Indonesia","indotel-30days-3gb-topup","Top-up","8.5","3 GB","0","0","3SinyalKuatHemat(Hutchinson) [5G], Indosat [5G], Telkomsel [5G]","30 days","country"
"Indonesia","indotel-30days-5gb","New eSIM","13.5","5 GB","0","0","3SinyalKuatHemat(Hutchinson) [5G], Indosat [5G], Telkomsel [5G]","30 days","country"
"Indonesia","indotel-30days-5gb-topup","Top-up","13.5","5 GB","0","0","3SinyalKuatHemat(Hutchinson) [5G], Indosat [5G], Telkomsel [5G]","30 days","country"
"Indonesia","indotel-30days-10gb","New eSIM","21","10 GB","0","0","3SinyalKuatHemat(Hutchinson) [5G], Indosat [5G], Telkomsel [5G]","30 days","country"
"Indonesia","indotel-30days-10gb-topup","Top-up","21","10 GB","0","0","3SinyalKuatHemat(Hutchinson) [5G], Indosat [5G], Telkomsel [5G]","30 days","country"
"Indonesia","indotel-30days-20gb","New eSIM","35","20 GB","0","0","3SinyalKuatHemat(Hutchinson) [5G], Indosat [5G], Telkomsel [5G]","30 days","country"
"Indonesia","indotel-30days-20gb-topup","Top-up","35","20 GB","0","0","3SinyalKuatHemat(Hutchinson) [5G], Indosat [5G], Telkomsel [5G]","30 days","country"
"Indonesia","indotel-3days-unlimited","New eSIM","11","Unlimited","0","0","3SinyalKuatHemat(Hutchinson) [5G], Indosat [5G], Telkomsel [5G]","3 days","country"
"Indonesia","indotel-3days-unlimited-topup","Top-up","11","Unlimited","0","0","3SinyalKuatHemat(Hutchinson) [5G], Indosat [5G], Telkomsel [5G]","3 days","country"
"Indonesia","indotel-5days-unlimited","New eSIM","19","Unlimited","0","0","3SinyalKuatHemat(Hutchinson) [5G], Indosat [5G], Telkomsel [5G]","5 days","country"
"Indonesia","indotel-5days-unlimited-topup","Top-up","19","Unlimited","0","0","3SinyalKuatHemat(Hutchinson) [5G], Indosat [5G], Telkomsel [5G]","5 days","country"
"Indonesia","indotel-7days-unlimited","New eSIM","27","Unlimited","0","0","3SinyalKuatHemat(Hutchinson) [5G], Indosat [5G], Telkomsel [5G]","7 days","country"
"Indonesia","indotel-7days-unlimited-topup","Top-up","27","Unlimited","0","0","3SinyalKuatHemat(Hutchinson) [5G], Indosat [5G], Telkomsel [5G]","7 days","country"
"Indonesia","indotel-30days-unlimited","New eSIM","69","Unlimited","0","0","3SinyalKuatHemat(Hutchinson) [5G], Indosat [5G], Telkomsel [5G]","30 days","country"
"Indonesia","indotel-30days-unlimited-topup","Top-up","69","Unlimited","0","0","3SinyalKuatHemat(Hutchinson) [5G], Indosat [5G], Telkomsel [5G]","30 days","country"
"Indonesia","indotel-10days-unlimited","New eSIM","34","Unlimited","0","0","3SinyalKuatHemat(Hutchinson) [5G], Indosat [5G], Telkomsel [5G]","10 days","country"
"Indonesia","indotel-10days-unlimited-topup","Top-up","34","Unlimited","0","0","3SinyalKuatHemat(Hutchinson) [5G], Indosat [5G], Telkomsel [5G]","10 days","country"
"Indonesia","indotel-15days-unlimited-topup","Top-up","48","Unlimited","0","0","3SinyalKuatHemat(Hutchinson) [5G], Indosat [5G], Telkomsel [5G]","15 days","country"
"Indonesia","indotel-15days-unlimited","New eSIM","48","Unlimited","0","0","3SinyalKuatHemat(Hutchinson) [5G], Indosat [5G], Telkomsel [5G]","15 days","country"
"Iraq","babel-mobile-7days-1gb","New eSIM","4","1 GB","0","0","Korek [LTE], Zain [LTE]","7 days","country"
"Iraq","babel-mobile-7days-1gb-topup","Top-up","4","1 GB","0","0","Korek [LTE], Zain [LTE]","7 days","country"
"Iraq","babel-mobile-15days-2gb","New eSIM","8","2 GB","0","0","Korek [LTE], Zain [LTE]","15 days","country"
"Iraq","babel-mobile-15days-2gb-topup","Top-up","8","2 GB","0","0","Korek [LTE], Zain [LTE]","15 days","country"
"Iraq","babel-mobile-30days-3gb","New eSIM","11.5","3 GB","0","0","Korek [LTE], Zain [LTE]","30 days","country"
"Iraq","babel-mobile-30days-3gb-topup","Top-up","11.5","3 GB","0","0","Korek [LTE], Zain [LTE]","30 days","country"
"Iraq","babel-mobile-30days-5gb","New eSIM","17","5 GB","0","0","Korek [LTE], Zain [LTE]","30 days","country"
"Iraq","babel-mobile-30days-5gb-topup","Top-up","17","5 GB","0","0","Korek [LTE], Zain [LTE]","30 days","country"
"Iraq","babel-mobile-30days-10gb","New eSIM","29","10 GB","0","0","Korek [LTE], Zain [LTE]","30 days","country"
"Iraq","babel-mobile-30days-10gb-topup","Top-up","29","10 GB","0","0","Korek [LTE], Zain [LTE]","30 days","country"
"Iraq","babel-mobile-30days-20gb","New eSIM","48","20 GB","0","0","Korek [LTE], Zain [LTE]","30 days","country"
"Iraq","babel-mobile-30days-20gb-topup","Top-up","48","20 GB","0","0","Korek [LTE], Zain [LTE]","30 days","country"
"Ireland","failte-in-7days-1gb","New eSIM","4","1 GB","0","0","3 [4G]","7 days","country"
"Ireland","failte-in-7days-1gb-topup","Top-up","4","1 GB","0","0","3 [4G]","7 days","country"
"Ireland","failte-in-15days-2gb","New eSIM","6","2 GB","0","0","3 [4G]","15 days","country"
"Ireland","failte-in-15days-2gb-topup","Top-up","6","2 GB","0","0","3 [4G]","15 days","country"
"Ireland","failte-in-30days-3gb","New eSIM","7.5","3 GB","0","0","3 [4G]","30 days","country"
"Ireland","failte-in-30days-3gb-topup","Top-up","7.5","3 GB","0","0","3 [4G]","30 days","country"
"Ireland","failte-in-30days-5gb","New eSIM","11","5 GB","0","0","3 [4G]","30 days","country"
"Ireland","failte-in-30days-5gb-topup","Top-up","11","5 GB","0","0","3 [4G]","30 days","country"
"Ireland","failte-in-30days-10gb","New eSIM","17","10 GB","0","0","3 [4G]","30 days","country"
"Ireland","failte-in-30days-10gb-topup","Top-up","17","10 GB","0","0","3 [4G]","30 days","country"
"Ireland","failte-in-30days-20gb","New eSIM","25.5","20 GB","0","0","3 [4G]","30 days","country"
"Ireland","failte-in-30days-20gb-topup","Top-up","25.5","20 GB","0","0","3 [4G]","30 days","country"
"Ireland","failte-in-30days-50gb","New eSIM","42","50 GB","0","0","3 [4G]","30 days","country"
"Ireland","failte-in-30days-50gb-topup","Top-up","42","50 GB","0","0","3 [4G]","30 days","country"
"Ireland","failte-in-3days-unlimited","New eSIM","11.5","Unlimited","0","0","3 [4G]","3 days","country"
"Ireland","failte-in-3days-unlimited-topup","Top-up","11.5","Unlimited","0","0","3 [4G]","3 days","country"
"Ireland","failte-in-5days-unlimited","New eSIM","19","Unlimited","0","0","3 [4G]","5 days","country"
"Ireland","failte-in-5days-unlimited-topup","Top-up","19","Unlimited","0","0","3 [4G]","5 days","country"
"Ireland","failte-in-7days-unlimited","New eSIM","27","Unlimited","0","0","3 [4G]","7 days","country"
"Ireland","failte-in-7days-unlimited-topup","Top-up","27","Unlimited","0","0","3 [4G]","7 days","country"
"Ireland","failte-in-30days-unlimited","New eSIM","71","Unlimited","0","0","3 [4G]","30 days","country"
"Ireland","failte-in-30days-unlimited-topup","Top-up","71","Unlimited","0","0","3 [4G]","30 days","country"
"Ireland","failte-in-10days-unlimited","New eSIM","34","Unlimited","0","0","3 [4G]","10 days","country"
"Ireland","failte-in-10days-unlimited-topup","Top-up","34","Unlimited","0","0","3 [4G]","10 days","country"
"Ireland","failte-in-15days-unlimited","New eSIM","48.5","Unlimited","0","0","3 [4G]","15 days","country"
"Ireland","failte-in-15days-unlimited-topup","Top-up","48.5","Unlimited","0","0","3 [4G]","15 days","country"
"Isle of Man","islenet-in-7days-1gb","New eSIM","4.5","1 GB","0","0","Manx Telecom [5G]","7 days","country"
"Isle of Man","islenet-in-7days-1gb-topup","Top-up","4.5","1 GB","0","0","Manx Telecom [5G]","7 days","country"
"Isle of Man","islenet-in-15days-2gb","New eSIM","8","2 GB","0","0","Manx Telecom [5G]","15 days","country"
"Isle of Man","islenet-in-15days-2gb-topup","Top-up","8","2 GB","0","0","Manx Telecom [5G]","15 days","country"
"Isle of Man","islenet-in-30days-3gb","New eSIM","11","3 GB","0","0","Manx Telecom [5G]","30 days","country"
"Isle of Man","islenet-in-30days-3gb-topup","Top-up","11","3 GB","0","0","Manx Telecom [5G]","30 days","country"
"Isle of Man","islenet-in-30days-5gb","New eSIM","17","5 GB","0","0","Manx Telecom [5G]","30 days","country"
"Isle of Man","islenet-in-30days-5gb-topup","Top-up","17","5 GB","0","0","Manx Telecom [5G]","30 days","country"
"Isle of Man","islenet-in-30days-10gb","New eSIM","29","10 GB","0","0","Manx Telecom [5G]","30 days","country"
"Isle of Man","islenet-in-30days-10gb-topup","Top-up","29","10 GB","0","0","Manx Telecom [5G]","30 days","country"
"Isle of Man","islenet-in-30days-20gb","New eSIM","46","20 GB","0","0","Manx Telecom [5G]","30 days","country"
"Isle of Man","islenet-in-30days-20gb-topup","Top-up","46","20 GB","0","0","Manx Telecom [5G]","30 days","country"
"Isle of Man","islenet-in-3days-unlimited","New eSIM","12.5","Unlimited","0","0","Manx Telecom [5G]","3 days","country"
"Isle of Man","islenet-in-3days-unlimited-topup","Top-up","12.5","Unlimited","0","0","Manx Telecom [5G]","3 days","country"
"Isle of Man","islenet-in-5days-unlimited","New eSIM","20.5","Unlimited","0","0","Manx Telecom [5G]","5 days","country"
"Isle of Man","islenet-in-5days-unlimited-topup","Top-up","20.5","Unlimited","0","0","Manx Telecom [5G]","5 days","country"
"Isle of Man","islenet-in-7days-unlimited","New eSIM","27.5","Unlimited","0","0","Manx Telecom [5G]","7 days","country"
"Isle of Man","islenet-in-7days-unlimited-topup","Top-up","27.5","Unlimited","0","0","Manx Telecom [5G]","7 days","country"
"Isle of Man","islenet-in-10days-unlimited","New eSIM","35","Unlimited","0","0","Manx Telecom [5G]","10 days","country"
"Isle of Man","islenet-in-10days-unlimited-topup","Top-up","35","Unlimited","0","0","Manx Telecom [5G]","10 days","country"
"Isle of Man","islenet-in-15days-unlimited","New eSIM","49","Unlimited","0","0","Manx Telecom [5G]","15 days","country"
"Isle of Man","islenet-in-15days-unlimited-topup","Top-up","49","Unlimited","0","0","Manx Telecom [5G]","15 days","country"
"Israel","annatel-7days-1gb","New eSIM","4","1 GB","0","0","Annatel [5G]","7 days","country"
"Israel","annatel-7days-1gb-topup","Top-up","4","1 GB","0","0","Annatel [5G]","7 days","country"
"Israel","annatel-15days-2gb","New eSIM","5.5","2 GB","0","0","Annatel [5G]","15 days","country"
"Israel","annatel-15days-2gb-topup","Top-up","5.5","2 GB","0","0","Annatel [5G]","15 days","country"
"Israel","annatel-30days-3gb","New eSIM","6","3 GB","0","0","Annatel [5G]","30 days","country"
"Israel","annatel-30days-3gb-topup","Top-up","6","3 GB","0","0","Annatel [5G]","30 days","country"
"Israel","annatel-30days-5gb","New eSIM","8","5 GB","0","0","Annatel [5G]","30 days","country"
"Israel","annatel-30days-5gb-topup","Top-up","8","5 GB","0","0","Annatel [5G]","30 days","country"
"Israel","annatel-30days-10gb","New eSIM","11.5","10 GB","0","0","Annatel [5G]","30 days","country"
"Israel","annatel-30days-10gb-topup","Top-up","11.5","10 GB","0","0","Annatel [5G]","30 days","country"
"Israel","annatel-30days-20gb","New eSIM","16.5","20 GB","0","0","Annatel [5G]","30 days","country"
"Israel","annatel-30days-20gb-topup","Top-up","16.5","20 GB","0","0","Annatel [5G]","30 days","country"
"Israel","annatel+-7days-1gb","New eSIM","5.5","1 GB","10","10","Annatel [5G]","7 days","country"
"Israel","annatel+-7days-1gb-topup","Top-up","5.5","1 GB","10","10","Annatel [5G]","7 days","country"
"Israel","annatel+-15days-2gb","New eSIM","7.5","2 GB","20","20","Annatel [5G]","15 days","country"
"Israel","annatel+-15days-2gb-topup","Top-up","7.5","2 GB","20","20","Annatel [5G]","15 days","country"
"Israel","annatel+-30days-3gb","New eSIM","9.5","3 GB","30","30","Annatel [5G]","30 days","country"
"Israel","annatel+-30days-3gb-topup","Top-up","9.5","3 GB","30","30","Annatel [5G]","30 days","country"
"Israel","annatel+-30days-5gb","New eSIM","13.5","5 GB","50","50","Annatel [5G]","30 days","country"
"Israel","annatel+-30days-5gb-topup","Top-up","13.5","5 GB","50","50","Annatel [5G]","30 days","country"
"Israel","annatel+-30days-10gb","New eSIM","22","10 GB","100","100","Annatel [5G]","30 days","country"
"Israel","annatel+-30days-10gb-topup","Top-up","22","10 GB","100","100","Annatel [5G]","30 days","country"
"Israel","annatel+-30days-20gb","New eSIM","34","20 GB","200","200","Annatel [5G]","30 days","country"
"Israel","annatel+-30days-20gb-topup","Top-up","34","20 GB","200","200","Annatel [5G]","30 days","country"
"Israel","annatel-3days-unlimited-topup","Top-up","12.5","Unlimited","0","0","Annatel [5G]","3 days","country"
"Israel","annatel-3days-unlimited","New eSIM","12.5","Unlimited","0","0","Annatel [5G]","3 days","country"
"Israel","annatel-5days-unlimited-topup","Top-up","18","Unlimited","0","0","Annatel [5G]","5 days","country"
"Israel","annatel-5days-unlimited","New eSIM","18","Unlimited","0","0","Annatel [5G]","5 days","country"
"Israel","annatel-7days-unlimited-topup","Top-up","26.5","Unlimited","0","0","Annatel [5G]","7 days","country"
"Israel","annatel-7days-unlimited","New eSIM","26.5","Unlimited","0","0","Annatel [5G]","7 days","country"
"Israel","annatel-10days-unlimited-topup","Top-up","34","Unlimited","0","0","Annatel [5G]","10 days","country"
"Israel","annatel-10days-unlimited","New eSIM","34","Unlimited","0","0","Annatel [5G]","10 days","country"
"Israel","annatel-15days-unlimited-topup","Top-up","48","Unlimited","0","0","Annatel [5G]","15 days","country"
"Israel","annatel-15days-unlimited","New eSIM","48","Unlimited","0","0","Annatel [5G]","15 days","country"
"Israel","annatel-30days-unlimited-topup","Top-up","69","Unlimited","0","0","Annatel [5G]","30 days","country"
"Israel","annatel-30days-unlimited","New eSIM","69","Unlimited","0","0","Annatel [5G]","30 days","country"
"Italy","mamma-mia-in-7days-1gb","New eSIM","4","1 GB","0","0","Wind Tre [5G], Vodafone [5G], Iliad [4G]","7 days","country"
"Italy","mamma-mia-in-7days-1gb-topup","Top-up","4","1 GB","0","0","Wind Tre [5G], Vodafone [5G], Iliad [4G]","7 days","country"
"Italy","mamma-mia-in-15days-2gb","New eSIM","6","2 GB","0","0","Wind Tre [5G], Vodafone [5G], Iliad [4G]","15 days","country"
"Italy","mamma-mia-in-15days-2gb-topup","Top-up","6","2 GB","0","0","Wind Tre [5G], Vodafone [5G], Iliad [4G]","15 days","country"
"Italy","mamma-mia-in-30days-3gb","New eSIM","7.5","3 GB","0","0","Wind Tre [5G], Vodafone [5G], Iliad [4G]","30 days","country"
"Italy","mamma-mia-in-30days-3gb-topup","Top-up","7.5","3 GB","0","0","Wind Tre [5G], Vodafone [5G], Iliad [4G]","30 days","country"
"Italy","mamma-mia-in-30days-5gb","New eSIM","12","5 GB","0","0","Wind Tre [5G], Vodafone [5G], Iliad [4G]","30 days","country"
"Italy","mamma-mia-in-30days-5gb-topup","Top-up","12","5 GB","0","0","Wind Tre [5G], Vodafone [5G], Iliad [4G]","30 days","country"
"Italy","mamma-mia-in-30days-10gb","New eSIM","19","10 GB","0","0","Wind Tre [5G], Vodafone [5G], Iliad [4G]","30 days","country"
"Italy","mamma-mia-in-30days-10gb-topup","Top-up","19","10 GB","0","0","Wind Tre [5G], Vodafone [5G], Iliad [4G]","30 days","country"
"Italy","mamma-mia-in-30days-20gb","New eSIM","26","20 GB","0","0","Wind Tre [5G], Vodafone [5G], Iliad [4G]","30 days","country"
"Italy","mamma-mia-in-30days-20gb-topup","Top-up","26","20 GB","0","0","Wind Tre [5G], Vodafone [5G], Iliad [4G]","30 days","country"
"Italy","mamma-mia-in-3days-UNL","New eSIM","11","Unlimited","0","0","Wind Tre [5G], Vodafone [5G], Iliad [4G]","3 days","country"
"Italy","mamma-mia-in-3days-UNL-topup","Top-up","11","Unlimited","0","0","Wind Tre [5G], Vodafone [5G], Iliad [4G]","3 days","country"
"Italy","mamma-mia-in-5days-UNL","New eSIM","17","Unlimited","0","0","Wind Tre [5G], Vodafone [5G], Iliad [4G]","5 days","country"
"Italy","mamma-mia-in-5days-UNL-topup","Top-up","17","Unlimited","0","0","Wind Tre [5G], Vodafone [5G], Iliad [4G]","5 days","country"
"Italy","mamma-mia-in-7days-UNL","New eSIM","23","Unlimited","0","0","Wind Tre [5G], Vodafone [5G], Iliad [4G]","7 days","country"
"Italy","mamma-mia-in-7days-UNL-topup","Top-up","23","Unlimited","0","0","Wind Tre [5G], Vodafone [5G], Iliad [4G]","7 days","country"
"Italy","mamma-mia-in-10days-UNL","New eSIM","32","Unlimited","0","0","Wind Tre [5G], Vodafone [5G], Iliad [4G]","10 days","country"
"Italy","mamma-mia-in-10days-UNL-topup","Top-up","32","Unlimited","0","0","Wind Tre [5G], Vodafone [5G], Iliad [4G]","10 days","country"
"Italy","mamma-mia-in-15days-UNL","New eSIM","44","Unlimited","0","0","Wind Tre [5G], Vodafone [5G], Iliad [4G]","15 days","country"
"Italy","mamma-mia-in-15days-UNL-topup","Top-up","44","Unlimited","0","0","Wind Tre [5G], Vodafone [5G], Iliad [4G]","15 days","country"
"Italy","mamma-mia-in-30days-UNL","New eSIM","64","Unlimited","0","0","Wind Tre [5G], Vodafone [5G], Iliad [4G]","30 days","country"
"Italy","mamma-mia-in-30days-UNL-topup","Top-up","64","Unlimited","0","0","Wind Tre [5G], Vodafone [5G], Iliad [4G]","30 days","country"
"Jamaica","jamcomm-in-7days-1gb","New eSIM","8","1 GB","0","0","Digicel [4G], Flow [4G]","7 days","country"
"Jamaica","jamcomm-in-7days-1gb-topup","Top-up","8","1 GB","0","0","Digicel [4G], Flow [4G]","7 days","country"
"Jamaica","jamcomm-in-15days-2gb","New eSIM","15.3","2 GB","0","0","Digicel [4G], Flow [4G]","15 days","country"
"Jamaica","jamcomm-in-15days-2gb-topup","Top-up","15.3","2 GB","0","0","Digicel [4G], Flow [4G]","15 days","country"
"Jamaica","jamcomm-in-30days-3gb","New eSIM","20","3 GB","0","0","Digicel [4G], Flow [4G]","30 days","country"
"Jamaica","jamcomm-in-30days-3gb-topup","Top-up","20","3 GB","0","0","Digicel [4G], Flow [4G]","30 days","country"
"Jamaica","jamcomm-in-30days-5gb","New eSIM","32.5","5 GB","0","0","Digicel [4G], Flow [4G]","30 days","country"
"Jamaica","jamcomm-in-30days-5gb-topup","Top-up","32.5","5 GB","0","0","Digicel [4G], Flow [4G]","30 days","country"
"Jamaica","jamcomm-in-30days-10gb","New eSIM","57.1","10 GB","0","0","Digicel [4G], Flow [4G]","30 days","country"
"Jamaica","jamcomm-in-30days-10gb-topup","Top-up","57.1","10 GB","0","0","Digicel [4G], Flow [4G]","30 days","country"
"Jamaica","jamcomm-in-30days-20gb","New eSIM","93.5","20 GB","0","0","Digicel [4G], Flow [4G]","30 days","country"
"Jamaica","jamcomm-in-30days-20gb-topup","Top-up","93.5","20 GB","0","0","Digicel [4G], Flow [4G]","30 days","country"
"Jamaica","jamcomm-in-3days-unlimited-topup","Top-up","49.8","Unlimited","0","0","Digicel [4G], Flow [4G]","3 days","country"
"Jamaica","jamcomm-in-3days-unlimited","New eSIM","49.8","Unlimited","0","0","Digicel [4G], Flow [4G]","3 days","country"
"Jamaica","jamcomm-in-5days-unlimited-topup","Top-up","75.3","Unlimited","0","0","Digicel [4G], Flow [4G]","5 days","country"
"Jamaica","jamcomm-in-5days-unlimited","New eSIM","75.3","Unlimited","0","0","Digicel [4G], Flow [4G]","5 days","country"
"Jamaica","jamcomm-in-7days-unlimited","New eSIM","98.4","Unlimited","0","0","Digicel [4G], Flow [4G]","7 days","country"
"Jamaica","jamcomm-in-7days-unlimited-topup","Top-up","98.4","Unlimited","0","0","Digicel [4G], Flow [4G]","7 days","country"
"Japan","moshi-moshi-7days-1gb","New eSIM","4","1 GB","0","0","Softbank [5G], KDDI [5G]","7 days","country"
"Japan","moshi-moshi-7days-1gb-topup","Top-up","4","1 GB","0","0","Softbank [5G], KDDI [5G]","7 days","country"
"Japan","moshi-moshi-15days-2gb","New eSIM","6.5","2 GB","0","0","Softbank [5G], KDDI [5G]","15 days","country"
"Japan","moshi-moshi-15days-2gb-topup","Top-up","6.5","2 GB","0","0","Softbank [5G], KDDI [5G]","15 days","country"
"Japan","moshi-moshi-30days-3gb","New eSIM","8","3 GB","0","0","Softbank [5G], KDDI [5G]","30 days","country"
"Japan","moshi-moshi-30days-3gb-topup","Top-up","8","3 GB","0","0","Softbank [5G], KDDI [5G]","30 days","country"
"Japan","moshi-moshi-30days-5gb","New eSIM","11","5 GB","0","0","Softbank [5G], KDDI [5G]","30 days","country"
"Japan","moshi-moshi-30days-5gb-topup","Top-up","11","5 GB","0","0","Softbank [5G], KDDI [5G]","30 days","country"
"Japan","moshi-moshi-30days-10gb","New eSIM","18","10 GB","0","0","Softbank [5G], KDDI [5G]","30 days","country"
"Japan","moshi-moshi-30days-10gb-topup","Top-up","18","10 GB","0","0","Softbank [5G], KDDI [5G]","30 days","country"
"Japan","moshi-moshi-30days-20gb","New eSIM","25","20 GB","0","0","Softbank [5G], KDDI [5G]","30 days","country"
"Japan","moshi-moshi-30days-20gb-topup","Top-up","25","20 GB","0","0","Softbank [5G], KDDI [5G]","30 days","country"
"Japan","moshi-moshi-7days-500mb","New eSIM","2","500 MB","0","0","Softbank [5G], KDDI [5G]","7 days","country"
"Japan","moshi-moshi-7days-500mb-topup","Top-up","2","500 MB","0","0","Softbank [5G], KDDI [5G]","7 days","country"
"Japan","moshi-moshi-3days-unlimited","New eSIM","11.5","Unlimited","0","0","Softbank [5G], KDDI [5G]","3 days","country"
"Japan","moshi-moshi-3days-unlimited-topup","Top-up","11.5","Unlimited","0","0","Softbank [5G], KDDI [5G]","3 days","country"
"Japan","moshi-moshi-5days-unlimited","New eSIM","17","Unlimited","0","0","Softbank [5G], KDDI [5G]","5 days","country"
"Japan","moshi-moshi-5days-unlimited-topup","Top-up","17","Unlimited","0","0","Softbank [5G], KDDI [5G]","5 days","country"
"Japan","moshi-moshi-7days-unlimited","New eSIM","26.5","Unlimited","0","0","Softbank [5G], KDDI [5G]","7 days","country"
"Japan","moshi-moshi-7days-unlimited-topup","Top-up","26.5","Unlimited","0","0","Softbank [5G], KDDI [5G]","7 days","country"
"Japan","moshi-moshi-10days-unlimited","New eSIM","34.5","Unlimited","0","0","Softbank [5G], KDDI [5G]","10 days","country"
"Japan","moshi-moshi-10days-unlimited-topup","Top-up","34.5","Unlimited","0","0","Softbank [5G], KDDI [5G]","10 days","country"
"Japan","moshi-moshi-15days-unlimited","New eSIM","48","Unlimited","0","0","Softbank [5G], KDDI [5G]","15 days","country"
"Japan","moshi-moshi-15days-unlimited-topup","Top-up","48","Unlimited","0","0","Softbank [5G], KDDI [5G]","15 days","country"
"Japan","moshi-moshi-30days-unlimited","New eSIM","69","Unlimited","0","0","Softbank [5G], KDDI [5G]","30 days","country"
"Japan","moshi-moshi-30days-unlimited-topup","Top-up","69","Unlimited","0","0","Softbank [5G], KDDI [5G]","30 days","country"
"Jersey","jerseytel-7days-1gb","New eSIM","4","1 GB","0","0","JT Jersey [LTE]","7 days","country"
"Jersey","jerseytel-7days-1gb-topup","Top-up","4","1 GB","0","0","JT Jersey [LTE]","7 days","country"
"Jersey","jerseytel-15days-2gb","New eSIM","7","2 GB","0","0","JT Jersey [LTE]","15 days","country"
"Jersey","jerseytel-15days-2gb-topup","Top-up","7","2 GB","0","0","JT Jersey [LTE]","15 days","country"
"Jersey","jerseytel-30days-3gb","New eSIM","9","3 GB","0","0","JT Jersey [LTE]","30 days","country"
"Jersey","jerseytel-30days-3gb-topup","Top-up","9","3 GB","0","0","JT Jersey [LTE]","30 days","country"
"Jersey","jerseytel-30days-5gb","New eSIM","11","5 GB","0","0","JT Jersey [LTE]","30 days","country"
"Jersey","jerseytel-30days-5gb-topup","Top-up","11","5 GB","0","0","JT Jersey [LTE]","30 days","country"
"Jersey","jerseytel-30days-10gb","New eSIM","21","10 GB","0","0","JT Jersey [LTE]","30 days","country"
"Jersey","jerseytel-30days-10gb-topup","Top-up","21","10 GB","0","0","JT Jersey [LTE]","30 days","country"
"Jersey","jerseytel-30days-20gb","New eSIM","25","20 GB","0","0","JT Jersey [LTE]","30 days","country"
"Jersey","jerseytel-30days-20gb-topup","Top-up","25","20 GB","0","0","JT Jersey [LTE]","30 days","country"
"Jersey","jerseytel-3days-unlimited","New eSIM","11.5","Unlimited","0","0","JT Jersey [LTE]","3 days","country"
"Jersey","jerseytel-5days-unlimited","New eSIM","19.5","Unlimited","0","0","JT Jersey [LTE]","5 days","country"
"Jersey","jerseytel-7days-unlimited","New eSIM","27","Unlimited","0","0","JT Jersey [LTE]","7 days","country"
"Jersey","jerseytel-15days-unlimited","New eSIM","49","Unlimited","0","0","JT Jersey [LTE]","15 days","country"
"Jersey","jerseytel-30days-unlimited","New eSIM","72.5","Unlimited","0","0","JT Jersey [LTE]","30 days","country"
"Jersey","jerseytel-10days-unlimited","New eSIM","35","Unlimited","0","0","JT Jersey [LTE]","10 days","country"
"Jordan","jornet-7days-1gb","New eSIM","4.5","1 GB","0","0","Zain JO [LTE]","7 days","country"
"Jordan","jornet-7days-1gb-topup","Top-up","4.5","1 GB","0","0","Zain JO [LTE]","7 days","country"
"Jordan","jornet-15days-2gb","New eSIM","8.5","2 GB","0","0","Zain JO [LTE]","15 days","country"
"Jordan","jornet-15days-2gb-topup","Top-up","8.5","2 GB","0","0","Zain JO [LTE]","15 days","country"
"Jordan","jornet-30days-3gb","New eSIM","12","3 GB","0","0","Zain JO [LTE]","30 days","country"
"Jordan","jornet-30days-3gb-topup","Top-up","12","3 GB","0","0","Zain JO [LTE]","30 days","country"
"Jordan","jornet-30days-5gb","New eSIM","18","5 GB","0","0","Zain JO [LTE]","30 days","country"
"Jordan","jornet-30days-5gb-topup","Top-up","18","5 GB","0","0","Zain JO [LTE]","30 days","country"
"Jordan","jornet-30days-10gb","New eSIM","30","10 GB","0","0","Zain JO [LTE]","30 days","country"
"Jordan","jornet-30days-10gb-topup","Top-up","30","10 GB","0","0","Zain JO [LTE]","30 days","country"
"Jordan","jornet-30days-20gb","New eSIM","49","20 GB","0","0","Zain JO [LTE]","30 days","country"
"Jordan","jornet-30days-20gb-topup","Top-up","49","20 GB","0","0","Zain JO [LTE]","30 days","country"
"Kazakhstan","kazaknet-in-7days-1gb","New eSIM","4","1 GB","0","0","KCELL [5G], Tele 2 [3G]","7 days","country"
"Kazakhstan","kazaknet-in-7days-1gb-topup","Top-up","4","1 GB","0","0","KCELL [5G], Tele 2 [3G]","7 days","country"
"Kazakhstan","kazaknet-15days-2gb","New eSIM","6.5","2 GB","0","0","KCELL [5G], Tele 2 [3G]","15 days","country"
"Kazakhstan","kazaknet-15days-2gb-topup","Top-up","6.5","2 GB","0","0","KCELL [5G], Tele 2 [3G]","15 days","country"
"Kazakhstan","kazaknet-in-30days-3gb","New eSIM","8","3 GB","0","0","KCELL [5G], Tele 2 [3G]","30 days","country"
"Kazakhstan","kazaknet-in-30days-3gb-topup","Top-up","8","3 GB","0","0","KCELL [5G], Tele 2 [3G]","30 days","country"
"Kazakhstan","kazaknet-in-30days-5gb","New eSIM","11","5 GB","0","0","KCELL [5G], Tele 2 [3G]","30 days","country"
"Kazakhstan","kazaknet-in-30days-5gb-topup","Top-up","11","5 GB","0","0","KCELL [5G], Tele 2 [3G]","30 days","country"
"Kazakhstan","kazaknet-in-30days-10gb","New eSIM","18","10 GB","0","0","KCELL [5G], Tele 2 [3G]","30 days","country"
"Kazakhstan","kazaknet-in-30days-10gb-topup","Top-up","18","10 GB","0","0","KCELL [5G], Tele 2 [3G]","30 days","country"
"Kazakhstan","kazaknet-in-30days-20gb","New eSIM","28","20 GB","0","0","KCELL [5G], Tele 2 [3G]","30 days","country"
"Kazakhstan","kazaknet-in-30days-20gb-topup","Top-up","28","20 GB","0","0","KCELL [5G], Tele 2 [3G]","30 days","country"
"Kazakhstan","kazaknet-in-3days-unlimited","New eSIM","12.5","Unlimited","0","0","KCELL [5G], Tele 2 [3G]","3 days","country"
"Kazakhstan","kazaknet-in-3days-unlimited-topup","Top-up","12.5","Unlimited","0","0","KCELL [5G], Tele 2 [3G]","3 days","country"
"Kazakhstan","kazaknet-in-5days-unlimited","New eSIM","19","Unlimited","0","0","KCELL [5G], Tele 2 [3G]","5 days","country"
"Kazakhstan","kazaknet-in-5days-unlimited-topup","Top-up","19","Unlimited","0","0","KCELL [5G], Tele 2 [3G]","5 days","country"
"Kazakhstan","kazaknet-in-7days-unlimited","New eSIM","26.5","Unlimited","0","0","KCELL [5G], Tele 2 [3G]","7 days","country"
"Kazakhstan","kazaknet-in-7days-unlimited-topup","Top-up","26.5","Unlimited","0","0","KCELL [5G], Tele 2 [3G]","7 days","country"
"Kazakhstan","kazaknet-in-10days-unlimited","New eSIM","34.5","Unlimited","0","0","KCELL [5G], Tele 2 [3G]","10 days","country"
"Kazakhstan","kazaknet-in-10days-unlimited-topup","Top-up","34.5","Unlimited","0","0","KCELL [5G], Tele 2 [3G]","10 days","country"
"Kazakhstan","kazaknet-in-15days-unlimited","New eSIM","49","Unlimited","0","0","KCELL [5G], Tele 2 [3G]","15 days","country"
"Kazakhstan","kazaknet-in-15days-unlimited-topup","Top-up","49","Unlimited","0","0","KCELL [5G], Tele 2 [3G]","15 days","country"
"Kazakhstan","kazaknet-in-30days-unlimited","New eSIM","72","Unlimited","0","0","KCELL [5G], Tele 2 [3G]","30 days","country"
"Kazakhstan","kazaknet-in-30days-unlimited-topup","Top-up","72","Unlimited","0","0","KCELL [5G], Tele 2 [3G]","30 days","country"
"Kenya","nakuru-mobile-in-7days-1gb","New eSIM","8","1 GB","0","0","Safaricom [4G]","7 days","country"
"Kenya","nakuru-mobile-in-7days-1gb-topup","Top-up","8","1 GB","0","0","Safaricom [4G]","7 days","country"
"Kenya","nakuru-mobile-in-15days-2gb","New eSIM","14","2 GB","0","0","Safaricom [4G]","15 days","country"
"Kenya","nakuru-mobile-in-15days-2gb-topup","Top-up","14","2 GB","0","0","Safaricom [4G]","15 days","country"
"Kenya","nakuru-mobile-in-30days-3gb","New eSIM","19.5","3 GB","0","0","Safaricom [4G]","30 days","country"
"Kenya","nakuru-mobile-in-30days-3gb-topup","Top-up","19.5","3 GB","0","0","Safaricom [4G]","30 days","country"
"Kenya","nakuru-mobile-in-30days-5gb","New eSIM","32","5 GB","0","0","Safaricom [4G]","30 days","country"
"Kenya","nakuru-mobile-in-30days-5gb-topup","Top-up","32","5 GB","0","0","Safaricom [4G]","30 days","country"
"Kenya","nakuru-mobile-in-30days-10gb","New eSIM","48","10 GB","0","0","Safaricom [4G]","30 days","country"
"Kenya","nakuru-mobile-in-30days-10gb-topup","Top-up","48","10 GB","0","0","Safaricom [4G]","30 days","country"
"Kosovo","plisi-7days-1gb","New eSIM","5","1 GB","0","0","Vala [4G], IPKO [5G]","7 days","country"
"Kosovo","plisi-7days-1gb-topup","Top-up","5","1 GB","0","0","Vala [4G], IPKO [5G]","7 days","country"
"Kosovo","plisi-15days-2gb","New eSIM","10","2 GB","0","0","Vala [4G], IPKO [5G]","15 days","country"
"Kosovo","plisi-15days-2gb-topup","Top-up","10","2 GB","0","0","Vala [4G], IPKO [5G]","15 days","country"
"Kosovo","plisi-30days-3gb","New eSIM","14","3 GB","0","0","Vala [4G], IPKO [5G]","30 days","country"
"Kosovo","plisi-30days-3gb-topup","Top-up","14","3 GB","0","0","Vala [4G], IPKO [5G]","30 days","country"
"Kosovo","plisi-30days-5gb","New eSIM","22.5","5 GB","0","0","Vala [4G], IPKO [5G]","30 days","country"
"Kosovo","plisi-30days-5gb-topup","Top-up","22.5","5 GB","0","0","Vala [4G], IPKO [5G]","30 days","country"
"Kosovo","plisi-30days-10gb","New eSIM","35","10 GB","0","0","Vala [4G], IPKO [5G]","30 days","country"
"Kosovo","plisi-30days-10gb-topup","Top-up","35","10 GB","0","0","Vala [4G], IPKO [5G]","30 days","country"
"Kosovo","plisi-30days-20gb","New eSIM","49","20 GB","0","0","Vala [4G], IPKO [5G]","30 days","country"
"Kosovo","plisi-30days-20gb-topup","Top-up","49","20 GB","0","0","Vala [4G], IPKO [5G]","30 days","country"
"Kuwait","liberationmobile-7days-1gb","New eSIM","4.5","1 GB","0","0","Zain [5G], STC [5G]","7 days","country"
"Kuwait","liberationmobile-7days-1gb-topup","Top-up","4.5","1 GB","0","0","Zain [5G], STC [5G]","7 days","country"
"Kuwait","liberationmobile-15days-2gb","New eSIM","7.5","2 GB","0","0","Zain [5G], STC [5G]","15 days","country"
"Kuwait","liberationmobile-15days-2gb-topup","Top-up","7.5","2 GB","0","0","Zain [5G], STC [5G]","15 days","country"
"Kuwait","liberationmobile-30days-3gb","New eSIM","9.5","3 GB","0","0","Zain [5G], STC [5G]","30 days","country"
"Kuwait","liberationmobile-30days-3gb-topup","Top-up","9.5","3 GB","0","0","Zain [5G], STC [5G]","30 days","country"
"Kuwait","liberationmobile-30days-5gb","New eSIM","14.5","5 GB","0","0","Zain [5G], STC [5G]","30 days","country"
"Kuwait","liberationmobile-30days-5gb-topup","Top-up","14.5","5 GB","0","0","Zain [5G], STC [5G]","30 days","country"
"Kuwait","liberationmobile-30days-10gb","New eSIM","24.5","10 GB","0","0","Zain [5G], STC [5G]","30 days","country"
"Kuwait","liberationmobile-30days-10gb-topup","Top-up","24.5","10 GB","0","0","Zain [5G], STC [5G]","30 days","country"
"Kuwait","liberationmobile-30days-20gb","New eSIM","38","20 GB","0","0","Zain [5G], STC [5G]","30 days","country"
"Kuwait","liberationmobile-30days-20gb-topup","Top-up","38","20 GB","0","0","Zain [5G], STC [5G]","30 days","country"
"Kuwait","liberation-3days-unlimited","New eSIM","12.5","Unlimited","0","0","Zain [5G], STC [5G]","3 days","country"
"Kuwait","liberation-3days-unlimited-topup","Top-up","12.5","Unlimited","0","0","Zain [5G], STC [5G]","3 days","country"
"Kuwait","liberation-5days-unlimited","New eSIM","20.5","Unlimited","0","0","Zain [5G], STC [5G]","5 days","country"
"Kuwait","liberation-5days-unlimited-topup","Top-up","20.5","Unlimited","0","0","Zain [5G], STC [5G]","5 days","country"
"Kuwait","liberation-7days-unlimited","New eSIM","29.5","Unlimited","0","0","Zain [5G], STC [5G]","7 days","country"
"Kuwait","liberation-7days-unlimited-topup","Top-up","29.5","Unlimited","0","0","Zain [5G], STC [5G]","7 days","country"
"Kuwait","liberation-10days-unlimited","New eSIM","35","Unlimited","0","0","Zain [5G], STC [5G]","10 days","country"
"Kuwait","liberation-10days-unlimited-topup","Top-up","35","Unlimited","0","0","Zain [5G], STC [5G]","10 days","country"
"Kuwait","liberation-15days-unlimited","New eSIM","57","Unlimited","0","0","Zain [5G], STC [5G]","15 days","country"
"Kuwait","liberation-15days-unlimited-topup","Top-up","57","Unlimited","0","0","Zain [5G], STC [5G]","15 days","country"
"Kuwait","liberation-30days-unlimited","New eSIM","99","Unlimited","0","0","Zain [5G], STC [5G]","30 days","country"
"Kuwait","liberation-30days-unlimited-topup","Top-up","99","Unlimited","0","0","Zain [5G], STC [5G]","30 days","country"
"Kyrgyzstan","doske-7days-1gb","New eSIM","6","1 GB","0","0","Beeline [LTE]","7 days","country"
"Kyrgyzstan","doske-7days-1gb-topup","Top-up","6","1 GB","0","0","Beeline [LTE]","7 days","country"
"Kyrgyzstan","doske-15days-2gb","New eSIM","11","2 GB","0","0","Beeline [LTE]","15 days","country"
"Kyrgyzstan","doske-15days-2gb-topup","Top-up","11","2 GB","0","0","Beeline [LTE]","15 days","country"
"Kyrgyzstan","doske-30days-3gb","New eSIM","15","3 GB","0","0","Beeline [LTE]","30 days","country"
"Kyrgyzstan","doske-30days-3gb-topup","Top-up","15","3 GB","0","0","Beeline [LTE]","30 days","country"
"Kyrgyzstan","doske-30days-5gb","New eSIM","23","5 GB","0","0","Beeline [LTE]","30 days","country"
"Kyrgyzstan","doske-30days-5gb-topup","Top-up","23","5 GB","0","0","Beeline [LTE]","30 days","country"
"Kyrgyzstan","doske-30days-10gb","New eSIM","38","10 GB","0","0","Beeline [LTE]","30 days","country"
"Kyrgyzstan","doske-30days-10gb-topup","Top-up","38","10 GB","0","0","Beeline [LTE]","30 days","country"
"Kyrgyzstan","doske-30days-20gb","New eSIM","48","20 GB","0","0","Beeline [LTE]","30 days","country"
"Kyrgyzstan","doske-30days-20gb-topup","Top-up","48","20 GB","0","0","Beeline [LTE]","30 days","country"
"Kyrgyzstan","doske-10days-unlimited","New eSIM","35","Unlimited","0","0","Beeline [LTE]","10 days","country"
"Kyrgyzstan","doske-3days-unlimited","New eSIM","12","Unlimited","0","0","Beeline [LTE]","3 days","country"
"Kyrgyzstan","doske-5days-unlimited","New eSIM","20","Unlimited","0","0","Beeline [LTE]","5 days","country"
"Kyrgyzstan","doske-7days-unlimited","New eSIM","27.5","Unlimited","0","0","Beeline [LTE]","7 days","country"
"Kyrgyzstan","doske-15days-unlimited","New eSIM","49","Unlimited","0","0","Beeline [LTE]","15 days","country"
"Kyrgyzstan","doske-30days-unlimited","New eSIM","72.5","Unlimited","0","0","Beeline [LTE]","30 days","country"
"Laos","pak-ou-mobile-7days-1gb","New eSIM","6","1 GB","0","0","ETL [LTE]","7 days","country"
"Laos","pak-ou-mobile-7days-1gb-topup","Top-up","6","1 GB","0","0","ETL [LTE]","7 days","country"
"Laos","pak-ou-mobile-30days-5gb","New eSIM","18.5","5 GB","0","0","ETL [LTE]","30 days","country"
"Laos","pak-ou-mobile-30days-10gb","New eSIM","29","10 GB","0","0","ETL [LTE]","30 days","country"
"Laos","pak-ou-mobile-30days-20gb","New eSIM","46","20 GB","0","0","ETL [LTE]","30 days","country"
"Laos","pak-ou-mobile-30days-5gb-topup","Top-up","18.5","5 GB","0","0","ETL [LTE]","30 days","country"
"Laos","pak-ou-mobile-30days-10gb-topup","Top-up","29","10 GB","0","0","ETL [LTE]","30 days","country"
"Laos","pak-ou-mobile-30days-20gb-topup","Top-up","46","20 GB","0","0","ETL [LTE]","30 days","country"
"Laos","pak-ou-mobile-15days-2gb","New eSIM","10","2 GB","0","0","ETL [LTE]","15 days","country"
"Laos","pak-ou-mobile-15days-2gb-topup","Top-up","10","2 GB","0","0","ETL [LTE]","15 days","country"
"Laos","pak-ou-mobile-30days-3gb","New eSIM","13","3 GB","0","0","ETL [LTE]","30 days","country"
"Laos","pak-ou-mobile-30days-3gb-topup","Top-up","13","3 GB","0","0","ETL [LTE]","30 days","country"
"Laos","pak-ou-mobile-3days-unlimited","New eSIM","19.5","Unlimited","0","0","ETL [LTE]","3 days","country"
"Laos","pak-ou-mobile-3days-unlimited-topup","Top-up","19.5","Unlimited","0","0","ETL [LTE]","3 days","country"
"Laos","pak-ou-mobile-5days-unlimited","New eSIM","30.5","Unlimited","0","0","ETL [LTE]","5 days","country"
"Laos","pak-ou-mobile-5days-unlimited-topup","Top-up","30.5","Unlimited","0","0","ETL [LTE]","5 days","country"
"Laos","pak-ou-mobile-7days-unlimited","New eSIM","39.5","Unlimited","0","0","ETL [LTE]","7 days","country"
"Laos","pak-ou-mobile-7days-unlimited-topup","Top-up","39.5","Unlimited","0","0","ETL [LTE]","7 days","country"
"Laos","pak-ou-mobile-10days-unlimited","New eSIM","46","Unlimited","0","0","ETL [LTE]","10 days","country"
"Laos","pak-ou-mobile-10days-unlimited-topup","Top-up","46","Unlimited","0","0","ETL [LTE]","10 days","country"
"Laos","pak-ou-mobile-15days-unlimited","New eSIM","62","Unlimited","0","0","ETL [LTE]","15 days","country"
"Laos","pak-ou-mobile-15days-unlimited-topup","Top-up","62","Unlimited","0","0","ETL [LTE]","15 days","country"
"Latvia","labitel-in-30days-5gb","New eSIM","11","5 GB","0","0","Bite Latvija [5G]","30 days","country"
"Latvia","labitel-in-30days-5gb-topup","Top-up","11","5 GB","0","0","Bite Latvija [5G]","30 days","country"
"Latvia","labitel-in-30days-10gb","New eSIM","18","10 GB","0","0","Bite Latvija [5G]","30 days","country"
"Latvia","labitel-in-30days-10gb-topup","Top-up","18","10 GB","0","0","Bite Latvija [5G]","30 days","country"
"Latvia","labitel-in-30days-20gb","New eSIM","28","20 GB","0","0","Bite Latvija [5G]","30 days","country"
"Latvia","labitel-in-30days-20gb-topup","Top-up","28","20 GB","0","0","Bite Latvija [5G]","30 days","country"
"Latvia","labitel-in-7days-1gb","New eSIM","4","1 GB","0","0","Bite Latvija [5G]","7 days","country"
"Latvia","labitel-in-7days-1gb-topup","Top-up","4","1 GB","0","0","Bite Latvija [5G]","7 days","country"
"Latvia","labitel-in-15days-2gb","New eSIM","6.5","2 GB","0","0","Bite Latvija [5G]","15 days","country"
"Latvia","labitel-in-15days-2gb-topup","Top-up","6.5","2 GB","0","0","Bite Latvija [5G]","15 days","country"
"Latvia","labitel-in-30days-3gb","New eSIM","8","3 GB","0","0","Bite Latvija [5G]","30 days","country"
"Latvia","labitel-in-30days-3gb-topup","Top-up","8","3 GB","0","0","Bite Latvija [5G]","30 days","country"
"Latvia","labitel-in-3days-unlimited","New eSIM","11.5","Unlimited","0","0","Bite Latvija [5G]","3 days","country"
"Latvia","labitel-in-3days-unlimited-topup","Top-up","11.5","Unlimited","0","0","Bite Latvija [5G]","3 days","country"
"Latvia","labitel-in-5days-unlimited","New eSIM","18","Unlimited","0","0","Bite Latvija [5G]","5 days","country"
"Latvia","labitel-in-5days-unlimited-topup","Top-up","18","Unlimited","0","0","Bite Latvija [5G]","5 days","country"
"Latvia","labitel-in-7days-unlimited","New eSIM","27","Unlimited","0","0","Bite Latvija [5G]","7 days","country"
"Latvia","labitel-in-7days-unlimited-topup","Top-up","27","Unlimited","0","0","Bite Latvija [5G]","7 days","country"
"Latvia","labitel-in-10days-unlimited","New eSIM","35","Unlimited","0","0","Bite Latvija [5G]","10 days","country"
"Latvia","labitel-in-10days-unlimited-topup","Top-up","35","Unlimited","0","0","Bite Latvija [5G]","10 days","country"
"Latvia","labitel-in-15days-unlimited","New eSIM","48","Unlimited","0","0","Bite Latvija [5G]","15 days","country"
"Latvia","labitel-in-15days-unlimited-topup","Top-up","48","Unlimited","0","0","Bite Latvija [5G]","15 days","country"
"Latvia","labitel-in-30days-unlimited-topup","Top-up","69","Unlimited","0","0","Bite Latvija [5G]","30 days","country"
"Latvia","labitel-in-30days-unlimited","New eSIM","69","Unlimited","0","0","Bite Latvija [5G]","30 days","country"
"Lebanon","salbeh-in-7days-1gb-20251218093524","New eSIM","9.5","1 GB","0","0","Alfa [4G]","7 days","country"
"Lebanon","salbeh-in-7days-1gb-topup-20251218093525","Top-up","9.5","1 GB","0","0","Alfa [4G]","7 days","country"
"Lebanon","salbeh-in-30days-5gb","New eSIM","33","5 GB","0","0","Alfa [4G]","30 days","country"
"Lebanon","salbeh-in-30days-5gb-topup","Top-up","33","5 GB","0","0","Alfa [4G]","30 days","country"
"Lebanon","salbeh-in-30days-10gb","New eSIM","59","10 GB","0","0","Alfa [4G]","30 days","country"
"Lebanon","salbeh-in-30days-10gb-topup","Top-up","59","10 GB","0","0","Alfa [4G]","30 days","country"
"Lebanon","salbeh-in-15days-2gb","New eSIM","15","2 GB","0","0","Alfa [4G]","15 days","country"
"Lebanon","salbeh-in-15days-2gb-topup","Top-up","15","2 GB","0","0","Alfa [4G]","15 days","country"
"Lebanon","salbeh-in-30days-3gb","New eSIM","19.5","3 GB","0","0","Alfa [4G]","30 days","country"
"Lebanon","salbeh-in-30days-3gb-topup","Top-up","19.5","3 GB","0","0","Alfa [4G]","30 days","country"
"Lesotho","maloti-in-7days-1gb","New eSIM","8.5","1 GB","0","0","Vodacom [3G]","7 days","country"
"Lesotho","maloti-in-7days-1gb-topup","Top-up","8.5","1 GB","0","0","Vodacom [3G]","7 days","country"
"Lesotho","maloti-in-15days-2gb","New eSIM","13","2 GB","0","0","Vodacom [3G]","15 days","country"
"Lesotho","maloti-in-15days-2gb-topup","Top-up","13","2 GB","0","0","Vodacom [3G]","15 days","country"
"Lesotho","maloti-in-30days-3gb","New eSIM","17","3 GB","0","0","Vodacom [3G]","30 days","country"
"Lesotho","maloti-in-30days-3gb-topup","Top-up","17","3 GB","0","0","Vodacom [3G]","30 days","country"
"Lesotho","maloti-in-30days-5gb","New eSIM","23","5 GB","0","0","Vodacom [3G]","30 days","country"
"Lesotho","maloti-in-30days-5gb-topup","Top-up","23","5 GB","0","0","Vodacom [3G]","30 days","country"
"Lesotho","maloti-in-30days-10gb","New eSIM","39","10 GB","0","0","Vodacom [3G]","30 days","country"
"Lesotho","maloti-in-30days-10gb-topup","Top-up","39","10 GB","0","0","Vodacom [3G]","30 days","country"
"Liberia","mariocom-in-7days-1gb","New eSIM","6","1 GB","0","0","MTN [4G]","7 days","country"
"Liberia","mariocom-in-7days-1gb-topup","Top-up","6","1 GB","0","0","MTN [4G]","7 days","country"
"Liechtenstein","lie-mobile-in-7days-1gb","New eSIM","4","1 GB","0","0","Telecom Liechtenstein [LTE]","7 days","country"
"Liechtenstein","lie-mobile-in-7days-1gb-topup","Top-up","4","1 GB","0","0","Telecom Liechtenstein [LTE]","7 days","country"
"Liechtenstein","lie-mobile-in-15days-2gb","New eSIM","6","2 GB","0","0","Telecom Liechtenstein [LTE]","15 days","country"
"Liechtenstein","lie-mobile-in-15days-2gb-topup","Top-up","6","2 GB","0","0","Telecom Liechtenstein [LTE]","15 days","country"
"Liechtenstein","lie-mobile-in-30days-3gb","New eSIM","7.5","3 GB","0","0","Telecom Liechtenstein [LTE]","30 days","country"
"Liechtenstein","lie-mobile-in-30days-3gb-topup","Top-up","7.5","3 GB","0","0","Telecom Liechtenstein [LTE]","30 days","country"
"Liechtenstein","lie-mobile-in-30days-5gb","New eSIM","11","5 GB","0","0","Telecom Liechtenstein [LTE]","30 days","country"
"Liechtenstein","lie-mobile-in-30days-5gb-topup","Top-up","11","5 GB","0","0","Telecom Liechtenstein [LTE]","30 days","country"
"Liechtenstein","lie-mobile-in-30days-10gb","New eSIM","18","10 GB","0","0","Telecom Liechtenstein [LTE]","30 days","country"
"Liechtenstein","lie-mobile-in-30days-10gb-topup","Top-up","18","10 GB","0","0","Telecom Liechtenstein [LTE]","30 days","country"
"Liechtenstein","lie-mobile-in-30days-20gb","New eSIM","27","20 GB","0","0","Telecom Liechtenstein [LTE]","30 days","country"
"Liechtenstein","lie-mobile-in-30days-20gb-topup","Top-up","27","20 GB","0","0","Telecom Liechtenstein [LTE]","30 days","country"
"Liechtenstein","lie-mobile-in-3days-unlimited","New eSIM","11.5","Unlimited","0","0","Telecom Liechtenstein [LTE]","3 days","country"
"Liechtenstein","lie-mobile-in-3days-unlimited-topup","Top-up","11.5","Unlimited","0","0","Telecom Liechtenstein [LTE]","3 days","country"
"Liechtenstein","lie-mobile-in-5days-unlimited","New eSIM","19.5","Unlimited","0","0","Telecom Liechtenstein [LTE]","5 days","country"
"Liechtenstein","lie-mobile-in-5days-unlimited-topup","Top-up","19.5","Unlimited","0","0","Telecom Liechtenstein [LTE]","5 days","country"
"Liechtenstein","lie-mobile-in-7days-unlimited","New eSIM","27","Unlimited","0","0","Telecom Liechtenstein [LTE]","7 days","country"
"Liechtenstein","lie-mobile-in-7days-unlimited-topup","Top-up","27","Unlimited","0","0","Telecom Liechtenstein [LTE]","7 days","country"
"Liechtenstein","lie-mobile-in-10days-unlimited","New eSIM","35","Unlimited","0","0","Telecom Liechtenstein [LTE]","10 days","country"
"Liechtenstein","lie-mobile-in-10days-unlimited-topup","Top-up","35","Unlimited","0","0","Telecom Liechtenstein [LTE]","10 days","country"
"Liechtenstein","lie-mobile-in-15days-unlimited","New eSIM","49","Unlimited","0","0","Telecom Liechtenstein [LTE]","15 days","country"
"Liechtenstein","lie-mobile-in-15days-unlimited-topup","Top-up","49","Unlimited","0","0","Telecom Liechtenstein [LTE]","15 days","country"
"Liechtenstein","lie-mobile-in-30days-unlimited","New eSIM","72.5","Unlimited","0","0","Telecom Liechtenstein [LTE]","30 days","country"
"Liechtenstein","lie-mobile-in-30days-unlimited-topup","Top-up","72.5","Unlimited","0","0","Telecom Liechtenstein [LTE]","30 days","country"
"Lithuania","lila-mobile-in-7days-1gb","New eSIM","4","1 GB","0","0","Tele2 [5G]","7 days","country"
"Lithuania","lila-mobile-in-7days-1gb-topup","Top-up","4","1 GB","0","0","Tele2 [5G]","7 days","country"
"Lithuania","lila-mobile-in-15days-2gb","New eSIM","6.5","2 GB","0","0","Tele2 [5G]","15 days","country"
"Lithuania","lila-mobile-in-15days-2gb-topup","Top-up","6.5","2 GB","0","0","Tele2 [5G]","15 days","country"
"Lithuania","lila-mobile-in-30days-3gb","New eSIM","8","3 GB","0","0","Tele2 [5G]","30 days","country"
"Lithuania","lila-mobile-in-30days-3gb-topup","Top-up","8","3 GB","0","0","Tele2 [5G]","30 days","country"
"Lithuania","lila-mobile-in-30days-5gb","New eSIM","12","5 GB","0","0","Tele2 [5G]","30 days","country"
"Lithuania","lila-mobile-in-30days-5gb-topup","Top-up","12","5 GB","0","0","Tele2 [5G]","30 days","country"
"Lithuania","lila-mobile-in-30days-10gb","New eSIM","19","10 GB","0","0","Tele2 [5G]","30 days","country"
"Lithuania","lila-mobile-in-30days-10gb-topup","Top-up","19","10 GB","0","0","Tele2 [5G]","30 days","country"
"Lithuania","lila-mobile-in-30days-20gb","New eSIM","30","20 GB","0","0","Tele2 [5G]","30 days","country"
"Lithuania","lila-mobile-in-30days-20gb-topup","Top-up","30","20 GB","0","0","Tele2 [5G]","30 days","country"
"Lithuania","lila-mobile-in-3days-unlimited","New eSIM","11.5","Unlimited","0","0","Tele2 [5G]","3 days","country"
"Lithuania","lila-mobile-in-3days-unlimited-topup","Top-up","11.5","Unlimited","0","0","Tele2 [5G]","3 days","country"
"Lithuania","lila-mobile-in-5days-unlimited","New eSIM","19","Unlimited","0","0","Tele2 [5G]","5 days","country"
"Lithuania","lila-mobile-in-5days-unlimited-topup","Top-up","19","Unlimited","0","0","Tele2 [5G]","5 days","country"
"Lithuania","lila-mobile-in-7days-unlimited","New eSIM","27","Unlimited","0","0","Tele2 [5G]","7 days","country"
"Lithuania","lila-mobile-in-7days-unlimited-topup","Top-up","27","Unlimited","0","0","Tele2 [5G]","7 days","country"
"Lithuania","lila-mobile-in-10days-unlimited","New eSIM","34","Unlimited","0","0","Tele2 [5G]","10 days","country"
"Lithuania","lila-mobile-in-10days-unlimited-topup","Top-up","34","Unlimited","0","0","Tele2 [5G]","10 days","country"
"Lithuania","lila-mobile-in-15days-unlimited","New eSIM","48","Unlimited","0","0","Tele2 [5G]","15 days","country"
"Lithuania","lila-mobile-in-15days-unlimited-topup","Top-up","48","Unlimited","0","0","Tele2 [5G]","15 days","country"
"Lithuania","lila-mobile-in-30days-unlimited","New eSIM","69","Unlimited","0","0","Tele2 [5G]","30 days","country"
"Lithuania","lila-mobile-in-30days-unlimited-topup","Top-up","69","Unlimited","0","0","Tele2 [5G]","30 days","country"
"Luxembourg","luxcom-in-30days-5gb","New eSIM","11.5","5 GB","0","0","Orange [5G]","30 days","country"
"Luxembourg","luxcom-in-30days-5gb-topup","Top-up","11.5","5 GB","0","0","Orange [5G]","30 days","country"
"Luxembourg","luxcom-in-30days-10gb","New eSIM","19","10 GB","0","0","Orange [5G]","30 days","country"
"Luxembourg","luxcom-in-30days-10gb-topup","Top-up","19","10 GB","0","0","Orange [5G]","30 days","country"
"Luxembourg","luxcom-in-30days-20gb","New eSIM","29.5","20 GB","0","0","Orange [5G]","30 days","country"
"Luxembourg","luxcom-in-30days-20gb-topup","Top-up","29.5","20 GB","0","0","Orange [5G]","30 days","country"
"Luxembourg","luxcom-in-7days-1gb","New eSIM","4","1 GB","0","0","Orange [5G]","7 days","country"
"Luxembourg","luxcom-in-7days-1gb-topup","Top-up","4","1 GB","0","0","Orange [5G]","7 days","country"
"Luxembourg","luxcom-in-15days-2gb","New eSIM","6.5","2 GB","0","0","Orange [5G]","15 days","country"
"Luxembourg","luxcom-in-15days-2gb-topup","Top-up","6.5","2 GB","0","0","Orange [5G]","15 days","country"
"Luxembourg","luxcom-in-30days-3gb","New eSIM","8","3 GB","0","0","Orange [5G]","30 days","country"
"Luxembourg","luxcom-in-30days-3gb-topup","Top-up","8","3 GB","0","0","Orange [5G]","30 days","country"
"Luxembourg","luxcomm-in-3days-unlimited","New eSIM","11.5","Unlimited","0","0","Orange [5G]","3 days","country"
"Luxembourg","luxcomm-in-3days-unlimited-topup","Top-up","11.5","Unlimited","0","0","Orange [5G]","3 days","country"
"Luxembourg","luxcomm-in-5days-unlimited","New eSIM","19","Unlimited","0","0","Orange [5G]","5 days","country"
"Luxembourg","luxcomm-in-5days-unlimited-topup","Top-up","19","Unlimited","0","0","Orange [5G]","5 days","country"
"Luxembourg","luxcomm-in-7days-unlimited","New eSIM","27","Unlimited","0","0","Orange [5G]","7 days","country"
"Luxembourg","luxcomm-in-7days-unlimited-topup","Top-up","27","Unlimited","0","0","Orange [5G]","7 days","country"
"Luxembourg","luxcomm-in-10days-unlimited","New eSIM","34","Unlimited","0","0","Orange [5G]","10 days","country"
"Luxembourg","luxcomm-in-10days-unlimited-topup","Top-up","34","Unlimited","0","0","Orange [5G]","10 days","country"
"Luxembourg","luxcomm-in-15days-unlimited","New eSIM","48","Unlimited","0","0","Orange [5G]","15 days","country"
"Luxembourg","luxcomm-in-15days-unlimited-topup","Top-up","48","Unlimited","0","0","Orange [5G]","15 days","country"
"Luxembourg","luxcomm-in-30days-unlimited-topup","Top-up","69","Unlimited","0","0","Orange [5G]","30 days","country"
"Luxembourg","luxcomm-in-30days-unlimited","New eSIM","69","Unlimited","0","0","Orange [5G]","30 days","country"
"Macao","macao-mobile-in-7days-1gb","New eSIM","4","1 GB","0","0","Hutchison [4G]","7 days","country"
"Macao","macao-mobile-in-7days-1gb-topup","Top-up","4","1 GB","0","0","Hutchison [4G]","7 days","country"
"Macao","macao-mobile-in-15days-2gb","New eSIM","6","2 GB","0","0","Hutchison [4G]","15 days","country"
"Macao","macao-mobile-in-15days-2gb-topup","Top-up","6","2 GB","0","0","Hutchison [4G]","15 days","country"
"Macao","macao-mobile-in-30days-3gb","New eSIM","7","3 GB","0","0","Hutchison [4G]","30 days","country"
"Macao","macao-mobile-in-30days-3gb-topup","Top-up","7","3 GB","0","0","Hutchison [4G]","30 days","country"
"Macao","macao-mobile-in-30days-5gb","New eSIM","10","5 GB","0","0","Hutchison [4G]","30 days","country"
"Macao","macao-mobile-in-30days-5gb-topup","Top-up","10","5 GB","0","0","Hutchison [4G]","30 days","country"
"Macao","macao-mobile-in-30days-10gb","New eSIM","16","10 GB","0","0","Hutchison [4G]","30 days","country"
"Macao","macao-mobile-in-30days-10gb-topup","Top-up","16","10 GB","0","0","Hutchison [4G]","30 days","country"
"Macao","macao-mobile-in-30days-20gb","New eSIM","23","20 GB","0","0","Hutchison [4G]","30 days","country"
"Macao","macao-mobile-in-30days-20gb-topup","Top-up","23","20 GB","0","0","Hutchison [4G]","30 days","country"
"Macao","macao-mobile-in-3days-unlimited","New eSIM","11.5","Unlimited","0","0","Hutchison [4G]","3 days","country"
"Macao","macao-mobile-in-3days-unlimited-topup","Top-up","11.5","Unlimited","0","0","Hutchison [4G]","3 days","country"
"Macao","macao-mobile-in-5days-unlimited","New eSIM","19.5","Unlimited","0","0","Hutchison [4G]","5 days","country"
"Macao","macao-mobile-in-5days-unlimited-topup","Top-up","19.5","Unlimited","0","0","Hutchison [4G]","5 days","country"
"Macao","macao-mobile-in-7days-unlimited","New eSIM","27","Unlimited","0","0","Hutchison [4G]","7 days","country"
"Macao","macao-mobile-in-7days-unlimited-topup","Top-up","27","Unlimited","0","0","Hutchison [4G]","7 days","country"
"Macao","macao-mobile-in-10days-unlimited","New eSIM","35","Unlimited","0","0","Hutchison [4G]","10 days","country"
"Macao","macao-mobile-in-10days-unlimited-topup","Top-up","35","Unlimited","0","0","Hutchison [4G]","10 days","country"
"Macao","macao-mobile-in-15days-unlimited","New eSIM","49","Unlimited","0","0","Hutchison [4G]","15 days","country"
"Macao","macao-mobile-in-15days-unlimited-topup","Top-up","49","Unlimited","0","0","Hutchison [4G]","15 days","country"
"Macao","macao-mobile-in-30days-unlimited","New eSIM","72.5","Unlimited","0","0","Hutchison [4G]","30 days","country"
"Macao","macao-mobile-in-30days-unlimited-topup","Top-up","72.5","Unlimited","0","0","Hutchison [4G]","30 days","country"
"Madagascar","madacom-30days-20gb","New eSIM","70","20 GB","0","0","Airtel [4G]","30 days","country"
"Madagascar","madacom-30days-20gb-topup","Top-up","70","20 GB","0","0","Airtel [4G]","30 days","country"
"Madagascar","madacom-7days-1gb-topup","Top-up","7","1 GB","0","0","Airtel [4G]","7 days","country"
"Madagascar","madacom-7days-1gb","New eSIM","7","1 GB","0","0","Airtel [4G]","7 days","country"
"Madagascar","madacom-15days-2gb-topup","Top-up","13","2 GB","0","0","Airtel [4G]","15 days","country"
"Madagascar","madacom-15days-2gb","New eSIM","13","2 GB","0","0","Airtel [4G]","15 days","country"
"Madagascar","madacom-30days-3gb-topup","Top-up","18","3 GB","0","0","Airtel [4G]","30 days","country"
"Madagascar","madacom-30days-3gb","New eSIM","18","3 GB","0","0","Airtel [4G]","30 days","country"
"Madagascar","madacom-30days-5gb-topup","Top-up","28","5 GB","0","0","Airtel [4G]","30 days","country"
"Madagascar","madacom-30days-5gb","New eSIM","28","5 GB","0","0","Airtel [4G]","30 days","country"
"Madagascar","madacom-30days-10gb-topup","Top-up","45","10 GB","0","0","Airtel [4G]","30 days","country"
"Madagascar","madacom-30days-10gb","New eSIM","45","10 GB","0","0","Airtel [4G]","30 days","country"
"Madagascar","madacom-10days-unlimited","New eSIM","46.5","Unlimited","0","0","Airtel [4G]","10 days","country"
"Madagascar","madacom-10days-unlimited-topup","Top-up","46.5","Unlimited","0","0","Airtel [4G]","10 days","country"
"Madeira","porto-in-7days-1gb","New eSIM","4","1 GB","0","0","Vodafone [LTE], Optimus [5G]","7 days","country"
"Madeira","porto-in-7days-1gb-topup","Top-up","4","1 GB","0","0","Vodafone [LTE], Optimus [5G]","7 days","country"
"Madeira","porto-in-15days-2gb","New eSIM","5.5","2 GB","0","0","Vodafone [LTE], Optimus [5G]","15 days","country"
"Madeira","porto-in-15days-2gb-topup","Top-up","5.5","2 GB","0","0","Vodafone [LTE], Optimus [5G]","15 days","country"
"Madeira","porto-in-30days-3gb","New eSIM","6.5","3 GB","0","0","Vodafone [LTE], Optimus [5G]","30 days","country"
"Madeira","porto-in-30days-3gb-topup","Top-up","6.5","3 GB","0","0","Vodafone [LTE], Optimus [5G]","30 days","country"
"Madeira","porto-in-30days-5gb","New eSIM","9","5 GB","0","0","Vodafone [LTE], Optimus [5G]","30 days","country"
"Madeira","porto-in-30days-5gb-topup","Top-up","9","5 GB","0","0","Vodafone [LTE], Optimus [5G]","30 days","country"
"Madeira","porto-in-30days-10gb","New eSIM","11","10 GB","0","0","Vodafone [LTE], Optimus [5G]","30 days","country"
"Madeira","porto-in-30days-10gb-topup","Top-up","11","10 GB","0","0","Vodafone [LTE], Optimus [5G]","30 days","country"
"Madeira","porto-in-30days-20gb","New eSIM","19","20 GB","0","0","Vodafone [LTE], Optimus [5G]","30 days","country"
"Madeira","porto-in-30days-20gb-topup","Top-up","19","20 GB","0","0","Vodafone [LTE], Optimus [5G]","30 days","country"
"Madeira","porto-in-3days-unlimited","New eSIM","11.5","Unlimited","0","0","Vodafone [LTE], Optimus [5G]","3 days","country"
"Madeira","porto-in-3days-unlimited-topup","Top-up","11.5","Unlimited","0","0","Vodafone [LTE], Optimus [5G]","3 days","country"
"Madeira","porto-in-5days-unlimited","New eSIM","19","Unlimited","0","0","Vodafone [LTE], Optimus [5G]","5 days","country"
"Madeira","porto-in-5days-unlimited-topup","Top-up","19","Unlimited","0","0","Vodafone [LTE], Optimus [5G]","5 days","country"
"Madeira","porto-in-7days-unlimited","New eSIM","27","Unlimited","0","0","Vodafone [LTE], Optimus [5G]","7 days","country"
"Madeira","porto-in-7days-unlimited-topup","Top-up","27","Unlimited","0","0","Vodafone [LTE], Optimus [5G]","7 days","country"
"Madeira","porto-in-10days-unlimited","New eSIM","35","Unlimited","0","0","Vodafone [LTE], Optimus [5G]","10 days","country"
"Madeira","porto-in-10days-unlimited-topup","Top-up","35","Unlimited","0","0","Vodafone [LTE], Optimus [5G]","10 days","country"
"Madeira","porto-in-15days-unlimited","New eSIM","49","Unlimited","0","0","Vodafone [LTE], Optimus [5G]","15 days","country"
"Madeira","porto-in-15days-unlimited-topup","Top-up","49","Unlimited","0","0","Vodafone [LTE], Optimus [5G]","15 days","country"
"Madeira","porto-in-30days-unlimited-topup","Top-up","69","Unlimited","0","0","Vodafone [LTE], Optimus [5G]","30 days","country"
"Madeira","porto-in-30days-unlimited","New eSIM","69","Unlimited","0","0","Vodafone [LTE], Optimus [5G]","30 days","country"
"Malawi","shire-mobile-in-7days-1gb","New eSIM","8","1 GB","0","0","Access Communication [4G]","7 days","country"
"Malawi","shire-mobile-in-7days-1gb-topup","Top-up","8","1 GB","0","0","Access Communication [4G]","7 days","country"
"Malawi","shire-mobile-in-15days-2gb","New eSIM","14","2 GB","0","0","Access Communication [4G]","15 days","country"
"Malawi","shire-mobile-in-15days-2gb-topup","Top-up","14","2 GB","0","0","Access Communication [4G]","15 days","country"
"Malawi","shire-mobile-in-30days-3gb","New eSIM","19","3 GB","0","0","Access Communication [4G]","30 days","country"
"Malawi","shire-mobile-in-30days-3gb-topup","Top-up","19","3 GB","0","0","Access Communication [4G]","30 days","country"
"Malawi","shire-mobile-in-30days-5gb","New eSIM","32","5 GB","0","0","Access Communication [4G]","30 days","country"
"Malawi","shire-mobile-in-30days-5gb-topup","Top-up","32","5 GB","0","0","Access Communication [4G]","30 days","country"
"Malawi","shire-mobile-in-30days-10gb","New eSIM","49","10 GB","0","0","Access Communication [4G]","30 days","country"
"Malawi","shire-mobile-in-30days-10gb-topup","Top-up","49","10 GB","0","0","Access Communication [4G]","30 days","country"
"Malaysia","sambungkan-in-7days-1gb","New eSIM","4","1 GB","0","0","Maxis [5G]","7 days","country"
"Malaysia","sambungkan-in-7days-1gb-topup","Top-up","4","1 GB","0","0","Maxis [5G]","7 days","country"
"Malaysia","sambungkan-in-15days-2gb","New eSIM","6.5","2 GB","0","0","Maxis [5G]","15 days","country"
"Malaysia","sambungkan-in-15days-2gb-topup","Top-up","6.5","2 GB","0","0","Maxis [5G]","15 days","country"
"Malaysia","sambungkan-in-30days-3gb","New eSIM","8","3 GB","0","0","Maxis [5G]","30 days","country"
"Malaysia","sambungkan-in-30days-3gb-topup","Top-up","8","3 GB","0","0","Maxis [5G]","30 days","country"
"Malaysia","sambungkan-in-30days-5gb","New eSIM","12","5 GB","0","0","Maxis [5G]","30 days","country"
"Malaysia","sambungkan-in-30days-5gb-topup","Top-up","12","5 GB","0","0","Maxis [5G]","30 days","country"
"Malaysia","sambungkan-in-30days-10gb","New eSIM","20","10 GB","0","0","Maxis [5G]","30 days","country"
"Malaysia","sambungkan-in-30days-10gb-topup","Top-up","20","10 GB","0","0","Maxis [5G]","30 days","country"
"Malaysia","sambungkan-in-30days-20gb","New eSIM","32","20 GB","0","0","Maxis [5G]","30 days","country"
"Malaysia","sambungkan-in-30days-20gb-topup","Top-up","32","20 GB","0","0","Maxis [5G]","30 days","country"
"Malaysia","sambungkan-in-3days-unlimited","New eSIM","11.5","Unlimited","0","0","Maxis [5G]","3 days","country"
"Malaysia","sambungkan-in-3days-unlimited-topup","Top-up","11.5","Unlimited","0","0","Maxis [5G]","3 days","country"
"Malaysia","sambungkan-in-5days-unlimited","New eSIM","19","Unlimited","0","0","Maxis [5G]","5 days","country"
"Malaysia","sambungkan-in-5days-unlimited-topup","Top-up","19","Unlimited","0","0","Maxis [5G]","5 days","country"
"Malaysia","sambungkan-in-7days-unlimited","New eSIM","27","Unlimited","0","0","Maxis [5G]","7 days","country"
"Malaysia","sambungkan-in-7days-unlimited-topup","Top-up","27","Unlimited","0","0","Maxis [5G]","7 days","country"
"Malaysia","sambungkan-in-10days-unlimited","New eSIM","34.5","Unlimited","0","0","Maxis [5G]","10 days","country"
"Malaysia","sambungkan-in-10days-unlimited-topup","Top-up","34.5","Unlimited","0","0","Maxis [5G]","10 days","country"
"Malaysia","sambungkan-in-15days-unlimited","New eSIM","48.5","Unlimited","0","0","Maxis [5G]","15 days","country"
"Malaysia","sambungkan-in-15days-unlimited-topup","Top-up","48.5","Unlimited","0","0","Maxis [5G]","15 days","country"
"Malaysia","sambungkan-in-30days-unlimited","New eSIM","71","Unlimited","0","0","Maxis [5G]","30 days","country"
"Malaysia","sambungkan-in-30days-unlimited-topup","Top-up","71","Unlimited","0","0","Maxis [5G]","30 days","country"
"Maldives","tourist-maldives-7-days-1gb","New eSIM","10","1 GB","0","0","Dhiraagu [4G]","","country"
"Maldives","tourist-maldives-7-days-1gb-topup","Top-up","10","1 GB","0","0","Dhiraagu [4G]","","country"
"Maldives","tourist-maldives-15-days-2gb","New eSIM","16.5","2 GB","0","0","Dhiraagu [4G]","","country"
"Maldives","tourist-maldives-15-days-2gb-topup","Top-up","16.5","2 GB","0","0","Dhiraagu [4G]","","country"
"Maldives","tourist-maldives-30-days-3gb","New eSIM","22.5","3 GB","0","0","Dhiraagu [4G]","","country"
"Maldives","tourist-maldives-30-days-3gb-topup","Top-up","22.5","3 GB","0","0","Dhiraagu [4G]","","country"
"Maldives","tourist-maldives-30-days-5gb","New eSIM","36.5","5 GB","0","0","Dhiraagu [4G]","","country"
"Maldives","tourist-maldives-30-days-5gb-topup","Top-up","36.5","5 GB","0","0","Dhiraagu [4G]","","country"
"Maldives","tourist-maldives-30-days-10gb","New eSIM","64","10 GB","0","0","Dhiraagu [4G]","","country"
"Maldives","tourist-maldives-30-days-10gb-topup","Top-up","64","10 GB","0","0","Dhiraagu [4G]","","country"
"Maldives","tourist-maldives-30-days-20gb","New eSIM","104.5","20 GB","0","0","Dhiraagu [4G]","","country"
"Maldives","tourist-maldives-30-days-20gb-topup","Top-up","104.5","20 GB","0","0","Dhiraagu [4G]","","country"
"Mali","mali-connected-in-7days-1gb","New eSIM","9","1 GB","0","0","Orange [4G]","7 days","country"
"Mali","mali-connected-in-7days-1gb-topup","Top-up","9","1 GB","0","0","Orange [4G]","7 days","country"
"Mali","mali-connected-in-15days-2gb","New eSIM","17","2 GB","0","0","Orange [4G]","15 days","country"
"Mali","mali-connected-in-15days-2gb-topup","Top-up","17","2 GB","0","0","Orange [4G]","15 days","country"
"Mali","mali-connected-in-30days-3gb","New eSIM","24.5","3 GB","0","0","Orange [4G]","30 days","country"
"Mali","mali-connected-in-30days-3gb-topup","Top-up","24.5","3 GB","0","0","Orange [4G]","30 days","country"
"Mali","mali-connected-in-30days-5gb","New eSIM","38.5","5 GB","0","0","Orange [4G]","30 days","country"
"Mali","mali-connected-in-30days-5gb-topup","Top-up","38.5","5 GB","0","0","Orange [4G]","30 days","country"
"Malta","maltafone-in-7days-1gb","New eSIM","4.5","1 GB","0","0","Epic [4G]","7 days","country"
"Malta","maltafone-in-7days-1gb-topup","Top-up","4.5","1 GB","0","0","Epic [4G]","7 days","country"
"Malta","maltafone-in-15days-2gb","New eSIM","7","2 GB","0","0","Epic [4G]","15 days","country"
"Malta","maltafone-in-15days-2gb-topup","Top-up","7","2 GB","0","0","Epic [4G]","15 days","country"
"Malta","maltafone-in-30days-3gb","New eSIM","9","3 GB","0","0","Epic [4G]","30 days","country"
"Malta","maltafone-in-30days-3gb-topup","Top-up","9","3 GB","0","0","Epic [4G]","30 days","country"
"Malta","maltafone-in-30days-5gb","New eSIM","13","5 GB","0","0","Epic [4G]","30 days","country"
"Malta","maltafone-in-30days-5gb-topup","Top-up","13","5 GB","0","0","Epic [4G]","30 days","country"
"Malta","maltafone-in-30days-10gb","New eSIM","20","10 GB","0","0","Epic [4G]","30 days","country"
"Malta","maltafone-in-30days-10gb-topup","Top-up","20","10 GB","0","0","Epic [4G]","30 days","country"
"Malta","maltafone-in-30days-20gb","New eSIM","28","20 GB","0","0","Epic [4G]","30 days","country"
"Malta","maltafone-in-30days-20gb-topup","Top-up","28","20 GB","0","0","Epic [4G]","30 days","country"
"Malta","maltafone-in-3days-unlimited","New eSIM","11.5","Unlimited","0","0","Epic [4G]","3 days","country"
"Malta","maltafone-in-3days-unlimited-topup","Top-up","11.5","Unlimited","0","0","Epic [4G]","3 days","country"
"Malta","maltafone-in-5days-unlimited","New eSIM","18.5","Unlimited","0","0","Epic [4G]","5 days","country"
"Malta","maltafone-in-5days-unlimited-topup","Top-up","18.5","Unlimited","0","0","Epic [4G]","5 days","country"
"Malta","maltafone-in-7days-unlimited","New eSIM","27","Unlimited","0","0","Epic [4G]","7 days","country"
"Malta","maltafone-in-7days-unlimited-topup","Top-up","27","Unlimited","0","0","Epic [4G]","7 days","country"
"Malta","maltafone-in-10days-unlimited","New eSIM","34.5","Unlimited","0","0","Epic [4G]","10 days","country"
"Malta","maltafone-in-10days-unlimited-topup","Top-up","34.5","Unlimited","0","0","Epic [4G]","10 days","country"
"Malta","maltafone-in-15days-unlimited","New eSIM","49","Unlimited","0","0","Epic [4G]","15 days","country"
"Malta","maltafone-in-15days-unlimited-topup","Top-up","49","Unlimited","0","0","Epic [4G]","15 days","country"
"Malta","maltafone-in-30days-unlimited","New eSIM","69","Unlimited","0","0","Epic [4G]","30 days","country"
"Malta","maltafone-in-30days-unlimited-topup","Top-up","69","Unlimited","0","0","Epic [4G]","30 days","country"
"Marie-Galante","mawig-in-7days-1gb","New eSIM","4.5","1 GB","0","0","Digicel [4G]","7 days","country"
"Marie-Galante","mawig-in-7days-1gb-topup","Top-up","4.5","1 GB","0","0","Digicel [4G]","7 days","country"
"Marie-Galante","mawig-in-15days-2gb","New eSIM","8.5","2 GB","0","0","Digicel [4G]","15 days","country"
"Marie-Galante","mawig-in-15days-2gb-topup","Top-up","8.5","2 GB","0","0","Digicel [4G]","15 days","country"
"Marie-Galante","mawig-in-30days-3gb","New eSIM","11.5","3 GB","0","0","Digicel [4G]","30 days","country"
"Marie-Galante","mawig-in-30days-3gb-topup","Top-up","11.5","3 GB","0","0","Digicel [4G]","30 days","country"
"Marie-Galante","mawig-in-30days-5gb","New eSIM","16.5","5 GB","0","0","Digicel [4G]","30 days","country"
"Marie-Galante","mawig-in-30days-5gb-topup","Top-up","16.5","5 GB","0","0","Digicel [4G]","30 days","country"
"Marie-Galante","mawig-in-30days-10gb","New eSIM","27.5","10 GB","0","0","Digicel [4G]","30 days","country"
"Marie-Galante","mawig-in-30days-10gb-topup","Top-up","27.5","10 GB","0","0","Digicel [4G]","30 days","country"
"Marie-Galante","mawig-in-30days-20gb","New eSIM","44","20 GB","0","0","Digicel [4G]","30 days","country"
"Marie-Galante","mawig-in-30days-20gb-topup","Top-up","44","20 GB","0","0","Digicel [4G]","30 days","country"
"Marie-Galante","mawig-3days-unlimited","New eSIM","19","Unlimited","0","0","Digicel [4G]","3 days","country"
"Marie-Galante","mawig-3days-unlimited-topup","Top-up","19","Unlimited","0","0","Digicel [4G]","3 days","country"
"Marie-Galante","mawig-5days-unlimited","New eSIM","27","Unlimited","0","0","Digicel [4G]","5 days","country"
"Marie-Galante","mawig-5days-unlimited-topup","Top-up","27","Unlimited","0","0","Digicel [4G]","5 days","country"
"Marie-Galante","mawig-7days-unlimited","New eSIM","32","Unlimited","0","0","Digicel [4G]","7 days","country"
"Marie-Galante","mawig-7days-unlimited-topup","Top-up","32","Unlimited","0","0","Digicel [4G]","7 days","country"
"Marie-Galante","mawig-10days-unlimited","New eSIM","35","Unlimited","0","0","Digicel [4G]","10 days","country"
"Marie-Galante","mawig-10days-unlimited-topup","Top-up","35","Unlimited","0","0","Digicel [4G]","10 days","country"
"Marie-Galante","mawig-15days-unlimited","New eSIM","49","Unlimited","0","0","Digicel [4G]","15 days","country"
"Marie-Galante","mawig-15days-unlimited-topup","Top-up","49","Unlimited","0","0","Digicel [4G]","15 days","country"
"Marie-Galante","mawig-30days-unlimited","New eSIM","99","Unlimited","0","0","Digicel [4G]","30 days","country"
"Marie-Galante","mawig-30days-unlimited-topup","Top-up","99","Unlimited","0","0","Digicel [4G]","30 days","country"
"Martinique","jardin-mobile-in-7days-1gb","New eSIM","4","1 GB","0","0","Digicel [4G]","7 days","country"
"Martinique","jardin-mobile-in-7days-1gb-topup","Top-up","4","1 GB","0","0","Digicel [4G]","7 days","country"
"Martinique","jardin-mobile-in-15days-2gb","New eSIM","7","2 GB","0","0","Digicel [4G]","15 days","country"
"Martinique","jardin-mobile-in-15days-2gb-topup","Top-up","7","2 GB","0","0","Digicel [4G]","15 days","country"
"Martinique","jardin-mobile-in-30days-3gb","New eSIM","9","3 GB","0","0","Digicel [4G]","30 days","country"
"Martinique","jardin-mobile-in-30days-3gb-topup","Top-up","9","3 GB","0","0","Digicel [4G]","30 days","country"
"Martinique","jardin-mobile-in-30days-5gb","New eSIM","13.5","5 GB","0","0","Digicel [4G]","30 days","country"
"Martinique","jardin-mobile-in-30days-5gb-topup","Top-up","13.5","5 GB","0","0","Digicel [4G]","30 days","country"
"Martinique","jardin-mobile-in-30days-10gb","New eSIM","23.5","10 GB","0","0","Digicel [4G]","30 days","country"
"Martinique","jardin-mobile-in-30days-10gb-topup","Top-up","23.5","10 GB","0","0","Digicel [4G]","30 days","country"
"Martinique","jardin-mobile-in-30days-20gb","New eSIM","37","20 GB","0","0","Digicel [4G]","30 days","country"
"Martinique","jardin-mobile-in-30days-20gb-topup","Top-up","37","20 GB","0","0","Digicel [4G]","30 days","country"
"Martinique","jardin-mobile-in-3days-unlimited","New eSIM","11.5","Unlimited","0","0","Digicel [4G]","3 days","country"
"Martinique","jardin-mobile-in-3days-unlimited-topup","Top-up","11.5","Unlimited","0","0","Digicel [4G]","3 days","country"
"Martinique","jardin-mobile-in-5days-unlimited","New eSIM","19.5","Unlimited","0","0","Digicel [4G]","5 days","country"
"Martinique","jardin-mobile-in-5days-unlimited-topup","Top-up","19.5","Unlimited","0","0","Digicel [4G]","5 days","country"
"Martinique","jardin-mobile-in-7days-unlimited","New eSIM","27","Unlimited","0","0","Digicel [4G]","7 days","country"
"Martinique","jardin-mobile-in-7days-unlimited-topup","Top-up","27","Unlimited","0","0","Digicel [4G]","7 days","country"
"Martinique","jardin-mobile-in-10days-unlimited","New eSIM","35","Unlimited","0","0","Digicel [4G]","10 days","country"
"Martinique","jardin-mobile-in-10days-unlimited-topup","Top-up","35","Unlimited","0","0","Digicel [4G]","10 days","country"
"Martinique","jardin-mobile-in-15days-unlimited","New eSIM","49","Unlimited","0","0","Digicel [4G]","15 days","country"
"Martinique","jardin-mobile-in-15days-unlimited-topup","Top-up","49","Unlimited","0","0","Digicel [4G]","15 days","country"
"Martinique","jardin-mobile-in-30days-unlimited","New eSIM","72.5","Unlimited","0","0","Digicel [4G]","30 days","country"
"Martinique","jardin-mobile-in-30days-unlimited-topup","Top-up","72.5","Unlimited","0","0","Digicel [4G]","30 days","country"
"Mauritius","mornecom-7days-1gb-topup","Top-up","6","1 GB","0","0","Emtel [4G]","7 days","country"
"Mauritius","mornecom-7days-1gb","New eSIM","6","1 GB","0","0","Emtel [4G]","7 days","country"
"Mauritius","mornecom-15days-2gb","New eSIM","10","2 GB","0","0","Emtel [4G]","15 days","country"
"Mauritius","mornecom-15days-2gb-topup","Top-up","10","2 GB","0","0","Emtel [4G]","15 days","country"
"Mauritius","mornecom-30days-3gb","New eSIM","13","3 GB","0","0","Emtel [4G]","30 days","country"
"Mauritius","mornecom-30days-3gb-topup","Top-up","13","3 GB","0","0","Emtel [4G]","30 days","country"
"Mauritius","mornecom-30days-5gb","New eSIM","21","5 GB","0","0","Emtel [4G]","30 days","country"
"Mauritius","mornecom-30days-5gb-topup","Top-up","21","5 GB","0","0","Emtel [4G]","30 days","country"
"Mauritius","mornecom-30days-10gb-topup","Top-up","36","10 GB","0","0","Emtel [4G]","30 days","country"
"Mauritius","mornecom-30days-10gb","New eSIM","36","10 GB","0","0","Emtel [4G]","30 days","country"
"Mauritius","mornecom-10days-unlimited","New eSIM","38","Unlimited","0","0","Emtel [4G]","10 days","country"
"Mauritius","mornecom-10days-unlimited-topup","Top-up","38","Unlimited","0","0","Emtel [4G]","10 days","country"
"Mayotte","choungui-in-7days-1gb","New eSIM","4.5","1 GB","0","0","Orange [4G]","7 days","country"
"Mayotte","choungui-in-7days-1gb-topup","Top-up","4.5","1 GB","0","0","Orange [4G]","7 days","country"
"Mayotte","choungui-in-15days-2gb","New eSIM","7.5","2 GB","0","0","Orange [4G]","15 days","country"
"Mayotte","choungui-in-15days-2gb-topup","Top-up","7.5","2 GB","0","0","Orange [4G]","15 days","country"
"Mayotte","choungui-in-30days-3gb","New eSIM","10","3 GB","0","0","Orange [4G]","30 days","country"
"Mayotte","choungui-in-30days-3gb-topup","Top-up","10","3 GB","0","0","Orange [4G]","30 days","country"
"Mayotte","choungui-in-30days-5gb","New eSIM","14","5 GB","0","0","Orange [4G]","30 days","country"
"Mayotte","choungui-in-30days-5gb-topup","Top-up","14","5 GB","0","0","Orange [4G]","30 days","country"
"Mayotte","choungui-in-30days-10gb","New eSIM","23","10 GB","0","0","Orange [4G]","30 days","country"
"Mayotte","choungui-in-30days-10gb-topup","Top-up","23","10 GB","0","0","Orange [4G]","30 days","country"
"Mayotte","choungui-in-30days-20gb","New eSIM","36","20 GB","0","0","Orange [4G]","30 days","country"
"Mayotte","choungui-in-30days-20gb-topup","Top-up","36","20 GB","0","0","Orange [4G]","30 days","country"
"Mayotte","choungui-3days-unlimited","New eSIM","12.5","Unlimited","0","0","Orange [4G]","3 days","country"
"Mayotte","choungui-3days-unlimited-topup","Top-up","12.5","Unlimited","0","0","Orange [4G]","3 days","country"
"Mayotte","choungui-5days-unlimited","New eSIM","20.5","Unlimited","0","0","Orange [4G]","5 days","country"
"Mayotte","choungui-5days-unlimited-topup","Top-up","20.5","Unlimited","0","0","Orange [4G]","5 days","country"
"Mayotte","choungui-7days-unlimited","New eSIM","27","Unlimited","0","0","Orange [4G]","7 days","country"
"Mayotte","choungui-7days-unlimited-topup","Top-up","27","Unlimited","0","0","Orange [4G]","7 days","country"
"Mayotte","choungui-10days-unlimited","New eSIM","35","Unlimited","0","0","Orange [4G]","10 days","country"
"Mayotte","choungui-10days-unlimited-topup","Top-up","35","Unlimited","0","0","Orange [4G]","10 days","country"
"Mayotte","choungui-15days-unlimited","New eSIM","49","Unlimited","0","0","Orange [4G]","15 days","country"
"Mayotte","choungui-15days-unlimited-topup","Top-up","49","Unlimited","0","0","Orange [4G]","15 days","country"
"Mexico","chorro-fon-in-7days-1gb","New eSIM","4","1 GB","0","0","Movistar [4G]","7 days","country"
"Mexico","chorro-fon-in-7days-1gb-topup","Top-up","4","1 GB","0","0","Movistar [4G]","7 days","country"
"Mexico","chorro-fon-in-15days-2gb","New eSIM","6.5","2 GB","0","0","Movistar [4G]","15 days","country"
"Mexico","chorro-fon-in-15days-2gb-topup","Top-up","6.5","2 GB","0","0","Movistar [4G]","15 days","country"
"Mexico","chorro-fon-in-30days-3gb","New eSIM","8.5","3 GB","0","0","Movistar [4G]","30 days","country"
"Mexico","chorro-fon-in-30days-3gb-topup","Top-up","8.5","3 GB","0","0","Movistar [4G]","30 days","country"
"Mexico","chorro-fon-in-30days-5gb","New eSIM","13","5 GB","0","0","Movistar [4G]","30 days","country"
"Mexico","chorro-fon-in-30days-5gb-topup","Top-up","13","5 GB","0","0","Movistar [4G]","30 days","country"
"Mexico","chorro-fon-in-30days-10gb","New eSIM","18.5","10 GB","0","0","Movistar [4G]","30 days","country"
"Mexico","chorro-fon-in-30days-10gb-topup","Top-up","18.5","10 GB","0","0","Movistar [4G]","30 days","country"
"Mexico","chorro-fon-in-30days-20gb","New eSIM","31","20 GB","0","0","Movistar [4G]","30 days","country"
"Mexico","chorro-fon-in-30days-20gb-topup","Top-up","31","20 GB","0","0","Movistar [4G]","30 days","country"
"Mexico","chorro-fon-in-3days-unlimited","New eSIM","10.5","Unlimited","0","0","Movistar [4G]","3 days","country"
"Mexico","chorro-fon-in-3days-unlimited-topup","Top-up","10.5","Unlimited","0","0","Movistar [4G]","3 days","country"
"Mexico","chorro-fon-in-5days-unlimited","New eSIM","17.5","Unlimited","0","0","Movistar [4G]","5 days","country"
"Mexico","chorro-fon-in-5days-unlimited-topup","Top-up","17.5","Unlimited","0","0","Movistar [4G]","5 days","country"
"Mexico","chorro-fon-in-7days-unlimited","New eSIM","23.5","Unlimited","0","0","Movistar [4G]","7 days","country"
"Mexico","chorro-fon-in-7days-unlimited-topup","Top-up","23.5","Unlimited","0","0","Movistar [4G]","7 days","country"
"Mexico","chorro-fon-in-10days-unlimited","New eSIM","31.5","Unlimited","0","0","Movistar [4G]","10 days","country"
"Mexico","chorro-fon-in-10days-unlimited-topup","Top-up","31.5","Unlimited","0","0","Movistar [4G]","10 days","country"
"Mexico","chorro-fon-in-15days-unlimited","New eSIM","43","Unlimited","0","0","Movistar [4G]","15 days","country"
"Mexico","chorro-fon-in-15days-unlimited-topup","Top-up","43","Unlimited","0","0","Movistar [4G]","15 days","country"
"Mexico","chorro-fon-in-30days-unlimited","New eSIM","62","Unlimited","0","0","Movistar [4G]","30 days","country"
"Mexico","chorro-fon-in-30days-unlimited-topup","Top-up","62","Unlimited","0","0","Movistar [4G]","30 days","country"
"Moldova","soroca-mobile-in-7days-1gb","New eSIM","4.5","1 GB","0","0","Orange [4G]","7 days","country"
"Moldova","soroca-mobile-in-7days-1gb-topup","Top-up","4.5","1 GB","0","0","Orange [4G]","7 days","country"
"Moldova","soroca-mobile-in-15days-2gb","New eSIM","8.5","2 GB","0","0","Orange [4G]","15 days","country"
"Moldova","soroca-mobile-in-15days-2gb-topup","Top-up","8.5","2 GB","0","0","Orange [4G]","15 days","country"
"Moldova","soroca-mobile-in-30days-3gb","New eSIM","11.5","3 GB","0","0","Orange [4G]","30 days","country"
"Moldova","soroca-mobile-in-30days-3gb-topup","Top-up","11.5","3 GB","0","0","Orange [4G]","30 days","country"
"Moldova","soroca-mobile-in-30days-5gb","New eSIM","17","5 GB","0","0","Orange [4G]","30 days","country"
"Moldova","soroca-mobile-in-30days-5gb-topup","Top-up","17","5 GB","0","0","Orange [4G]","30 days","country"
"Moldova","soroca-mobile-in-30days-10gb","New eSIM","29.5","10 GB","0","0","Orange [4G]","30 days","country"
"Moldova","soroca-mobile-in-30days-10gb-topup","Top-up","29.5","10 GB","0","0","Orange [4G]","30 days","country"
"Moldova","soroca-mobile-in-30days-20gb","New eSIM","49","20 GB","0","0","Orange [4G]","30 days","country"
"Moldova","soroca-mobile-in-30days-20gb-topup","Top-up","49","20 GB","0","0","Orange [4G]","30 days","country"
"Moldova","soroca-mobile-in-3days-unlimited","New eSIM","12.5","Unlimited","0","0","Orange [4G]","3 days","country"
"Moldova","soroca-mobile-in-3days-unlimited-topup","Top-up","12.5","Unlimited","0","0","Orange [4G]","3 days","country"
"Moldova","soroca-mobile-in-5days-unlimited","New eSIM","20.5","Unlimited","0","0","Orange [4G]","5 days","country"
"Moldova","soroca-mobile-in-5days-unlimited-topup","Top-up","20.5","Unlimited","0","0","Orange [4G]","5 days","country"
"Moldova","soroca-mobile-in-7days-unlimited","New eSIM","29.5","Unlimited","0","0","Orange [4G]","7 days","country"
"Moldova","soroca-mobile-in-7days-unlimited-topup","Top-up","29.5","Unlimited","0","0","Orange [4G]","7 days","country"
"Moldova","soroca-mobile-in-10days-unlimited","New eSIM","35","Unlimited","0","0","Orange [4G]","10 days","country"
"Moldova","soroca-mobile-in-10days-unlimited-topup","Top-up","35","Unlimited","0","0","Orange [4G]","10 days","country"
"Monaco","monaco-in-7days-1gb","New eSIM","4","1 GB","0","0","Monaco Telecom [5G]","7 days","country"
"Monaco","monaco-in-7days-1gb-topup","Top-up","4","1 GB","0","0","Monaco Telecom [5G]","7 days","country"
"Monaco","monaco-in-15days-2gb","New eSIM","6","2 GB","0","0","Monaco Telecom [5G]","15 days","country"
"Monaco","monaco-in-15days-2gb-topup","Top-up","6","2 GB","0","0","Monaco Telecom [5G]","15 days","country"
"Monaco","monaco-in-30days-3gb","New eSIM","7.5","3 GB","0","0","Monaco Telecom [5G]","30 days","country"
"Monaco","monaco-in-30days-3gb-topup","Top-up","7.5","3 GB","0","0","Monaco Telecom [5G]","30 days","country"
"Monaco","monaco-in-30days-5gb","New eSIM","12","5 GB","0","0","Monaco Telecom [5G]","30 days","country"
"Monaco","monaco-in-30days-5gb-topup","Top-up","12","5 GB","0","0","Monaco Telecom [5G]","30 days","country"
"Monaco","monaco-in-30days-10gb","New eSIM","19","10 GB","0","0","Monaco Telecom [5G]","30 days","country"
"Monaco","monaco-in-30days-10gb-topup","Top-up","19","10 GB","0","0","Monaco Telecom [5G]","30 days","country"
"Monaco","monaco-in-30days-20gb","New eSIM","26","20 GB","0","0","Monaco Telecom [5G]","30 days","country"
"Monaco","monaco-in-30days-20gb-topup","Top-up","26","20 GB","0","0","Monaco Telecom [5G]","30 days","country"
"Monaco","grand-in-3days-unlimited","New eSIM","11","Unlimited","0","0","Monaco Telecom [5G]","3 days","country"
"Monaco","grand-in-3days-unlimited-topup","Top-up","11","Unlimited","0","0","Monaco Telecom [5G]","3 days","country"
"Monaco","grand-in-5days-unlimited","New eSIM","17","Unlimited","0","0","Monaco Telecom [5G]","5 days","country"
"Monaco","grand-in-5days-unlimited-topup","Top-up","17","Unlimited","0","0","Monaco Telecom [5G]","5 days","country"
"Monaco","grand-in-7days-unlimited","New eSIM","25","Unlimited","0","0","Monaco Telecom [5G]","7 days","country"
"Monaco","grand-in-7days-unlimited-topup","Top-up","25","Unlimited","0","0","Monaco Telecom [5G]","7 days","country"
"Monaco","grand-in-10days-unlimited","New eSIM","33","Unlimited","0","0","Monaco Telecom [5G]","10 days","country"
"Monaco","grand-in-10days-unlimited-topup","Top-up","33","Unlimited","0","0","Monaco Telecom [5G]","10 days","country"
"Monaco","grand-in-15days-unlimited","New eSIM","45","Unlimited","0","0","Monaco Telecom [5G]","15 days","country"
"Monaco","grand-in-15days-unlimited-topup","Top-up","45","Unlimited","0","0","Monaco Telecom [5G]","15 days","country"
"Monaco","grand-in-30days-unlimited","New eSIM","65","Unlimited","0","0","Monaco Telecom [5G]","30 days","country"
"Monaco","grand-in-30days-unlimited-topup","Top-up","65","Unlimited","0","0","Monaco Telecom [5G]","30 days","country"
"Mongolia","mongolia-15days-2gb","New eSIM","6","2 GB","0","0","Mobicom [LTE]","15 days","country"
"Mongolia","mongolia-15days-2gb-topup","Top-up","6","2 GB","0","0","Mobicom [LTE]","15 days","country"
"Mongolia","mongolia-30days-3gb-topup","Top-up","7.5","3 GB","0","0","Mobicom [LTE]","30 days","country"
"Mongolia","mongolia-30days-3gb","New eSIM","7.5","3 GB","0","0","Mobicom [LTE]","30 days","country"
"Mongolia","mongolia-30days-5gb","New eSIM","11","5 GB","0","0","Mobicom [LTE]","30 days","country"
"Mongolia","mongolia-30days-5gb-topup","Top-up","11","5 GB","0","0","Mobicom [LTE]","30 days","country"
"Mongolia","mongolia-30days-10gb-topup","Top-up","18","10 GB","0","0","Mobicom [LTE]","30 days","country"
"Mongolia","mongolia-30days-10gb","New eSIM","18","10 GB","0","0","Mobicom [LTE]","30 days","country"
"Mongolia","mongolia-30days-20gb-topup","Top-up","29","20 GB","0","0","Mobicom [LTE]","30 days","country"
"Mongolia","mongolia-30days-20gb","New eSIM","29","20 GB","0","0","Mobicom [LTE]","30 days","country"
"Mongolia","mongolia-7days-1gb-20260916155256","New eSIM","4","1 GB","0","0","Mobicom [LTE]","7 days","country"
"Mongolia","mongolia-7days-1gb-topup","Top-up","4","1 GB","0","0","Mobicom [LTE]","7 days","country"
"Mongolia","mongolia-10days-unlimited","New eSIM","43","Unlimited","0","0","Mobicom [LTE]","10 days","country"
"Mongolia","mongolia-10days-unlimited-topup","Top-up","43","Unlimited","0","0","Mobicom [LTE]","10 days","country"
"Mongolia","mongolia-3days-unlimited","New eSIM","18","Unlimited","0","0","Mobicom [LTE]","3 days","country"
"Mongolia","mongolia-3days-unlimited-topup","Top-up","18","Unlimited","0","0","Mobicom [LTE]","3 days","country"
"Mongolia","mongolia-5days-unlimited-topup","Top-up","29","Unlimited","0","0","Mobicom [LTE]","5 days","country"
"Mongolia","mongolia-5days-unlimited","New eSIM","29","Unlimited","0","0","Mobicom [LTE]","5 days","country"
"Mongolia","mongolia-7days-unlimited-topup","Top-up","35","Unlimited","0","0","Mobicom [LTE]","7 days","country"
"Mongolia","mongolia-7days-unlimited","New eSIM","35","Unlimited","0","0","Mobicom [LTE]","7 days","country"
"Mongolia","mongolia-15days-unlimited-topup","Top-up","59","Unlimited","0","0","Mobicom [LTE]","15 days","country"
"Mongolia","mongolia-15days-unlimited","New eSIM","59","Unlimited","0","0","Mobicom [LTE]","15 days","country"
"Mongolia","mongolia-30days-unlimited-topup","Top-up","89","Unlimited","0","0","Mobicom [LTE]","30 days","country"
"Mongolia","mongolia-30days-unlimited","New eSIM","89","Unlimited","0","0","Mobicom [LTE]","30 days","country"
"Montenegro","jezero-in-7days-1gb","New eSIM","4","1 GB","0","0","MTEL [LTE]","7 days","country"
"Montenegro","jezero-in-7days-1gb-topup","Top-up","4","1 GB","0","0","MTEL [LTE]","7 days","country"
"Montenegro","jezero-in-15days-2gb","New eSIM","7","2 GB","0","0","MTEL [LTE]","15 days","country"
"Montenegro","jezero-in-15days-2gb-topup","Top-up","7","2 GB","0","0","MTEL [LTE]","15 days","country"
"Montenegro","jezero-in-30days-3gb","New eSIM","9","3 GB","0","0","MTEL [LTE]","30 days","country"
"Montenegro","jezero-in-30days-3gb-topup","Top-up","9","3 GB","0","0","MTEL [LTE]","30 days","country"
"Montenegro","jezero-in-30days-5gb","New eSIM","13","5 GB","0","0","MTEL [LTE]","30 days","country"
"Montenegro","jezero-in-30days-5gb-topup","Top-up","13","5 GB","0","0","MTEL [LTE]","30 days","country"
"Montenegro","jezero-in-30days-10gb","New eSIM","22","10 GB","0","0","MTEL [LTE]","30 days","country"
"Montenegro","jezero-in-30days-10gb-topup","Top-up","22","10 GB","0","0","MTEL [LTE]","30 days","country"
"Montenegro","jezero-in-30days-20gb","New eSIM","35","20 GB","0","0","MTEL [LTE]","30 days","country"
"Montenegro","jezero-in-30days-20gb-topup","Top-up","35","20 GB","0","0","MTEL [LTE]","30 days","country"
"Montenegro","jezero-in-3days-unlimited","New eSIM","18.5","Unlimited","0","0","MTEL [4G]","3 days","country"
"Montenegro","jezero-in-3days-unlimited-topup","Top-up","18.5","Unlimited","0","0","MTEL [4G]","3 days","country"
"Montenegro","jezero-in-5days-unlimited","New eSIM","27.5","Unlimited","0","0","MTEL [4G]","5 days","country"
"Montenegro","jezero-in-5days-unlimited-topup","Top-up","27.5","Unlimited","0","0","MTEL [4G]","5 days","country"
"Montenegro","jezero-in-7days-unlimited","New eSIM","33.5","Unlimited","0","0","MTEL [4G]","7 days","country"
"Montenegro","jezero-in-7days-unlimited-topup","Top-up","33.5","Unlimited","0","0","MTEL [4G]","7 days","country"
"Montenegro","jezero-in-10days-unlimited","New eSIM","37","Unlimited","0","0","MTEL [4G]","10 days","country"
"Montenegro","jezero-in-10days-unlimited-topup","Top-up","37","Unlimited","0","0","MTEL [4G]","10 days","country"
"Montserrat","carr-telecom-in-7days-1gb","New eSIM","8","1 GB","0","0","Digicel [4G]","7 days","country"
"Montserrat","carr-telecom-in-7days-1gb-topup","Top-up","8","1 GB","0","0","Digicel [4G]","7 days","country"
"Montserrat","carr-telecom-in-15days-2gb","New eSIM","15","2 GB","0","0","Digicel [4G]","15 days","country"
"Montserrat","carr-telecom-in-15days-2gb-topup","Top-up","15","2 GB","0","0","Digicel [4G]","15 days","country"
"Montserrat","carr-telecom-in-30days-3gb","New eSIM","21","3 GB","0","0","Digicel [4G]","30 days","country"
"Montserrat","carr-telecom-in-30days-3gb-topup","Top-up","21","3 GB","0","0","Digicel [4G]","30 days","country"
"Montserrat","carr-telecom-in-30days-5gb","New eSIM","32.5","5 GB","0","0","Digicel [4G]","30 days","country"
"Montserrat","carr-telecom-in-30days-5gb-topup","Top-up","32.5","5 GB","0","0","Digicel [4G]","30 days","country"
"Morocco","choukran-30days-5gb-topup","Top-up","22","5 GB","0","0","Orange [LTE]","30 days","country"
"Morocco","choukran-7days-1gb","New eSIM","6","1 GB","0","0","Orange [LTE]","7 days","country"
"Morocco","choukran-7days-1gb-topup","Top-up","6","1 GB","0","0","Orange [LTE]","7 days","country"
"Morocco","choukran-15days-2gb","New eSIM","11.5","2 GB","0","0","Orange [LTE]","15 days","country"
"Morocco","choukran-15days-2gb-topup","Top-up","11.5","2 GB","0","0","Orange [LTE]","15 days","country"
"Morocco","choukran-30days-3gb","New eSIM","16","3 GB","0","0","Orange [LTE]","30 days","country"
"Morocco","choukran-30days-3gb-topup","Top-up","16","3 GB","0","0","Orange [LTE]","30 days","country"
"Morocco","choukran-30days-5gb","New eSIM","22","5 GB","0","0","Orange [LTE]","30 days","country"
"Morocco","choukran-3days-unlimited","New eSIM","17.5","Unlimited","0","0","Orange [LTE]","3 days","country"
"Morocco","choukran-5days-unlimited","New eSIM","29","Unlimited","0","0","Orange [LTE]","5 days","country"
"Morocco","choukran-7days-unlimited","New eSIM","35","Unlimited","0","0","Orange [LTE]","7 days","country"
"Mozambique","nacala-in-7days-1gb","New eSIM","7","1 GB","0","0","Vodacom [4G]","7 days","country"
"Mozambique","nacala-in-7days-1gb-topup","Top-up","7","1 GB","0","0","Vodacom [4G]","7 days","country"
"Mozambique","nacala-in-15days-2gb","New eSIM","11","2 GB","0","0","Vodacom [4G]","15 days","country"
"Mozambique","nacala-in-15days-2gb-topup","Top-up","11","2 GB","0","0","Vodacom [4G]","15 days","country"
"Mozambique","nacala-in-30days-3gb","New eSIM","14","3 GB","0","0","Vodacom [4G]","30 days","country"
"Mozambique","nacala-in-30days-3gb-topup","Top-up","14","3 GB","0","0","Vodacom [4G]","30 days","country"
"Mozambique","nacala-in-30days-5gb","New eSIM","21","5 GB","0","0","Vodacom [4G]","30 days","country"
"Mozambique","nacala-in-30days-5gb-topup","Top-up","21","5 GB","0","0","Vodacom [4G]","30 days","country"
"Mozambique","nacala-in-30days-10gb","New eSIM","34","10 GB","0","0","Vodacom [4G]","30 days","country"
"Mozambique","nacala-in-30days-10gb-topup","Top-up","34","10 GB","0","0","Vodacom [4G]","30 days","country"
"Nauru","naoero-in-7days-1gb","New eSIM","9.5","1 GB","0","0","Digicel [LTE]","7 days","country"
"Nauru","naoero-in-7days-1gb-topup","Top-up","9.5","1 GB","0","0","Digicel [LTE]","7 days","country"
"Nauru","naoero-in-15days-2gb","New eSIM","19","2 GB","0","0","Digicel [LTE]","15 days","country"
"Nauru","naoero-in-15days-2gb-topup","Top-up","19","2 GB","0","0","Digicel [LTE]","15 days","country"
"Nauru","naoero-in-30days-3gb","New eSIM","28","3 GB","0","0","Digicel [LTE]","30 days","country"
"Nauru","naoero-in-30days-3gb-topup","Top-up","28","3 GB","0","0","Digicel [LTE]","30 days","country"
"Nepal","patancell-7days-1gb-topup","Top-up","5","1 GB","0","0","Ncell [LTE]","7 days","country"
"Nepal","patancell-7days-1gb","New eSIM","5","1 GB","0","0","Ncell [LTE]","7 days","country"
"Nepal","patancell-15days-2gb","New eSIM","8.5","2 GB","0","0","Ncell [LTE]","15 days","country"
"Nepal","patancell-15days-2gb-topup","Top-up","8.5","2 GB","0","0","Ncell [LTE]","15 days","country"
"Nepal","patancell-30days-3gb-topup","Top-up","11","3 GB","0","0","Ncell [LTE]","30 days","country"
"Nepal","patancell-30days-3gb","New eSIM","11","3 GB","0","0","Ncell [LTE]","30 days","country"
"Nepal","patancell-30days-5gb-topup","Top-up","17","5 GB","0","0","Ncell [LTE]","30 days","country"
"Nepal","patancell-30days-5gb","New eSIM","17","5 GB","0","0","Ncell [LTE]","30 days","country"
"Nepal","patancell-30days-10gb","New eSIM","24","10 GB","0","0","Ncell [LTE]","30 days","country"
"Nepal","patancell-30days-10gb-topup","Top-up","24","10 GB","0","0","Ncell [LTE]","30 days","country"
"Nepal","patancell-3days-unlimited-topup","Top-up","17","Unlimited","0","0","Ncell [LTE]","3 days","country"
"Nepal","patancell-3days-unlimited","New eSIM","17","Unlimited","0","0","Ncell [LTE]","3 days","country"
"Nepal","patancell-5days-unlimited","New eSIM","26","Unlimited","0","0","Ncell [LTE]","5 days","country"
"Nepal","patancell-5days-unlimited-topup","Top-up","26","Unlimited","0","0","Ncell [LTE]","5 days","country"
"Nepal","patancell-7days-unlimited","New eSIM","35","Unlimited","0","0","Ncell [LTE]","7 days","country"
"Nepal","patancell-7days-unlimited-topup","Top-up","35","Unlimited","0","0","Ncell [LTE]","7 days","country"
"Nepal","patancell-10days-unlimited","New eSIM","43","Unlimited","0","0","Ncell [LTE]","10 days","country"
"Nepal","patancell-10days-unlimited-topup","Top-up","43","Unlimited","0","0","Ncell [LTE]","10 days","country"
"Netherlands","he-he-in-30days-3gb-topup","Top-up","7.5","3 GB","0","0","KPN [4G]","30 days","country"
"Netherlands","he-he-in-30days-3gb","New eSIM","7.5","3 GB","0","0","KPN [4G]","30 days","country"
"Netherlands","he-he-in-7days-1gb","New eSIM","4","1 GB","0","0","KPN [4G]","7 days","country"
"Netherlands","he-he-in-7days-1gb-topup","Top-up","4","1 GB","0","0","KPN [4G]","7 days","country"
"Netherlands","he-he-in-15days-2gb","New eSIM","6","2 GB","0","0","KPN [4G]","15 days","country"
"Netherlands","he-he-in-15days-2gb-topup","Top-up","6","2 GB","0","0","KPN [4G]","15 days","country"
"Netherlands","he-he-in-30days-5gb-topup","Top-up","10","5 GB","0","0","KPN [4G]","30 days","country"
"Netherlands","he-he-in-30days-5gb","New eSIM","10","5 GB","0","0","KPN [4G]","30 days","country"
"Netherlands","he-he-in-30days-10gb-topup","Top-up","18","10 GB","0","0","KPN [4G]","30 days","country"
"Netherlands","he-he-in-30days-10gb","New eSIM","18","10 GB","0","0","KPN [4G]","30 days","country"
"Netherlands","he-he-in-30days-20gb","New eSIM","27","20 GB","0","0","KPN [4G]","30 days","country"
"Netherlands","he-he-in-30days-20gb-topup","Top-up","27","20 GB","0","0","KPN [4G]","30 days","country"
"Netherlands","he-he-in-3days-unlimited","New eSIM","11.5","Unlimited","0","0","KPN [4G]","3 days","country"
"Netherlands","he-he-in-7days-unlimited","New eSIM","27","Unlimited","0","0","KPN [4G]","7 days","country"
"Netherlands","he-he-in-3days-unlimited-topup","Top-up","11.5","Unlimited","0","0","KPN [4G]","3 days","country"
"Netherlands","he-he-in-10days-unlimited","New eSIM","34","Unlimited","0","0","KPN [4G]","10 days","country"
"Netherlands","he-he-in-10days-unlimited-topup","Top-up","34","Unlimited","0","0","KPN [4G]","10 days","country"
"Netherlands","he-he-in-15days-unlimited","New eSIM","48","Unlimited","0","0","KPN [4G]","15 days","country"
"Netherlands","he-he-in-15days-unlimited-topup","Top-up","48","Unlimited","0","0","KPN [4G]","15 days","country"
"Netherlands","he-he-in-30days-unlimited","New eSIM","69","Unlimited","0","0","KPN [4G]","30 days","country"
"Netherlands","he-he-in-5days-unlimited-topup","Top-up","18.5","Unlimited","0","0","KPN [4G]","5 days","country"
"Netherlands","he-he-in-5days-unlimited","New eSIM","18.5","Unlimited","0","0","KPN [4G]","5 days","country"
"Netherlands","he-he-in-7days-unlimited-topup","Top-up","27","Unlimited","0","0","KPN [4G]","7 days","country"
"Netherlands","he-he-in-30days-unlimited-topup","Top-up","69","Unlimited","0","0","KPN [4G]","30 days","country"
"Netherlands","he-he-plus-in-30days-10gb","New eSIM","23","10 GB","100","100","KPN [4G]","30 days","country"
"Netherlands","he-he-plus-in-30days-10gb-topup","Top-up","23","10 GB","100","100","KPN [4G]","30 days","country"
"Netherlands","he-he-plus-in-30days-20gb","New eSIM","33","20 GB","200","200","KPN [4G]","30 days","country"
"Netherlands","he-he-plus-in-30days-20gb-topup","Top-up","33","20 GB","200","200","KPN [4G]","30 days","country"
"Netherlands","hehe-plus-in-7days-1gb","New eSIM","6.5","1 GB","10","10","KPN [4G]","7 days","country"
"Netherlands","hehe-plus-in-7days-1gb-topup","Top-up","6.5","1 GB","10","10","KPN [4G]","7 days","country"
"Netherlands","hehe-plus-in-30days-3gb","New eSIM","10.5","3 GB","30","30","KPN [4G]","30 days","country"
"Netherlands","hehe-plus-in-30days-3gb-topup","Top-up","10.5","3 GB","30","30","KPN [4G]","30 days","country"
"Netherlands","he-he-plus-in-30days-5gb","New eSIM","14","5 GB","50","50","KPN [4G]","30 days","country"
"Netherlands","he-he-plus-in-30days-5gb-topup","Top-up","14","5 GB","50","50","KPN [4G]","30 days","country"
"Netherlands","hehe-plus-in-15days-2gb","New eSIM","9","2 GB","20","20","KPN [4G]","15 days","country"
"Netherlands","hehe-plus-in-15days-2gb-topup","Top-up","9","2 GB","20","20","KPN [4G]","15 days","country"
"New Zealand","nzcom-in-7days-1gb","New eSIM","4","1 GB","0","0","Spark [5G]","7 days","country"
"New Zealand","nzcom-in-7days-1gb-topup","Top-up","4","1 GB","0","0","Spark [5G]","7 days","country"
"New Zealand","nzcom-in-15days-2gb","New eSIM","7.5","2 GB","0","0","Spark [5G]","15 days","country"
"New Zealand","nzcom-in-15days-2gb-topup","Top-up","7.5","2 GB","0","0","Spark [5G]","15 days","country"
"New Zealand","nzcom-in-30days-3gb","New eSIM","10","3 GB","0","0","Spark [5G]","30 days","country"
"New Zealand","nzcom-in-30days-3gb-topup","Top-up","10","3 GB","0","0","Spark [5G]","30 days","country"
"New Zealand","nzcom-in-30days-5gb","New eSIM","14","5 GB","0","0","Spark [5G]","30 days","country"
"New Zealand","nzcom-in-30days-5gb-topup","Top-up","14","5 GB","0","0","Spark [5G]","30 days","country"
"New Zealand","nzcom-in-30days-10gb","New eSIM","24","10 GB","0","0","Spark [5G]","30 days","country"
"New Zealand","nzcom-in-30days-10gb-topup","Top-up","24","10 GB","0","0","Spark [5G]","30 days","country"
"New Zealand","nzcom-in-30days-20gb","New eSIM","38","20 GB","0","0","Spark [5G]","30 days","country"
"New Zealand","nzcom-in-30days-20gb-topup","Top-up","38","20 GB","0","0","Spark [5G]","30 days","country"
"New Zealand","nzcom-in-3days-unlimited","New eSIM","11.5","Unlimited","0","0","Spark [5G]","3 days","country"
"New Zealand","nzcom-in-3days-unlimited-topup","Top-up","11.5","Unlimited","0","0","Spark [5G]","3 days","country"
"New Zealand","nzcom-in-5days-unlimited","New eSIM","18.5","Unlimited","0","0","Spark [5G]","5 days","country"
"New Zealand","nzcom-in-5days-unlimited-topup","Top-up","18.5","Unlimited","0","0","Spark [5G]","5 days","country"
"New Zealand","nzcom-in-7days-unlimited","New eSIM","27","Unlimited","0","0","Spark [5G]","7 days","country"
"New Zealand","nzcom-in-7days-unlimited-topup","Top-up","27","Unlimited","0","0","Spark [5G]","7 days","country"
"New Zealand","nzcom-in-10days-unlimited","New eSIM","34.5","Unlimited","0","0","Spark [5G]","10 days","country"
"New Zealand","nzcom-in-10days-unlimited-topup","Top-up","34.5","Unlimited","0","0","Spark [5G]","10 days","country"
"New Zealand","nzcom-in-15days-unlimited","New eSIM","48","Unlimited","0","0","Spark [5G]","15 days","country"
"New Zealand","nzcom-in-15days-unlimited-topup","Top-up","48","Unlimited","0","0","Spark [5G]","15 days","country"
"New Zealand","nzcom-in-30days-unlimited","New eSIM","71","Unlimited","0","0","Spark [5G]","30 days","country"
"New Zealand","nzcom-in-30days-unlimited-topup","Top-up","71","Unlimited","0","0","Spark [5G]","30 days","country"
"Nicaragua","nicarcell-15days-2gb-topup","Top-up","11.5","2 GB","0","0","Claro [4G], Tigo [4G]","15 days","country"
"Nicaragua","nicarcell-15days-2gb","New eSIM","11.5","2 GB","0","0","Claro [4G], Tigo [4G]","15 days","country"
"Nicaragua","nicarcell-30days-3gb","New eSIM","16.5","3 GB","0","0","Claro [4G], Tigo [4G]","30 days","country"
"Nicaragua","nicarcell-30days-3gb-topup","Top-up","16.5","3 GB","0","0","Claro [4G], Tigo [4G]","30 days","country"
"Nicaragua","nicarcell-30days-5gb","New eSIM","26","5 GB","0","0","Claro [4G], Tigo [4G]","30 days","country"
"Nicaragua","nicarcell-30days-5gb-topup","Top-up","26","5 GB","0","0","Claro [4G], Tigo [4G]","30 days","country"
"Nicaragua","nicarcell-30days-10gb","New eSIM","34","10 GB","0","0","Claro [4G], Tigo [4G]","30 days","country"
"Nicaragua","nicarcell-30days-10gb-topup","Top-up","34","10 GB","0","0","Claro [4G], Tigo [4G]","30 days","country"
"Nicaragua","nicarcel-3days-unlimited","New eSIM","19.5","Unlimited","0","0","Tigo [LTE], Claro [LTE]","3 days","country"
"Nicaragua","nicarcel-3days-unlimited-topup","Top-up","19.5","Unlimited","0","0","Tigo [LTE], Claro [LTE]","3 days","country"
"Nicaragua","nicarcel-5days-unlimited","New eSIM","28.5","Unlimited","0","0","Tigo [LTE], Claro [LTE]","5 days","country"
"Nicaragua","nicarcel-5days-unlimited-topup","Top-up","28.5","Unlimited","0","0","Tigo [LTE], Claro [LTE]","5 days","country"
"Nicaragua","nicarcel-7days-unlimited","New eSIM","36.5","Unlimited","0","0","Tigo [LTE], Claro [LTE]","7 days","country"
"Nicaragua","nicarcel-7days-unlimited-topup","Top-up","36.5","Unlimited","0","0","Tigo [LTE], Claro [LTE]","7 days","country"
"Nicaragua","nicarcel-10days-unlimited","New eSIM","42","Unlimited","0","0","Tigo [LTE], Claro [LTE]","10 days","country"
"Nicaragua","nicarcel-10days-unlimited-topup","Top-up","42","Unlimited","0","0","Tigo [LTE], Claro [LTE]","10 days","country"
"Nicaragua","nicarcel-15days-unlimited","New eSIM","68","Unlimited","0","0","Tigo [LTE], Claro [LTE]","15 days","country"
"Nicaragua","nicarcel-15days-unlimited-topup","Top-up","68","Unlimited","0","0","Tigo [LTE], Claro [LTE]","15 days","country"
"Niger","letecom-in-7days-1gb","New eSIM","8","1 GB","0","0","Celtel [4G]","7 days","country"
"Niger","letecom-in-7days-1gb-topup","Top-up","8","1 GB","0","0","Celtel [4G]","7 days","country"
"Niger","letecom-in-15days-2gb","New eSIM","13.5","2 GB","0","0","Celtel [4G]","15 days","country"
"Niger","letecom-in-15days-2gb-topup","Top-up","13.5","2 GB","0","0","Celtel [4G]","15 days","country"
"Niger","letecom-in-30days-3gb","New eSIM","18","3 GB","0","0","Celtel [4G]","30 days","country"
"Niger","letecom-in-30days-3gb-topup","Top-up","18","3 GB","0","0","Celtel [4G]","30 days","country"
"Niger","letecom-in-30days-5gb","New eSIM","26","5 GB","0","0","Celtel [4G]","30 days","country"
"Niger","letecom-in-30days-5gb-topup","Top-up","26","5 GB","0","0","Celtel [4G]","30 days","country"
"Niger","letecom-in-30days-10gb","New eSIM","45","10 GB","0","0","Celtel [4G]","30 days","country"
"Niger","letecom-in-30days-10gb-topup","Top-up","45","10 GB","0","0","Celtel [4G]","30 days","country"
"Niger","letecom-in-3days-unlimited","New eSIM","33.5","Unlimited","0","0","Celtel [4G]","3 days","country"
"Niger","letecom-in-3days-unlimited-topup","Top-up","33.5","Unlimited","0","0","Celtel [4G]","3 days","country"
"Niger","letecom-in-5days-unlimited","New eSIM","44.5","Unlimited","0","0","Celtel [4G]","5 days","country"
"Niger","letecom-in-5days-unlimited-topup","Top-up","44.5","Unlimited","0","0","Celtel [4G]","5 days","country"
"Niger","letecom-in-7days-unlimited","New eSIM","53.5","Unlimited","0","0","Celtel [4G]","7 days","country"
"Niger","letecom-in-7days-unlimited-topup","Top-up","53.5","Unlimited","0","0","Celtel [4G]","7 days","country"
"Niger","letecom-in-10days-unlimited","New eSIM","84","Unlimited","0","0","Celtel [4G]","10 days","country"
"Niger","letecom-in-10days-unlimited-topup","Top-up","84","Unlimited","0","0","Celtel [4G]","10 days","country"
"Nigeria","nigercell-7days-1gb-topup","Top-up","7.5","1 GB","0","0","Airtel [5G], Glo [4G], MTN [3G]","7 days","country"
"Nigeria","nigercell-7days-1gb","New eSIM","7.5","1 GB","0","0","Airtel [5G], Glo [4G], MTN [3G]","7 days","country"
"Nigeria","nigercell-15days-2gb-topup","Top-up","13.5","2 GB","0","0","Airtel [5G], Glo [4G], MTN [3G]","15 days","country"
"Nigeria","nigercell-15days-2gb","New eSIM","13.5","2 GB","0","0","Airtel [5G], Glo [4G], MTN [3G]","15 days","country"
"Nigeria","nigercell-30days-3gb-topup","Top-up","19","3 GB","0","0","Airtel [5G], Glo [4G], MTN [3G]","30 days","country"
"Nigeria","nigercell-30days-3gb","New eSIM","19","3 GB","0","0","Airtel [5G], Glo [4G], MTN [3G]","30 days","country"
"Nigeria","nigercell-30days-5gb","New eSIM","30","5 GB","0","0","Airtel [5G], Glo [4G], MTN [3G]","30 days","country"
"Nigeria","nigercell-30days-5gb-topup","Top-up","30","5 GB","0","0","Airtel [5G], Glo [4G], MTN [3G]","30 days","country"
"Nigeria","nigercell-30days-10gb-topup","Top-up","49","10 GB","0","0","Airtel [5G], Glo [4G], MTN [3G]","30 days","country"
"Nigeria","nigercell-30days-10gb","New eSIM","49","10 GB","0","0","Airtel [5G], Glo [4G], MTN [3G]","30 days","country"
"Nigeria","nigercell-3days-unlimited","New eSIM","24","Unlimited","0","0","Airtel [5G], Glo [4G], MTN [3G]","3 days","country"
"Nigeria","nigercell-3days-unlimited-topup","Top-up","24","Unlimited","0","0","Airtel [5G], Glo [4G], MTN [3G]","3 days","country"
"Nigeria","nigercell-5days-unlimited","New eSIM","31.5","Unlimited","0","0","Airtel [5G], Glo [4G], MTN [3G]","5 days","country"
"Nigeria","nigercell-5days-unlimited-topup","Top-up","31.5","Unlimited","0","0","Airtel [5G], Glo [4G], MTN [3G]","5 days","country"
"Nigeria","nigercell-7days-unlimited","New eSIM","40.5","Unlimited","0","0","Airtel [5G], Glo [4G], MTN [3G]","7 days","country"
"Nigeria","nigercell-7days-unlimited-topup","Top-up","40.5","Unlimited","0","0","Airtel [5G], Glo [4G], MTN [3G]","7 days","country"
"Nigeria","nigercell-10days-unlimited","New eSIM","47","Unlimited","0","0","Airtel [5G], Glo [4G], MTN [3G]","10 days","country"
"Nigeria","nigercell-10days-unlimited-topup","Top-up","47","Unlimited","0","0","Airtel [5G], Glo [4G], MTN [3G]","10 days","country"
"Nigeria","nigercell-15days-unlimited","New eSIM","64","Unlimited","0","0","Airtel [5G], Glo [4G], MTN [3G]","15 days","country"
"Nigeria","nigercell-15days-unlimited-topup","Top-up","64","Unlimited","0","0","Airtel [5G], Glo [4G], MTN [3G]","15 days","country"
"Nigeria","nigercell-30days-unlimited","New eSIM","99","Unlimited","0","0","Airtel [5G], Glo [4G], MTN [3G]","30 days","country"
"Nigeria","nigercell-30days-unlimited-topup","Top-up","99","Unlimited","0","0","Airtel [5G], Glo [4G], MTN [3G]","30 days","country"
"North Macedonia","matka-mobile-in-7days-1gb","New eSIM","4","1 GB","0","0","A1 [4G]","7 days","country"
"North Macedonia","matka-mobile-in-7days-1gb-topup","Top-up","4","1 GB","0","0","A1 [4G]","7 days","country"
"North Macedonia","matka-mobile-in-15days-2gb","New eSIM","7","2 GB","0","0","A1 [4G]","15 days","country"
"North Macedonia","matka-mobile-in-15days-2gb-topup","Top-up","7","2 GB","0","0","A1 [4G]","15 days","country"
"North Macedonia","matka-mobile-in-30days-3gb","New eSIM","9","3 GB","0","0","A1 [4G]","30 days","country"
"North Macedonia","matka-mobile-in-30days-3gb-topup","Top-up","9","3 GB","0","0","A1 [4G]","30 days","country"
"North Macedonia","matka-mobile-in-30days-5gb","New eSIM","13","5 GB","0","0","A1 [4G]","30 days","country"
"North Macedonia","matka-mobile-in-30days-5gb-topup","Top-up","13","5 GB","0","0","A1 [4G]","30 days","country"
"North Macedonia","matka-mobile-in-30days-10gb","New eSIM","21","10 GB","0","0","A1 [4G]","30 days","country"
"North Macedonia","matka-mobile-in-30days-10gb-topup","Top-up","21","10 GB","0","0","A1 [4G]","30 days","country"
"North Macedonia","matka-mobile-in-30days-20gb","New eSIM","35","20 GB","0","0","A1 [4G]","30 days","country"
"North Macedonia","matka-mobile-in-30days-20gb-topup","Top-up","35","20 GB","0","0","A1 [4G]","30 days","country"
"North Macedonia","matka-mobile-in-3days-unlimited","New eSIM","12.5","Unlimited","0","0","A1 [4G]","3 days","country"
"North Macedonia","matka-mobile-in-3days-unlimited-topup","Top-up","12.5","Unlimited","0","0","A1 [4G]","3 days","country"
"North Macedonia","matka-mobile-in-5days-unlimited","New eSIM","20.5","Unlimited","0","0","A1 [4G]","5 days","country"
"North Macedonia","matka-mobile-in-5days-unlimited-topup","Top-up","20.5","Unlimited","0","0","A1 [4G]","5 days","country"
"North Macedonia","matka-mobile-in-7days-unlimited","New eSIM","27.5","Unlimited","0","0","A1 [4G]","7 days","country"
"North Macedonia","matka-mobile-in-7days-unlimited-topup","Top-up","27.5","Unlimited","0","0","A1 [4G]","7 days","country"
"North Macedonia","matka-mobile-in-10days-unlimited","New eSIM","35","Unlimited","0","0","A1 [4G]","10 days","country"
"North Macedonia","matka-mobile-in-10days-unlimited-topup","Top-up","35","Unlimited","0","0","A1 [4G]","10 days","country"
"North Macedonia","matka-mobile-in-15days-unlimited","New eSIM","49","Unlimited","0","0","A1 [4G]","15 days","country"
"North Macedonia","matka-mobile-in-15days-unlimited-topup","Top-up","49","Unlimited","0","0","A1 [4G]","15 days","country"
"North Macedonia","matka-mobile-in-30days-unlimited","New eSIM","72","Unlimited","0","0","A1 [4G]","30 days","country"
"North Macedonia","matka-mobile-in-30days-unlimited-topup","Top-up","72","Unlimited","0","0","A1 [4G]","30 days","country"
"Northern Cyprus","adanet-7days-1gb","New eSIM","4.5","1 GB","0","0","Turkcell [4G]","7 days","country"
"Northern Cyprus","adanet-7days-1gb-topup","Top-up","4.5","1 GB","0","0","Turkcell [4G]","7 days","country"
"Northern Cyprus","adanet-15days-2gb","New eSIM","6.5","2 GB","0","0","Turkcell [4G]","15 days","country"
"Northern Cyprus","adanet-15days-2gb-topup","Top-up","6.5","2 GB","0","0","Turkcell [4G]","15 days","country"
"Northern Cyprus","adanet-30days-3gb","New eSIM","8","3 GB","0","0","Turkcell [4G]","30 days","country"
"Northern Cyprus","adanet-30days-3gb-topup","Top-up","8","3 GB","0","0","Turkcell [4G]","30 days","country"
"Northern Cyprus","adanet-30days-5gb","New eSIM","11","5 GB","0","0","Turkcell [4G]","30 days","country"
"Northern Cyprus","adanet-30days-5gb-topup","Top-up","11","5 GB","0","0","Turkcell [4G]","30 days","country"
"Northern Cyprus","adanet-30days-10gb","New eSIM","17","10 GB","0","0","Turkcell [4G]","30 days","country"
"Northern Cyprus","adanet-30days-10gb-topup","Top-up","17","10 GB","0","0","Turkcell [4G]","30 days","country"
"Northern Cyprus","adanet-30days-20gb","New eSIM","24","20 GB","0","0","Turkcell [4G]","30 days","country"
"Northern Cyprus","adanet-30days-20gb-topup","Top-up","24","20 GB","0","0","Turkcell [4G]","30 days","country"
"Northern Cyprus","adanet-3days-unlimited","New eSIM","11.5","Unlimited","0","0","Turkcell [4G]","3 days","country"
"Northern Cyprus","adanet-3days-unlimited-topup","Top-up","11.5","Unlimited","0","0","Turkcell [4G]","3 days","country"
"Northern Cyprus","adanet-5days-unlimited","New eSIM","19.5","Unlimited","0","0","Turkcell [4G]","5 days","country"
"Northern Cyprus","adanet-5days-unlimited-topup","Top-up","19.5","Unlimited","0","0","Turkcell [4G]","5 days","country"
"Northern Cyprus","adanet-7days-unlimited","New eSIM","27","Unlimited","0","0","Turkcell [4G]","7 days","country"
"Northern Cyprus","adanet-7days-unlimited-topup","Top-up","27","Unlimited","0","0","Turkcell [4G]","7 days","country"
"Northern Cyprus","adanet-10days-unlimited","New eSIM","35","Unlimited","0","0","Turkcell [4G]","10 days","country"
"Northern Cyprus","adanet-10days-unlimited-topup","Top-up","35","Unlimited","0","0","Turkcell [4G]","10 days","country"
"Northern Cyprus","adanet-15days-unlimited","New eSIM","49","Unlimited","0","0","Turkcell [4G]","15 days","country"
"Northern Cyprus","adanet-15days-unlimited-topup","Top-up","49","Unlimited","0","0","Turkcell [4G]","15 days","country"
"Northern Cyprus","adanet-30days-unlimited-topup","Top-up","72.5","Unlimited","0","0","Turkcell [4G]","30 days","country"
"Northern Cyprus","adanet-30days-unlimited","New eSIM","72.5","Unlimited","0","0","Turkcell [4G]","30 days","country"
"Norway","lofotel-in-7days-1gb","New eSIM","4","1 GB","0","0","Telia [5G]","7 days","country"
"Norway","lofotel-in-7days-1gb-topup","Top-up","4","1 GB","0","0","Telia [5G]","7 days","country"
"Norway","lofotel-in-15days-2gb","New eSIM","6","2 GB","0","0","Telia [5G]","15 days","country"
"Norway","lofotel-in-15days-2gb-topup","Top-up","6","2 GB","0","0","Telia [5G]","15 days","country"
"Norway","lofotel-in-30days-3gb","New eSIM","7.5","3 GB","0","0","Telia [5G]","30 days","country"
"Norway","lofotel-in-30days-3gb-topup","Top-up","7.5","3 GB","0","0","Telia [5G]","30 days","country"
"Norway","lofotel-in-30days-5gb","New eSIM","10.5","5 GB","0","0","Telia [5G]","30 days","country"
"Norway","lofotel-in-30days-5gb-topup","Top-up","10.5","5 GB","0","0","Telia [5G]","30 days","country"
"Norway","lofotel-in-30days-10gb","New eSIM","17","10 GB","0","0","Telia [5G]","30 days","country"
"Norway","lofotel-in-30days-10gb-topup","Top-up","17","10 GB","0","0","Telia [5G]","30 days","country"
"Norway","lofotel-in-30days-20gb","New eSIM","25.5","20 GB","0","0","Telia [5G]","30 days","country"
"Norway","lofotel-in-30days-20gb-topup","Top-up","25.5","20 GB","0","0","Telia [5G]","30 days","country"
"Norway","lofotel-in-3days-unlimited","New eSIM","11.5","Unlimited","0","0","Telia [5G]","3 days","country"
"Norway","lofotel-in-3days-unlimited-topup","Top-up","11.5","Unlimited","0","0","Telia [5G]","3 days","country"
"Norway","lofotel-in-5days-unlimited","New eSIM","18.5","Unlimited","0","0","Telia [5G]","5 days","country"
"Norway","lofotel-in-5days-unlimited-topup","Top-up","18.5","Unlimited","0","0","Telia [5G]","5 days","country"
"Norway","lofotel-in-7days-unlimited","New eSIM","27","Unlimited","0","0","Telia [5G]","7 days","country"
"Norway","lofotel-in-7days-unlimited-topup","Top-up","27","Unlimited","0","0","Telia [5G]","7 days","country"
"Norway","lofotel-in-10days-unlimited","New eSIM","34.5","Unlimited","0","0","Telia [5G]","10 days","country"
"Norway","lofotel-in-10days-unlimited-topup","Top-up","34.5","Unlimited","0","0","Telia [5G]","10 days","country"
"Norway","lofotel-in-15days-unlimited","New eSIM","48","Unlimited","0","0","Telia [5G]","15 days","country"
"Norway","lofotel-in-15days-unlimited-topup","Top-up","48","Unlimited","0","0","Telia [5G]","15 days","country"
"Norway","lofotel-in-30days-unlimited","New eSIM","69","Unlimited","0","0","Telia [5G]","30 days","country"
"Norway","lofotel-in-30days-unlimited-topup","Top-up","69","Unlimited","0","0","Telia [5G]","30 days","country"
"Oman","omancom-7days-1gb","New eSIM","4.5","1 GB","0","0","Omantel [5G]","7 days","country"
"Oman","omancom-7days-1gb-topup","Top-up","4.5","1 GB","0","0","Omantel [5G]","7 days","country"
"Oman","omancom-15days-2gb","New eSIM","7.5","2 GB","0","0","Omantel [5G]","15 days","country"
"Oman","omancom-15days-2gb-topup","Top-up","7.5","2 GB","0","0","Omantel [5G]","15 days","country"
"Oman","omancom-30days-3gb","New eSIM","9.5","3 GB","0","0","Omantel [5G]","30 days","country"
"Oman","omancom-30days-3gb-topup","Top-up","9.5","3 GB","0","0","Omantel [5G]","30 days","country"
"Oman","omancom-30days-5gb","New eSIM","14","5 GB","0","0","Omantel [5G]","30 days","country"
"Oman","omancom-30days-5gb-topup","Top-up","14","5 GB","0","0","Omantel [5G]","30 days","country"
"Oman","omancom-30days-10gb","New eSIM","24","10 GB","0","0","Omantel [5G]","30 days","country"
"Oman","omancom-30days-10gb-topup","Top-up","24","10 GB","0","0","Omantel [5G]","30 days","country"
"Oman","omancom-30days-20gb","New eSIM","38","20 GB","0","0","Omantel [5G]","30 days","country"
"Oman","omancom-30days-20gb-topup","Top-up","38","20 GB","0","0","Omantel [5G]","30 days","country"
"Oman","omantel-3days-unlimited","New eSIM","20.5","Unlimited","0","0","Omantel [5G]","3 days","country"
"Oman","omantel-3days-unlimited-topup","Top-up","20.5","Unlimited","0","0","Omantel [5G]","3 days","country"
"Oman","omantel-5days-unlimited","New eSIM","29.5","Unlimited","0","0","Omantel [5G]","5 days","country"
"Oman","omantel-5days-unlimited-topup","Top-up","29.5","Unlimited","0","0","Omantel [5G]","5 days","country"
"Oman","omantel-7days-unlimited","New eSIM","36.5","Unlimited","0","0","Omantel [5G]","7 days","country"
"Oman","omantel-7days-unlimited-topup","Top-up","36.5","Unlimited","0","0","Omantel [5G]","7 days","country"
"Oman","omantel-15days-unlimited","New eSIM","49","Unlimited","0","0","Omantel [5G]","15 days","country"
"Oman","omantel-15days-unlimited-topup","Top-up","49","Unlimited","0","0","Omantel [5G]","15 days","country"
"Oman","omantel-30days-unlimited","New eSIM","99","Unlimited","0","0","Omantel [5G]","30 days","country"
"Oman","omantel-30days-unlimited-topup","Top-up","99","Unlimited","0","0","Omantel [5G]","30 days","country"
"Oman","omancom-10days-unlimited","New eSIM","38","Unlimited","0","0","Omantel [5G]","10 days","country"
"Oman","omancom-10days-unlimited-topup","Top-up","38","Unlimited","0","0","Omantel [5G]","10 days","country"
"Pakistan","sheesh-7days-1gb","New eSIM","4","1 GB","0","0","Zong [4G], Jazz [4G]","7 days","country"
"Pakistan","sheesh-7days-1gb-topup","Top-up","4","1 GB","0","0","Zong [4G], Jazz [4G]","7 days","country"
"Pakistan","sheesh-15days-2gb","New eSIM","6.5","2 GB","0","0","Zong [4G], Jazz [4G]","15 days","country"
"Pakistan","sheesh-15days-2gb-topup","Top-up","6.5","2 GB","0","0","Zong [4G], Jazz [4G]","15 days","country"
"Pakistan","sheesh-30days-3gb","New eSIM","8","3 GB","0","0","Zong [4G], Jazz [4G]","30 days","country"
"Pakistan","sheesh-30days-3gb-topup","Top-up","8","3 GB","0","0","Zong [4G], Jazz [4G]","30 days","country"
"Pakistan","sheesh-30days-5gb","New eSIM","11","5 GB","0","0","Zong [4G], Jazz [4G]","30 days","country"
"Pakistan","sheesh-30days-5gb-topup","Top-up","11","5 GB","0","0","Zong [4G], Jazz [4G]","30 days","country"
"Pakistan","sheesh-30days-10gb","New eSIM","18","10 GB","0","0","Zong [4G], Jazz [4G]","30 days","country"
"Pakistan","sheesh-30days-10gb-topup","Top-up","18","10 GB","0","0","Zong [4G], Jazz [4G]","30 days","country"
"Pakistan","sheesh-30days-20gb","New eSIM","28","20 GB","0","0","Zong [4G], Jazz [4G]","30 days","country"
"Pakistan","sheesh-30days-20gb-topup","Top-up","28","20 GB","0","0","Zong [4G], Jazz [4G]","30 days","country"
"Pakistan","sheesh-3days-unlimited","New eSIM","12.5","Unlimited","0","0","Zong [4G], Jazz [4G]","3 days","country"
"Pakistan","sheesh-3days-unlimited-topup","Top-up","12.5","Unlimited","0","0","Zong [4G], Jazz [4G]","3 days","country"
"Pakistan","sheesh-5days-unlimited-topup","Top-up","19","Unlimited","0","0","Zong [4G], Jazz [4G]","5 days","country"
"Pakistan","sheesh-5days-unlimited","New eSIM","19","Unlimited","0","0","Zong [4G], Jazz [4G]","5 days","country"
"Pakistan","sheesh-7days-unlimited-topup","Top-up","27","Unlimited","0","0","Zong [4G], Jazz [4G]","7 days","country"
"Pakistan","sheesh-7days-unlimited","New eSIM","27","Unlimited","0","0","Zong [4G], Jazz [4G]","7 days","country"
"Pakistan","sheesh-10days-unlimited","New eSIM","35","Unlimited","0","0","Zong [4G], Jazz [4G]","10 days","country"
"Pakistan","sheesh-10days-unlimited-topup","Top-up","35","Unlimited","0","0","Zong [4G], Jazz [4G]","10 days","country"
"Pakistan","sheesh-15days-unlimited-topup","Top-up","49","Unlimited","0","0","Zong [4G], Jazz [4G]","15 days","country"
"Pakistan","sheesh-15days-unlimited","New eSIM","49","Unlimited","0","0","Zong [4G], Jazz [4G]","15 days","country"
"Pakistan","sheesh-30days-unlimited-topup","Top-up","72","Unlimited","0","0","Zong [4G], Jazz [4G]","30 days","country"
"Pakistan","sheesh-30days-unlimited","New eSIM","72","Unlimited","0","0","Zong [4G], Jazz [4G]","30 days","country"
"Palestine, State of","tine-mobile-7days-1gb","New eSIM","5","1 GB","0","0","Ooredoo [3G]","7 days","country"
"Palestine, State of","tine-mobile-7days-1gb-topup","Top-up","5","1 GB","0","0","Ooredoo [3G]","7 days","country"
"Palestine, State of","tine-mobile-15days-2gb","New eSIM","8","2 GB","0","0","Ooredoo [3G]","15 days","country"
"Palestine, State of","tine-mobile-15days-2gb-topup","Top-up","8","2 GB","0","0","Ooredoo [3G]","15 days","country"
"Palestine, State of","tine-mobile-30days-3gb","New eSIM","10.5","3 GB","0","0","Ooredoo [3G]","30 days","country"
"Palestine, State of","tine-mobile-30days-3gb-topup","Top-up","10.5","3 GB","0","0","Ooredoo [3G]","30 days","country"
"Palestine, State of","tine-mobile-30days-5gb","New eSIM","16","5 GB","0","0","Ooredoo [3G]","30 days","country"
"Palestine, State of","tine-mobile-30days-5gb-topup","Top-up","16","5 GB","0","0","Ooredoo [3G]","30 days","country"
"Palestine, State of","tine-mobile-30days-10gb","New eSIM","25.5","10 GB","0","0","Ooredoo [3G]","30 days","country"
"Palestine, State of","tine-mobile-30days-10gb-topup","Top-up","25.5","10 GB","0","0","Ooredoo [3G]","30 days","country"
"Palestine, State of","tine-mobile-30days-20gb","New eSIM","45","20 GB","0","0","Ooredoo [3G]","30 days","country"
"Palestine, State of","tine-mobile-30days-20gb-topup","Top-up","45","20 GB","0","0","Ooredoo [3G]","30 days","country"
"Palestine, State of","tine-mobile-unlimited-3days","New eSIM","14","Unlimited","0","0","Ooredoo [LTE]","3 days","country"
"Palestine, State of","tine-mobile-unlimited-3days-topup","Top-up","14","Unlimited","0","0","Ooredoo [LTE]","3 days","country"
"Palestine, State of","tine-mobile-unlimited-5days","New eSIM","19.5","Unlimited","0","0","Ooredoo [LTE]","5 days","country"
"Palestine, State of","tine-mobile-unlimited-5days-topup","Top-up","19.5","Unlimited","0","0","Ooredoo [LTE]","5 days","country"
"Palestine, State of","tine-mobile-unlimited-7days","New eSIM","28.5","Unlimited","0","0","Ooredoo [LTE]","7 days","country"
"Palestine, State of","tine-mobile-unlimited-7days-topup","Top-up","28.5","Unlimited","0","0","Ooredoo [LTE]","7 days","country"
"Palestine, State of","tine-mobile-unlimited-10days","New eSIM","36","Unlimited","0","0","Ooredoo [LTE]","10 days","country"
"Palestine, State of","tine-mobile-unlimited-10days-topup","Top-up","36","Unlimited","0","0","Ooredoo [LTE]","10 days","country"
"Palestine, State of","tine-mobile-unlimited-15days","New eSIM","50","Unlimited","0","0","Ooredoo [LTE]","15 days","country"
"Palestine, State of","tine-mobile-unlimited-15days-topup","Top-up","50","Unlimited","0","0","Ooredoo [LTE]","15 days","country"
"Panama","pancell-digital-7days-1gb","New eSIM","8","1 GB","0","0","Tigo (Milicom) [LTE]","7 days","country"
"Panama","pancell-digital-7days-1gb-topup","Top-up","8","1 GB","0","0","Tigo (Milicom) [LTE]","7 days","country"
"Panama","pancell-digital-15days-2gb","New eSIM","14","2 GB","0","0","Tigo (Milicom) [LTE]","15 days","country"
"Panama","pancell-digital-15days-2gb-topup","Top-up","14","2 GB","0","0","Tigo (Milicom) [LTE]","15 days","country"
"Panama","pancell-digital-30days-3gb-topup","Top-up","19","3 GB","0","0","Tigo (Milicom) [LTE]","30 days","country"
"Panama","pancell-digital-30days-3gb","New eSIM","19","3 GB","0","0","Tigo (Milicom) [LTE]","30 days","country"
"Panama","pancell-digital-30days-5gb","New eSIM","30","5 GB","0","0","Tigo (Milicom) [LTE]","30 days","country"
"Panama","pancell-digital-30days-5gb-topup","Top-up","30","5 GB","0","0","Tigo (Milicom) [LTE]","30 days","country"
"Papua New Guinea","sivoli-mobile-in-7days-1gb","New eSIM","7","1 GB","0","0","Digicel [4G]","7 days","country"
"Papua New Guinea","sivoli-mobile-in-7days-1gb-topup","Top-up","7","1 GB","0","0","Digicel [4G]","7 days","country"
"Papua New Guinea","sivoli-mobile-15days-2gb","New eSIM","12.5","2 GB","0","0","Digicel [4G]","15 days","country"
"Papua New Guinea","sivoli-mobile-in-15days-2gb-topup","Top-up","12.5","2 GB","0","0","Digicel [4G]","15 days","country"
"Papua New Guinea","sivoli-mobile-in-30days-3gb","New eSIM","17","3 GB","0","0","Digicel [4G]","30 days","country"
"Papua New Guinea","sivoli-mobile-in-30days-3gb-topup","Top-up","17","3 GB","0","0","Digicel [4G]","30 days","country"
"Papua New Guinea","sivoli-mobile-in-30days-5gb-topup","Top-up","27","5 GB","0","0","Digicel [4G]","30 days","country"
"Papua New Guinea","sivoli-mobile-in-30days-5gb","New eSIM","27","5 GB","0","0","Digicel [4G]","30 days","country"
"Papua New Guinea","sivoli-mobile-in-30days-10gb","New eSIM","43","10 GB","0","0","Digicel [4G]","30 days","country"
"Papua New Guinea","sivoli-mobile-in-30days-10gb-topup","Top-up","43","10 GB","0","0","Digicel [4G]","30 days","country"
"Paraguay","triple-comm-7days-1gb","New eSIM","5.5","1 GB","0","0","Tigo [4G], Claro [4G]","7 days","country"
"Paraguay","triple-comm-7days-1gb-topup","Top-up","5.5","1 GB","0","0","Tigo [4G], Claro [4G]","7 days","country"
"Paraguay","triple-comm-15days-2gb","New eSIM","10.5","2 GB","0","0","Tigo [4G], Claro [4G]","15 days","country"
"Paraguay","triple-comm-15days-2gb-topup","Top-up","10.5","2 GB","0","0","Tigo [4G], Claro [4G]","15 days","country"
"Paraguay","triple-comm-30days-3gb","New eSIM","15","3 GB","0","0","Tigo [4G], Claro [4G]","30 days","country"
"Paraguay","triple-comm-30days-3gb-topup","Top-up","15","3 GB","0","0","Tigo [4G], Claro [4G]","30 days","country"
"Paraguay","triple-comm-30days-5gb","New eSIM","23","5 GB","0","0","Tigo [4G], Claro [4G]","30 days","country"
"Paraguay","triple-comm-30days-5gb-topup","Top-up","23","5 GB","0","0","Tigo [4G], Claro [4G]","30 days","country"
"Paraguay","triple-comm-30days-10gb","New eSIM","39","10 GB","0","0","Tigo [4G], Claro [4G]","30 days","country"
"Paraguay","triple-comm-30days-10gb-topup","Top-up","39","10 GB","0","0","Tigo [4G], Claro [4G]","30 days","country"
"Paraguay","triple-comm-3days-unlimited","New eSIM","19.5","Unlimited","0","0","Tigo [LTE], Claro [LTE]","3 days","country"
"Paraguay","triple-comm-3days-unlimited-topup","Top-up","19.5","Unlimited","0","0","Tigo [LTE], Claro [LTE]","3 days","country"
"Paraguay","triple-comm-5days-unlimited","New eSIM","30.5","Unlimited","0","0","Tigo [LTE], Claro [LTE]","5 days","country"
"Paraguay","triple-comm-5days-unlimited-topup","Top-up","30.5","Unlimited","0","0","Tigo [LTE], Claro [LTE]","5 days","country"
"Paraguay","triple-comm-7days-unlimited","New eSIM","39.5","Unlimited","0","0","Tigo [LTE], Claro [LTE]","7 days","country"
"Paraguay","triple-comm-7days-unlimited-topup","Top-up","39.5","Unlimited","0","0","Tigo [LTE], Claro [LTE]","7 days","country"
"Paraguay","triple-comm-10days-unlimited","New eSIM","46","Unlimited","0","0","Tigo [LTE], Claro [LTE]","10 days","country"
"Paraguay","triple-comm-10days-unlimited-topup","Top-up","46","Unlimited","0","0","Tigo [LTE], Claro [LTE]","10 days","country"
"Paraguay","triple-comm-15days-unlimited","New eSIM","63","Unlimited","0","0","Tigo [LTE], Claro [LTE]","15 days","country"
"Paraguay","triple-comm-15days-unlimited-topup","Top-up","63","Unlimited","0","0","Tigo [LTE], Claro [LTE]","15 days","country"
"Paraguay","triple-comm-30days-unlimited","New eSIM","99","Unlimited","0","0","Tigo [LTE], Claro [LTE]","30 days","country"
"Paraguay","triple-comm-30days-unlimited-topup","Top-up","99","Unlimited","0","0","Tigo [LTE], Claro [LTE]","30 days","country"
"Peru","habla-telefon-in-7days-1gb-topup","Top-up","4.5","1 GB","0","0","Movistar [4G]","7 days","country"
"Peru","habla-telefon-in-7days-1gb","New eSIM","4.5","1 GB","0","0","Movistar [4G]","7 days","country"
"Peru","habla-telefon-in-15days-2gb-topup","Top-up","8","2 GB","0","0","Movistar [4G]","15 days","country"
"Peru","habla-telefon-in-15days-2gb","New eSIM","8","2 GB","0","0","Movistar [4G]","15 days","country"
"Peru","habla-telefon-in-30days-3gb","New eSIM","11","3 GB","0","0","Movistar [4G]","30 days","country"
"Peru","habla-telefon-in-30days-3gb-topup","Top-up","11","3 GB","0","0","Movistar [4G]","30 days","country"
"Peru","habla-telefon-in-30days-5gb-topup","Top-up","17","5 GB","0","0","Movistar [4G]","30 days","country"
"Peru","habla-telefon-in-30days-5gb","New eSIM","17","5 GB","0","0","Movistar [4G]","30 days","country"
"Peru","habla-telefon-in-30days-10gb","New eSIM","26","10 GB","0","0","Movistar [4G]","30 days","country"
"Peru","habla-telefon-in-30days-10gb-topup","Top-up","26","10 GB","0","0","Movistar [4G]","30 days","country"
"Peru","habla-telefon-in-3days-unlimited","New eSIM","16","Unlimited","0","0","Movistar [4G]","3 days","country"
"Peru","habla-telefon-in-3days-unlimited-topup","Top-up","16","Unlimited","0","0","Movistar [4G]","3 days","country"
"Peru","habla-telefon-in-5days-unlimited","New eSIM","19","Unlimited","0","0","Movistar [4G]","5 days","country"
"Peru","habla-telefon-in-5days-unlimited-topup","Top-up","19","Unlimited","0","0","Movistar [4G]","5 days","country"
"Peru","habla-telefon-in-7days-unlimited-topup","Top-up","27","Unlimited","0","0","Movistar [4G]","7 days","country"
"Peru","habla-telefon-in-7days-unlimited","New eSIM","27","Unlimited","0","0","Movistar [4G]","7 days","country"
"Peru","habla-telefon-in-10days-unlimited","New eSIM","33.5","Unlimited","0","0","Movistar [4G]","10 days","country"
"Peru","habla-telefon-in-10days-unlimited-topup","Top-up","33.5","Unlimited","0","0","Movistar [4G]","10 days","country"
"Peru","habla-telefon-in-15days-unlimited-topup","Top-up","44","Unlimited","0","0","Movistar [4G]","15 days","country"
"Peru","habla-telefon-in-15days-unlimited","New eSIM","44","Unlimited","0","0","Movistar [4G]","15 days","country"
"Peru","habla-telefon-in-30days-unlimited","New eSIM","79","Unlimited","0","0","Movistar [4G]","30 days","country"
"Peru","habla-telefon-in-30days-unlimited-topup","Top-up","79","Unlimited","0","0","Movistar [4G]","30 days","country"
"Philippines","alpas-mobile-in-7days-1gb","New eSIM","4","1 GB","0","0","Smart [5G]","7 days","country"
"Philippines","alpas-mobile-in-7days-1gb-topup","Top-up","4","1 GB","0","0","Smart [5G]","7 days","country"
"Philippines","alpas-mobile-in-15days-2gb","New eSIM","6.5","2 GB","0","0","Smart [5G]","15 days","country"
"Philippines","alpas-mobile-in-15days-2gb-topup","Top-up","6.5","2 GB","0","0","Smart [5G]","15 days","country"
"Philippines","alpas-mobile-in-30days-3gb","New eSIM","8","3 GB","0","0","Smart [5G]","30 days","country"
"Philippines","alpas-mobile-in-30days-3gb-topup","Top-up","8","3 GB","0","0","Smart [5G]","30 days","country"
"Philippines","alpas-mobile-in-30days-5gb","New eSIM","12","5 GB","0","0","Smart [5G]","30 days","country"
"Philippines","alpas-mobile-in-30days-5gb-topup","Top-up","12","5 GB","0","0","Smart [5G]","30 days","country"
"Philippines","alpas-mobile-in-30days-10gb","New eSIM","19","10 GB","0","0","Smart [5G]","30 days","country"
"Philippines","alpas-mobile-in-30days-10gb-topup","Top-up","19","10 GB","0","0","Smart [5G]","30 days","country"
"Philippines","alpas-mobile-in-30days-20gb","New eSIM","30","20 GB","0","0","Smart [5G]","30 days","country"
"Philippines","alpas-mobile-in-30days-20gb-topup","Top-up","30","20 GB","0","0","Smart [5G]","30 days","country"
"Philippines","alpas-mobile-in-3days-unlimited","New eSIM","11.5","Unlimited","0","0","Smart [5G]","3 days","country"
"Philippines","alpas-mobile-in-3days-unlimited-topup","Top-up","11.5","Unlimited","0","0","Smart [5G]","3 days","country"
"Philippines","alpas-mobile-in-5days-unlimited","New eSIM","18.5","Unlimited","0","0","Smart [5G]","5 days","country"
"Philippines","alpas-mobile-in-5days-unlimited-topup","Top-up","18.5","Unlimited","0","0","Smart [5G]","5 days","country"
"Philippines","alpas-mobile-in-7days-unlimited","New eSIM","27","Unlimited","0","0","Smart [5G]","7 days","country"
"Philippines","alpas-mobile-in-7days-unlimited-topup","Top-up","27","Unlimited","0","0","Smart [5G]","7 days","country"
"Philippines","alpas-mobile-in-10days-unlimited","New eSIM","34.5","Unlimited","0","0","Smart [5G]","10 days","country"
"Philippines","alpas-mobile-in-10days-unlimited-topup","Top-up","34.5","Unlimited","0","0","Smart [5G]","10 days","country"
"Philippines","alpas-mobile-in-15days-unlimited","New eSIM","48","Unlimited","0","0","Smart [5G]","15 days","country"
"Philippines","alpas-mobile-in-15days-unlimited-topup","Top-up","48","Unlimited","0","0","Smart [5G]","15 days","country"
"Philippines","alpas-mobile-in-30days-unlimited","New eSIM","71","Unlimited","0","0","Smart [5G]","30 days","country"
"Philippines","alpas-mobile-in-30days-unlimited-topup","Top-up","71","Unlimited","0","0","Smart [5G]","30 days","country"
"Poland","lekko-in-7days-1gb","New eSIM","4","1 GB","0","0","P4 [5G]","7 days","country"
"Poland","lekko-in-7days-1gb-topup","Top-up","4","1 GB","0","0","P4 [5G]","7 days","country"
"Poland","lekko-in-15days-2gb","New eSIM","5.5","2 GB","0","0","P4 [5G]","15 days","country"
"Poland","lekko-in-15days-2gb-topup","Top-up","5.5","2 GB","0","0","P4 [5G]","15 days","country"
"Poland","lekko-in-30days-3gb","New eSIM","6","3 GB","0","0","P4 [5G]","30 days","country"
"Poland","lekko-in-30days-5gb","New eSIM","8.5","5 GB","0","0","P4 [5G]","30 days","country"
"Poland","lekko-in-30days-10gb","New eSIM","12","10 GB","0","0","P4 [5G]","30 days","country"
"Poland","lekko-in-30days-20gb","New eSIM","19","20 GB","0","0","P4 [5G]","30 days","country"
"Poland","lekko-in-30days-3gb-topup","Top-up","6","3 GB","0","0","P4 [5G]","30 days","country"
"Poland","lekko-in-30days-5gb-topup","Top-up","8.5","5 GB","0","0","P4 [5G]","30 days","country"
"Poland","lekko-in-30days-10gb-topup","Top-up","12","10 GB","0","0","P4 [5G]","30 days","country"
"Poland","lekko-in-30days-20gb-topup","Top-up","19","20 GB","0","0","P4 [5G]","30 days","country"
"Poland","lekko-in-3days-unlimited","New eSIM","11.5","Unlimited","0","0","P4 [5G]","3 days","country"
"Poland","lekko-in-5days-unlimited","New eSIM","18.5","Unlimited","0","0","P4 [5G]","5 days","country"
"Poland","lekko-in-7days-unlimited","New eSIM","27","Unlimited","0","0","P4 [5G]","7 days","country"
"Poland","lekko-in-10days-unlimited","New eSIM","34.5","Unlimited","0","0","P4 [5G]","10 days","country"
"Poland","lekko-in-15days-unlimited","New eSIM","48","Unlimited","0","0","P4 [5G]","15 days","country"
"Poland","lekko-in-30days-unlimited","New eSIM","69","Unlimited","0","0","P4 [5G]","30 days","country"
"Poland","lekko-in-3days-unlimited-topup","Top-up","11.5","Unlimited","0","0","P4 [5G]","3 days","country"
"Poland","lekko-in-5days-unlimited-topup","Top-up","18.5","Unlimited","0","0","P4 [5G]","5 days","country"
"Poland","lekko-in-7days-unlimited-topup","Top-up","27","Unlimited","0","0","P4 [5G]","7 days","country"
"Poland","lekko-in-10days-unlimited-topup","Top-up","34.5","Unlimited","0","0","P4 [5G]","10 days","country"
"Poland","lekko-in-15days-unlimited-topup","Top-up","48","Unlimited","0","0","P4 [5G]","15 days","country"
"Poland","lekko-in-30days-unlimited-topup","Top-up","69","Unlimited","0","0","P4 [5G]","30 days","country"
"Portugal","fofo-mobil-in-30days-5gb","New eSIM","9","5 GB","0","0","NOS [5G], Vodafone [5G], MEO [5G]","30 days","country"
"Portugal","fofo-mobil-in-30days-5gb-topup","Top-up","9","5 GB","0","0","NOS [5G], Vodafone [5G], MEO [5G]","30 days","country"
"Portugal","fofo-mobil-in-30days-10gb","New eSIM","11","10 GB","0","0","NOS [5G], Vodafone [5G], MEO [5G]","30 days","country"
"Portugal","fofo-mobil-in-30days-10gb-topup","Top-up","11","10 GB","0","0","NOS [5G], Vodafone [5G], MEO [5G]","30 days","country"
"Portugal","fofo-mobil-in-30days-20gb","New eSIM","19","20 GB","0","0","NOS [5G], Vodafone [5G], MEO [5G]","30 days","country"
"Portugal","fofo-mobil-in-30days-20gb-topup","Top-up","19","20 GB","0","0","NOS [5G], Vodafone [5G], MEO [5G]","30 days","country"
"Portugal","fofo-mobil-in-7days-1gb","New eSIM","4","1 GB","0","0","NOS [5G], Vodafone [5G], MEO [5G]","7 days","country"
"Portugal","fofo-mobil-in-7days-1gb-topup","Top-up","4","1 GB","0","0","NOS [5G], Vodafone [5G], MEO [5G]","7 days","country"
"Portugal","fofo-mobil-in-15days-2gb","New eSIM","5.5","2 GB","0","0","NOS [5G], Vodafone [5G], MEO [5G]","15 days","country"
"Portugal","fofo-mobil-in-15days-2gb-topup","Top-up","5.5","2 GB","0","0","NOS [5G], Vodafone [5G], MEO [5G]","15 days","country"
"Portugal","fofo-mobil-in-30days-3gb","New eSIM","6.5","3 GB","0","0","NOS [5G], Vodafone [5G], MEO [5G]","30 days","country"
"Portugal","fofo-mobil-in-30days-3gb-topup","Top-up","6.5","3 GB","0","0","NOS [5G], Vodafone [5G], MEO [5G]","30 days","country"
"Portugal","fofo-mobil-in-3days-unlimited","New eSIM","11.5","Unlimited","0","0","NOS [5G], Vodafone [5G], MEO [5G]","3 days","country"
"Portugal","fofo-mobil-in-3days-unlimited-topup","Top-up","11.5","Unlimited","0","0","NOS [5G], Vodafone [5G], MEO [5G]","3 days","country"
"Portugal","fofo-mobil-in-5days-unlimited","New eSIM","19","Unlimited","0","0","NOS [5G], Vodafone [5G], MEO [5G]","5 days","country"
"Portugal","fofo-mobil-in-5days-unlimited-topup","Top-up","19","Unlimited","0","0","NOS [5G], Vodafone [5G], MEO [5G]","5 days","country"
"Portugal","fofo-mobil-in-7days-unlimited","New eSIM","27","Unlimited","0","0","NOS [5G], Vodafone [5G], MEO [5G]","7 days","country"
"Portugal","fofo-mobil-in-7days-unlimited-topup","Top-up","27","Unlimited","0","0","NOS [5G], Vodafone [5G], MEO [5G]","7 days","country"
"Portugal","fofo-mobil-in-10days-unlimited","New eSIM","34.5","Unlimited","0","0","NOS [5G], Vodafone [5G], MEO [5G]","10 days","country"
"Portugal","fofo-mobil-in-10days-unlimited-topup","Top-up","34.5","Unlimited","0","0","NOS [5G], Vodafone [5G], MEO [5G]","10 days","country"
"Portugal","fofo-mobil-in-15days-unlimited","New eSIM","48","Unlimited","0","0","NOS [5G], Vodafone [5G], MEO [5G]","15 days","country"
"Portugal","fofo-mobil-in-15days-unlimited-topup","Top-up","48","Unlimited","0","0","NOS [5G], Vodafone [5G], MEO [5G]","15 days","country"
"Portugal","fofo-mobil-in-30days-unlimited","New eSIM","69","Unlimited","0","0","NOS [5G], Vodafone [5G], MEO [5G]","30 days","country"
"Portugal","fofo-mobil-in-30days-unlimited-topup","Top-up","69","Unlimited","0","0","NOS [5G], Vodafone [5G], MEO [5G]","30 days","country"
"Puerto Rico","boricua-in-mobile-7days-1gb-topup","Top-up","4","1 GB","0","0","T-Mobile [LTE]","7 days","country"
"Puerto Rico","boricua-in-mobile-7days-1gb","New eSIM","4","1 GB","0","0","T-Mobile [LTE]","7 days","country"
"Puerto Rico","boricua-in-in-mobile-15days-2gb","New eSIM","8","2 GB","0","0","T-Mobile [LTE]","15 days","country"
"Puerto Rico","boricua-in-in-mobile-15days-2gb-topup","Top-up","8","2 GB","0","0","T-Mobile [LTE]","15 days","country"
"Puerto Rico","boricua-in-mobile-30days-3gb","New eSIM","11","3 GB","0","0","T-Mobile [LTE]","30 days","country"
"Puerto Rico","boricua-in-mobile-30days-3gb-topup","Top-up","11","3 GB","0","0","T-Mobile [LTE]","30 days","country"
"Puerto Rico","boricua-in-mobile-30days-5gb","New eSIM","17","5 GB","0","0","T-Mobile [LTE]","30 days","country"
"Puerto Rico","boricua-in-mobile-30days-5gb-topup","Top-up","17","5 GB","0","0","T-Mobile [LTE]","30 days","country"
"Puerto Rico","boricua-mobile-30days-10gb","New eSIM","25","10 GB","0","0","T-Mobile [LTE]","30 days","country"
"Puerto Rico","boricua-in-mobile-30days-10gb-topup","Top-up","25","10 GB","0","0","T-Mobile [LTE]","30 days","country"
"Puerto Rico","boricua-in-mobile-30days-20gb","New eSIM","35","20 GB","0","0","T-Mobile [LTE]","30 days","country"
"Puerto Rico","boricua-in-mobile-30days-20gb-topup","Top-up","35","20 GB","0","0","T-Mobile [LTE]","30 days","country"
"Puerto Rico","boricua-in-mobile-3days-unlimited","New eSIM","18.5","Unlimited","0","0","T-Mobile [LTE]","3 days","country"
"Puerto Rico","boricua-in-mobile-3days-unlimited-topup","Top-up","18.5","Unlimited","0","0","T-Mobile [LTE]","3 days","country"
"Puerto Rico","boricua-in-mobile-5days-unlimited","New eSIM","27.5","Unlimited","0","0","T-Mobile [LTE]","5 days","country"
"Puerto Rico","boricua-in-mobile-5days-unlimited-topup","Top-up","27.5","Unlimited","0","0","T-Mobile [LTE]","5 days","country"
"Puerto Rico","boricua-in-mobile-7days-unlimited","New eSIM","33.5","Unlimited","0","0","T-Mobile [LTE]","7 days","country"
"Puerto Rico","boricua-in-mobile-7days-unlimited-topup","Top-up","33.5","Unlimited","0","0","T-Mobile [LTE]","7 days","country"
"Puerto Rico","boricua-in-mobile-10days-unlimited","New eSIM","38","Unlimited","0","0","T-Mobile [LTE]","10 days","country"
"Puerto Rico","boricua-in-mobile-10days-unlimited-topup","Top-up","38","Unlimited","0","0","T-Mobile [LTE]","10 days","country"
"Puerto Rico","boricua-in-mobile-15days-unlimited","New eSIM","50","Unlimited","0","0","T-Mobile [LTE]","15 days","country"
"Puerto Rico","boricua-in-mobile-15days-unlimited-topup","Top-up","50","Unlimited","0","0","T-Mobile [LTE]","15 days","country"
"Puerto Rico","boricua-in-mobile-30days-unlimited","New eSIM","99","Unlimited","0","0","T-Mobile [LTE]","30 days","country"
"Puerto Rico","boricua-in-mobile-30days-unlimited-topup","Top-up","99","Unlimited","0","0","T-Mobile [LTE]","30 days","country"
"Qatar","pearl-mobile-7days-1gb","New eSIM","4.5","1 GB","0","0","Vodafone [5G]","7 days","country"
"Qatar","pearl-mobile-7days-1gb-topup","Top-up","4.5","1 GB","0","0","Vodafone [5G]","7 days","country"
"Qatar","pearl-mobile-15days-2gb","New eSIM","7.5","2 GB","0","0","Vodafone [5G]","15 days","country"
"Qatar","pearl-mobile-15days-2gb-topup","Top-up","7.5","2 GB","0","0","Vodafone [5G]","15 days","country"
"Qatar","pearl-mobile-30days-3gb","New eSIM","10","3 GB","0","0","Vodafone [5G]","30 days","country"
"Qatar","pearl-mobile-30days-3gb-topup","Top-up","10","3 GB","0","0","Vodafone [5G]","30 days","country"
"Qatar","pearl-mobile-30days-5gb","New eSIM","17","5 GB","0","0","Vodafone [5G]","30 days","country"
"Qatar","pearl-mobile-30days-5gb-topup","Top-up","17","5 GB","0","0","Vodafone [5G]","30 days","country"
"Qatar","pearl-mobile-30days-10gb","New eSIM","29","10 GB","0","0","Vodafone [5G]","30 days","country"
"Qatar","pearl-mobile-30days-10gb-topup","Top-up","29","10 GB","0","0","Vodafone [5G]","30 days","country"
"Qatar","pearl-mobile-30days-20gb","New eSIM","45","20 GB","0","0","Vodafone [5G]","30 days","country"
"Qatar","pearl-mobile-30days-20gb-topup","Top-up","45","20 GB","0","0","Vodafone [5G]","30 days","country"
"Qatar","pearl-mobile-10days-unlimited","New eSIM","38","Unlimited","0","0","Vodafone [5G]","10 days","country"
"Qatar","pearl-mobile-3days-unlimited","New eSIM","19.5","Unlimited","0","0","Vodafone [5G]","3 days","country"
"Qatar","pearl-mobile-5days-unlimited","New eSIM","28.5","Unlimited","0","0","Vodafone [5G]","5 days","country"
"Qatar","pearl-mobile-7days-unlimited","New eSIM","36","Unlimited","0","0","Vodafone [5G]","7 days","country"
"Qatar","pearl-mobile-15days-unlimited","New eSIM","49","Unlimited","0","0","Vodafone [5G]","15 days","country"
"Qatar","pearl-mobile-30days-unlimited","New eSIM","99","Unlimited","0","0","Vodafone [5G]","30 days","country"
"Republic of the Congo","sanghatel-in-7days-1gb","New eSIM","8","1 GB","0","0","Airtel [4G]","7 days","country"
"Republic of the Congo","sanghatel-in-7days-1gb-topup","Top-up","8","1 GB","0","0","Airtel [4G]","7 days","country"
"Republic of the Congo","sanghatel-in-15days-2gb","New eSIM","14.5","2 GB","0","0","Airtel [4G]","15 days","country"
"Republic of the Congo","sanghatel-in-15days-2gb-topup","Top-up","14.5","2 GB","0","0","Airtel [4G]","15 days","country"
"Republic of the Congo","sanghatel-in-30days-3gb","New eSIM","20.5","3 GB","0","0","Airtel [4G]","30 days","country"
"Republic of the Congo","sanghatel-in-30days-3gb-topup","Top-up","20.5","3 GB","0","0","Airtel [4G]","30 days","country"
"Republic of the Congo","sanghatel-in-30days-5gb","New eSIM","32","5 GB","0","0","Airtel [4G]","30 days","country"
"Republic of the Congo","sanghatel-in-30days-5gb-topup","Top-up","32","5 GB","0","0","Airtel [4G]","30 days","country"
"Réunion","reunion-mobile-in-7days-1gb","New eSIM","4","1 GB","0","0","Orange [4G]","7 days","country"
"Réunion","reunion-mobile-in-7days-1gb-topup","Top-up","4","1 GB","0","0","Orange [4G]","7 days","country"
"Réunion","reunion-mobile-in-15days-2gb","New eSIM","7","2 GB","0","0","Orange [4G]","15 days","country"
"Réunion","reunion-mobile-in-15days-2gb-topup","Top-up","7","2 GB","0","0","Orange [4G]","15 days","country"
"Réunion","reunion-mobile-in-30days-3gb","New eSIM","9","3 GB","0","0","Orange [4G]","30 days","country"
"Réunion","reunion-mobile-in-30days-3gb-topup","Top-up","9","3 GB","0","0","Orange [4G]","30 days","country"
"Réunion","reunion-mobile-in-30days-5gb","New eSIM","13.5","5 GB","0","0","Orange [4G]","30 days","country"
"Réunion","reunion-mobile-in-30days-5gb-topup","Top-up","13.5","5 GB","0","0","Orange [4G]","30 days","country"
"Réunion","reunion-mobile-in-30days-10gb","New eSIM","22.5","10 GB","0","0","Orange [4G]","30 days","country"
"Réunion","reunion-mobile-in-30days-10gb-topup","Top-up","22.5","10 GB","0","0","Orange [4G]","30 days","country"
"Réunion","reunion-mobile-in-30days-20gb","New eSIM","34","20 GB","0","0","Orange [4G]","30 days","country"
"Réunion","reunion-mobile-in-30days-20gb-topup","Top-up","34","20 GB","0","0","Orange [4G]","30 days","country"
"Réunion","reunion-mobile-3days-unlimited","New eSIM","11.5","Unlimited","0","0","Orange [4G]","3 days","country"
"Réunion","reunion-mobile-3days-unlimited-topup","Top-up","11.5","Unlimited","0","0","Orange [4G]","3 days","country"
"Réunion","reunion-mobile-5days-unlimited","New eSIM","20.5","Unlimited","0","0","Orange [4G]","5 days","country"
"Réunion","reunion-mobile-5days-unlimited-topup","Top-up","20.5","Unlimited","0","0","Orange [4G]","5 days","country"
"Réunion","reunion-mobile-7days-unlimited","New eSIM","27.5","Unlimited","0","0","Orange [4G]","7 days","country"
"Réunion","reunion-mobile-7days-unlimited-topup","Top-up","27.5","Unlimited","0","0","Orange [4G]","7 days","country"
"Réunion","reunion-mobile-10days-unlimited","New eSIM","35","Unlimited","0","0","Orange [4G]","10 days","country"
"Réunion","reunion-mobile-10days-unlimited-topup","Top-up","35","Unlimited","0","0","Orange [4G]","10 days","country"
"Réunion","reunion-mobile-15days-unlimited","New eSIM","49","Unlimited","0","0","Orange [4G]","15 days","country"
"Réunion","reunion-mobile-15days-unlimited-topup","Top-up","49","Unlimited","0","0","Orange [4G]","15 days","country"
"Réunion","reunion-mobile-30days-unlimited","New eSIM","73.5","Unlimited","0","0","Orange [4G]","30 days","country"
"Réunion","reunion-mobile-30days-unlimited-topup","Top-up","73.5","Unlimited","0","0","Orange [4G]","30 days","country"
"Romania","noroc-in-7days-1gb","New eSIM","4","1 GB","0","0","Orange [5G]","7 days","country"
"Romania","noroc-in-7days-1gb-topup","Top-up","4","1 GB","0","0","Orange [5G]","7 days","country"
"Romania","noroc-in-15days-2gb","New eSIM","6.5","2 GB","0","0","Orange [5G]","15 days","country"
"Romania","noroc-in-15days-2gb-topup","Top-up","6.5","2 GB","0","0","Orange [5G]","15 days","country"
"Romania","noroc-in-30days-3gb","New eSIM","8","3 GB","0","0","Orange [5G]","30 days","country"
"Romania","noroc-in-30days-3gb-topup","Top-up","8","3 GB","0","0","Orange [5G]","30 days","country"
"Romania","noroc-in-30days-5gb","New eSIM","11","5 GB","0","0","Orange [5G]","30 days","country"
"Romania","noroc-in-30days-5gb-topup","Top-up","11","5 GB","0","0","Orange [5G]","30 days","country"
"Romania","noroc-in-30days-10gb","New eSIM","18","10 GB","0","0","Orange [5G]","30 days","country"
"Romania","noroc-in-30days-10gb-topup","Top-up","18","10 GB","0","0","Orange [5G]","30 days","country"
"Romania","noroc-in-30days-20gb","New eSIM","28","20 GB","0","0","Orange [5G]","30 days","country"
"Romania","noroc-in-30days-20gb-topup","Top-up","28","20 GB","0","0","Orange [5G]","30 days","country"
"Romania","noroc-in-3days-unlimited","New eSIM","11.5","Unlimited","0","0","Orange [5G]","3 days","country"
"Romania","noroc-in-3days-unlimited-topup","Top-up","11.5","Unlimited","0","0","Orange [5G]","3 days","country"
"Romania","noroc-in-5days-unlimited","New eSIM","18.5","Unlimited","0","0","Orange [5G]","5 days","country"
"Romania","noroc-in-5days-unlimited-topup","Top-up","18.5","Unlimited","0","0","Orange [5G]","5 days","country"
"Romania","noroc-in-7days-unlimited","New eSIM","27","Unlimited","0","0","Orange [5G]","7 days","country"
"Romania","noroc-in-7days-unlimited-topup","Top-up","27","Unlimited","0","0","Orange [5G]","7 days","country"
"Romania","noroc-in-10days-unlimited","New eSIM","34.5","Unlimited","0","0","Orange [5G]","10 days","country"
"Romania","noroc-in-10days-unlimited-topup","Top-up","34.5","Unlimited","0","0","Orange [5G]","10 days","country"
"Romania","noroc-in-15days-unlimited","New eSIM","48","Unlimited","0","0","Orange [5G]","15 days","country"
"Romania","noroc-in-15days-unlimited-topup","Top-up","48","Unlimited","0","0","Orange [5G]","15 days","country"
"Romania","noroc-in-30days-unlimited","New eSIM","69","Unlimited","0","0","Orange [5G]","30 days","country"
"Romania","noroc-in-30days-unlimited-topup","Top-up","69","Unlimited","0","0","Orange [5G]","30 days","country"
"Rwanda","peace-mobile-in-7days-1gb","New eSIM","7","1 GB","0","0","Tigo Ruwanda [4G]","7 days","country"
"Rwanda","peace-mobile-in-7days-1gb-topup","Top-up","7","1 GB","0","0","Tigo Ruwanda [4G]","7 days","country"
"Rwanda","peace-mobile-in-15days-2gb","New eSIM","13","2 GB","0","0","Tigo Ruwanda [4G]","15 days","country"
"Rwanda","peace-mobile-in-15days-2gb-topup","Top-up","13","2 GB","0","0","Tigo Ruwanda [4G]","15 days","country"
"Rwanda","peace-mobile-in-30days-3gb","New eSIM","18","3 GB","0","0","Tigo Ruwanda [4G]","30 days","country"
"Rwanda","peace-mobile-in-30days-3gb-topup","Top-up","18","3 GB","0","0","Tigo Ruwanda [4G]","30 days","country"
"Rwanda","peace-mobile-in-30days-5gb","New eSIM","28","5 GB","0","0","Tigo Ruwanda [4G]","30 days","country"
"Rwanda","peace-mobile-in-30days-5gb-topup","Top-up","28","5 GB","0","0","Tigo Ruwanda [4G]","30 days","country"
"Rwanda","peace-mobile-in-30days-10gb","New eSIM","43","10 GB","0","0","Tigo Ruwanda [4G]","30 days","country"
"Rwanda","peace-mobile-in-30days-10gb-topup","Top-up","43","10 GB","0","0","Tigo Ruwanda [4G]","30 days","country"
"Rwanda","peace-mobile-in-3days-unlimited","New eSIM","32.5","Unlimited","0","0","Tigo Ruwanda [4G]","3 days","country"
"Rwanda","peace-mobile-in-3days-unlimited-topup","Top-up","32.5","Unlimited","0","0","Tigo Ruwanda [4G]","3 days","country"
"Rwanda","peace-mobile-in-5days-unlimited","New eSIM","43.5","Unlimited","0","0","Tigo Ruwanda [4G]","5 days","country"
"Rwanda","peace-mobile-in-5days-unlimited-topup","Top-up","43.5","Unlimited","0","0","Tigo Ruwanda [4G]","5 days","country"
"Rwanda","peace-mobile-in-7days-unlimited","New eSIM","53.5","Unlimited","0","0","Tigo Ruwanda [4G]","7 days","country"
"Rwanda","peace-mobile-in-7days-unlimited-topup","Top-up","53.5","Unlimited","0","0","Tigo Ruwanda [4G]","7 days","country"
"Rwanda","peace-mobile-in-10days-unlimited","New eSIM","79","Unlimited","0","0","Tigo Ruwanda [4G]","10 days","country"
"Rwanda","peace-mobile-in-10days-unlimited-topup","Top-up","79","Unlimited","0","0","Tigo Ruwanda [4G]","10 days","country"
"Rwanda","peace-mobile-in-15days-unlimited","New eSIM","99","Unlimited","0","0","Tigo Ruwanda [4G]","15 days","country"
"Rwanda","peace-mobile-in-15days-unlimited-topup","Top-up","99","Unlimited","0","0","Tigo Ruwanda [4G]","15 days","country"
"Saba","scenery-in-7days-1gb","New eSIM","8","1 GB","0","0","Telcell N.V. [4G]","7 days","country"
"Saba","scenery-in-7days-1gb-topup","Top-up","8","1 GB","0","0","Telcell N.V. [4G]","7 days","country"
"Saba","scenery-in-15days-2gb","New eSIM","15","2 GB","0","0","Telcell N.V. [4G]","15 days","country"
"Saba","scenery-in-15days-2gb-topup","Top-up","15","2 GB","0","0","Telcell N.V. [4G]","15 days","country"
"Saba","scenery-in-30days-3gb","New eSIM","21","3 GB","0","0","Telcell N.V. [4G]","30 days","country"
"Saba","scenery-in-30days-3gb-topup","Top-up","21","3 GB","0","0","Telcell N.V. [4G]","30 days","country"
"Saba","scenery-in-30days-5gb","New eSIM","32.5","5 GB","0","0","Telcell N.V. [4G]","30 days","country"
"Saba","scenery-in-30days-5gb-topup","Top-up","32.5","5 GB","0","0","Telcell N.V. [4G]","30 days","country"
"Saint Barthélemy","barnet-in-7days-1gb","New eSIM","8.5","1 GB","0","0","Digicel [4G]","7 days","country"
"Saint Barthélemy","barnet-in-7days-1gb-topup","Top-up","8.5","1 GB","0","0","Digicel [4G]","7 days","country"
"Saint Barthélemy","barnet-in-15days-2gb","New eSIM","14","2 GB","0","0","Digicel [4G]","15 days","country"
"Saint Barthélemy","barnet-in-15days-2gb-topup","Top-up","14","2 GB","0","0","Digicel [4G]","15 days","country"
"Saint Barthélemy","barnet-in-30days-3gb","New eSIM","19","3 GB","0","0","Digicel [4G]","30 days","country"
"Saint Barthélemy","barnet-in-30days-3gb-topup","Top-up","19","3 GB","0","0","Digicel [4G]","30 days","country"
"Saint Barthélemy","barnet-in-30days-5gb","New eSIM","27","5 GB","0","0","Digicel [4G]","30 days","country"
"Saint Barthélemy","barnet-in-30days-5gb-topup","Top-up","27","5 GB","0","0","Digicel [4G]","30 days","country"
"Saint Barthélemy","barnet-in-30days-10gb","New eSIM","39","10 GB","0","0","Digicel [4G]","30 days","country"
"Saint Barthélemy","barnet-in-30days-10gb-topup","Top-up","39","10 GB","0","0","Digicel [4G]","30 days","country"
"Saint Barthélemy","barnet-in-30days-20gb","New eSIM","49","20 GB","0","0","Digicel [4G]","30 days","country"
"Saint Barthélemy","barnet-in-30days-20gb-topup","Top-up","49","20 GB","0","0","Digicel [4G]","30 days","country"
"Saint Barthélemy","barnet-in-3days-unlimited","New eSIM","19.5","Unlimited","0","0","Digicel [4G]","3 days","country"
"Saint Barthélemy","barnet-in-3days-unlimited-topup","Top-up","19.5","Unlimited","0","0","Digicel [4G]","3 days","country"
"Saint Barthélemy","barnet-in-5days-unlimited","New eSIM","28.5","Unlimited","0","0","Digicel [4G]","5 days","country"
"Saint Barthélemy","barnet-in-5days-unlimited-topup","Top-up","28.5","Unlimited","0","0","Digicel [4G]","5 days","country"
"Saint Barthélemy","barnet-in-7days-unlimited","New eSIM","36","Unlimited","0","0","Digicel [4G]","7 days","country"
"Saint Barthélemy","barnet-in-7days-unlimited-topup","Top-up","36","Unlimited","0","0","Digicel [4G]","7 days","country"
"Saint Barthélemy","barnet-in-10days-unlimited","New eSIM","38","Unlimited","0","0","Digicel [4G]","10 days","country"
"Saint Barthélemy","barnet-in-10days-unlimited-topup","Top-up","38","Unlimited","0","0","Digicel [4G]","10 days","country"
"Saint Barthélemy","barnet-in-15days-unlimited","New eSIM","65","Unlimited","0","0","Digicel [4G]","15 days","country"
"Saint Barthélemy","barnet-in-15days-unlimited-topup","Top-up","65","Unlimited","0","0","Digicel [4G]","15 days","country"
"Saint Barthélemy","barnet-in-30days-unlimited","New eSIM","99","Unlimited","0","0","Digicel [4G]","30 days","country"
"Saint Barthélemy","barnet-in-30days-unlimited-topup","Top-up","99","Unlimited","0","0","Digicel [4G]","30 days","country"
"Saint Kitts and Nevis","kittcom-in-7days-1gb","New eSIM","8","1 GB","0","0","Digicel [4G]","7 days","country"
"Saint Kitts and Nevis","kittcom-in-7days-1gb-topup","Top-up","8","1 GB","0","0","Digicel [4G]","7 days","country"
"Saint Kitts and Nevis","kittcom-in-15days-2gb","New eSIM","15","2 GB","0","0","Digicel [4G]","15 days","country"
"Saint Kitts and Nevis","kittcom-in-15days-2gb-topup","Top-up","15","2 GB","0","0","Digicel [4G]","15 days","country"
"Saint Kitts and Nevis","kittcom-in-30days-3gb","New eSIM","21","3 GB","0","0","Digicel [4G]","30 days","country"
"Saint Kitts and Nevis","kittcom-in-30days-3gb-topup","Top-up","21","3 GB","0","0","Digicel [4G]","30 days","country"
"Saint Kitts and Nevis","kittcom-in-30days-5gb","New eSIM","30","5 GB","0","0","Digicel [4G]","30 days","country"
"Saint Kitts and Nevis","kittcom-in-30days-5gb-topup","Top-up","30","5 GB","0","0","Digicel [4G]","30 days","country"
"Saint Lucia","lucnet-in-7days-1gb","New eSIM","8","1 GB","0","0","Digicel [4G]","7 days","country"
"Saint Lucia","lucnet-in-7days-1gb-topup","Top-up","8","1 GB","0","0","Digicel [4G]","7 days","country"
"Saint Lucia","lucnet-in-15days-2gb","New eSIM","15","2 GB","0","0","Digicel [4G]","15 days","country"
"Saint Lucia","lucnet-in-15days-2gb-topup","Top-up","15","2 GB","0","0","Digicel [4G]","15 days","country"
"Saint Lucia","lucnet-in-30days-3gb","New eSIM","21","3 GB","0","0","Digicel [4G]","30 days","country"
"Saint Lucia","lucnet-in-30days-3gb-topup","Top-up","21","3 GB","0","0","Digicel [4G]","30 days","country"
"Saint Lucia","lucnet-in-30days-5gb","New eSIM","30","5 GB","0","0","Digicel [4G]","30 days","country"
"Saint Lucia","lucnet-in-30days-5gb-topup","Top-up","30","5 GB","0","0","Digicel [4G]","30 days","country"
"Saint Martin (French Part)","marnet-in-7days-1gb","New eSIM","6","1 GB","0","0","Digicel [4G]","7 days","country"
"Saint Martin (French Part)","marnet-in-7days-1gb-topup","Top-up","6","1 GB","0","0","Digicel [4G]","7 days","country"
"Saint Martin (French Part)","marnet-in-15days-2gb","New eSIM","9.5","2 GB","0","0","Digicel [4G]","15 days","country"
"Saint Martin (French Part)","marnet-in-15days-2gb-topup","Top-up","9.5","2 GB","0","0","Digicel [4G]","15 days","country"
"Saint Martin (French Part)","marnet-in-30days-3gb","New eSIM","12","3 GB","0","0","Digicel [4G]","30 days","country"
"Saint Martin (French Part)","marnet-in-30days-3gb-topup","Top-up","12","3 GB","0","0","Digicel [4G]","30 days","country"
"Saint Martin (French Part)","marnet-in-30days-5gb","New eSIM","19","5 GB","0","0","Digicel [4G]","30 days","country"
"Saint Martin (French Part)","marnet-in-30days-5gb-topup","Top-up","19","5 GB","0","0","Digicel [4G]","30 days","country"
"Saint Martin (French Part)","marnet-in-3days-unlimited","New eSIM","12.5","Unlimited","0","0","Digicel [4G]","3 days","country"
"Saint Martin (French Part)","marnet-in-3days-unlimited-topup","Top-up","12.5","Unlimited","0","0","Digicel [4G]","3 days","country"
"Saint Martin (French Part)","marnet-in-5days-unlimited","New eSIM","20.5","Unlimited","0","0","Digicel [4G]","5 days","country"
"Saint Martin (French Part)","marnet-in-5days-unlimited-topup","Top-up","20.5","Unlimited","0","0","Digicel [4G]","5 days","country"
"Saint Martin (French Part)","marnet-in-7days-unlimited","New eSIM","27.5","Unlimited","0","0","Digicel [4G]","7 days","country"
"Saint Martin (French Part)","marnet-in-7days-unlimited-topup","Top-up","27.5","Unlimited","0","0","Digicel [4G]","7 days","country"
"Saint Martin (French Part)","marnet-in-10days-unlimited","New eSIM","35","Unlimited","0","0","Digicel [4G]","10 days","country"
"Saint Martin (French Part)","marnet-in-10days-unlimited-topup","Top-up","35","Unlimited","0","0","Digicel [4G]","10 days","country"
"Saint Martin (French Part)","marnet-in-15days-unlimited","New eSIM","49","Unlimited","0","0","Digicel [4G]","15 days","country"
"Saint Martin (French Part)","marnet-in-15days-unlimited-topup","Top-up","49","Unlimited","0","0","Digicel [4G]","15 days","country"
"Saint Vincent and the Grenadines","tobago-in-7days-1gb","New eSIM","8","1 GB","0","0","Digicel [4G]","7 days","country"
"Saint Vincent and the Grenadines","tobago-in-7days-1gb-topup","Top-up","8","1 GB","0","0","Digicel [4G]","7 days","country"
"Saint Vincent and the Grenadines","tobago-in-15days-2gb","New eSIM","15","2 GB","0","0","Digicel [4G]","15 days","country"
"Saint Vincent and the Grenadines","tobago-in-15days-2gb-topup","Top-up","15","2 GB","0","0","Digicel [4G]","15 days","country"
"Saint Vincent and the Grenadines","tobago-in-30days-3gb","New eSIM","21","3 GB","0","0","Digicel [4G]","30 days","country"
"Saint Vincent and the Grenadines","tobago-in-30days-3gb-topup","Top-up","21","3 GB","0","0","Digicel [4G]","30 days","country"
"Saint Vincent and the Grenadines","tobago-in-30days-5gb","New eSIM","32.5","5 GB","0","0","Digicel [4G]","30 days","country"
"Saint Vincent and the Grenadines","tobago-in-30days-5gb-topup","Top-up","32.5","5 GB","0","0","Digicel [4G]","30 days","country"
"Samoa","faaf-mobile-in-7days-1gb","New eSIM","6","1 GB","0","0","Digicel [4G]","7 days","country"
"Samoa","faaf-mobile-in-7days-1gb-topup","Top-up","6","1 GB","0","0","Digicel [4G]","7 days","country"
"Samoa","faaf-mobile-in-15days-2gb","New eSIM","11","2 GB","0","0","Digicel [4G]","15 days","country"
"Samoa","faaf-mobile-in-15days-2gb-topup","Top-up","11","2 GB","0","0","Digicel [4G]","15 days","country"
"Samoa","faaf-mobile-in-30days-3gb","New eSIM","15","3 GB","0","0","Digicel [4G]","30 days","country"
"Samoa","faaf-mobile-in-30days-3gb-topup","Top-up","15","3 GB","0","0","Digicel [4G]","30 days","country"
"Samoa","faaf-mobile-in-30days-5gb","New eSIM","23.5","5 GB","0","0","Digicel [4G]","30 days","country"
"Samoa","faaf-mobile-in-30days-5gb-topup","Top-up","23.5","5 GB","0","0","Digicel [4G]","30 days","country"
"Samoa","faaf-mobile-in-30days-10gb","New eSIM","42","10 GB","0","0","Digicel [4G]","30 days","country"
"Samoa","faaf-mobile-in-30days-10gb-topup","Top-up","42","10 GB","0","0","Digicel [4G]","30 days","country"
"Saudi Arabia","redsand-7days-1gb","New eSIM","4.5","1 GB","0","0","Zain [5G]","7 days","country"
"Saudi Arabia","redsand-7days-1gb-topup","Top-up","4.5","1 GB","0","0","Zain [5G]","7 days","country"
"Saudi Arabia","redsand-15days-2gb","New eSIM","7.5","2 GB","0","0","Zain [5G]","15 days","country"
"Saudi Arabia","redsand-15days-2gb-topup","Top-up","7.5","2 GB","0","0","Zain [5G]","15 days","country"
"Saudi Arabia","redsand-30days-3gb","New eSIM","10","3 GB","0","0","Zain [5G]","30 days","country"
"Saudi Arabia","redsand-30days-3gb-topup","Top-up","10","3 GB","0","0","Zain [5G]","30 days","country"
"Saudi Arabia","redsand-30days-5gb","New eSIM","15","5 GB","0","0","Zain [5G]","30 days","country"
"Saudi Arabia","redsand-30days-5gb-topup","Top-up","15","5 GB","0","0","Zain [5G]","30 days","country"
"Saudi Arabia","redsand-30days-10gb","New eSIM","25.5","10 GB","0","0","Zain [5G]","30 days","country"
"Saudi Arabia","redsand-30days-10gb-topup","Top-up","25.5","10 GB","0","0","Zain [5G]","30 days","country"
"Saudi Arabia","redsand-30days-20gb","New eSIM","42","20 GB","0","0","Zain [5G]","30 days","country"
"Saudi Arabia","redsand-30days-20gb-topup","Top-up","42","20 GB","0","0","Zain [5G]","30 days","country"
"Saudi Arabia","redsand-45days-25gb","New eSIM","49","25 GB","0","0","Zain [5G]","45 days","country"
"Saudi Arabia","redsand-45days-25gb-topup","Top-up","49","25 GB","0","0","Zain [5G]","45 days","country"
"Saudi Arabia","redsand-50gb-30days","New eSIM","81.5","50 GB","0","0","Zain [5G]","30 days","country"
"Saudi Arabia","redsand-50gb-30days-topup","Top-up","81.5","50 GB","0","0","Zain [5G]","30 days","country"
"Saudi Arabia","redsand-3days-unlimited","New eSIM","12.5","Unlimited","0","0","Zain [5G]","3 days","country"
"Saudi Arabia","redsand-3days-unlimited-topup","Top-up","12.5","Unlimited","0","0","Zain [5G]","3 days","country"
"Saudi Arabia","redsand-5days-unlimited","New eSIM","18.5","Unlimited","0","0","Zain [5G]","5 days","country"
"Saudi Arabia","redsand-5days-unlimited-topup","Top-up","18.5","Unlimited","0","0","Zain [5G]","5 days","country"
"Saudi Arabia","redsand-7days-unlimited","New eSIM","27","Unlimited","0","0","Zain [5G]","7 days","country"
"Saudi Arabia","redsand-7days-unlimited-topup","Top-up","27","Unlimited","0","0","Zain [5G]","7 days","country"
"Saudi Arabia","redsand-10days-unlimited","New eSIM","34.5","Unlimited","0","0","Zain [5G]","10 days","country"
"Saudi Arabia","redsand-10days-unlimited-topup","Top-up","34.5","Unlimited","0","0","Zain [5G]","10 days","country"
"Saudi Arabia","redsand-15days-unlimited","New eSIM","54","Unlimited","0","0","Zain [5G]","15 days","country"
"Saudi Arabia","redsand-15days-unlimited-topup","Top-up","54","Unlimited","0","0","Zain [5G]","15 days","country"
"Saudi Arabia","redsand-30days-unlimited","New eSIM","97","Unlimited","0","0","Zain [5G]","30 days","country"
"Saudi Arabia","redsand-30days-unlimited-topup","Top-up","97","Unlimited","0","0","Zain [5G]","30 days","country"
"Saudi Arabia","redsand-1day-unlimited","New eSIM","6.35","Unlimited","0","0","Zain [5G]","1 days","country"
"Saudi Arabia","redsand-1day-unlimited-topup","Top-up","6.35","Unlimited","0","0","Zain [5G]","1 days","country"
"Scotland","scotland-in-7days-1gb","New eSIM","4","1 GB","0","0","EE [5G]","7 days","country"
"Scotland","scotland-in-7days-1gb-topup","Top-up","4","1 GB","0","0","EE [5G]","7 days","country"
"Scotland","scotland-in-15days-2gb","New eSIM","6.5","2 GB","0","0","EE [5G]","15 days","country"
"Scotland","scotland-in-15days-2gb-topup","Top-up","6.5","2 GB","0","0","EE [5G]","15 days","country"
"Scotland","scotland-in-30days-3gb","New eSIM","8","3 GB","0","0","EE [5G]","30 days","country"
"Scotland","scotland-in-30days-3gb-topup","Top-up","8","3 GB","0","0","EE [5G]","30 days","country"
"Scotland","scotland-in-30days-5gb","New eSIM","12","5 GB","0","0","EE [5G]","30 days","country"
"Scotland","scotland-in-30days-5gb-topup","Top-up","12","5 GB","0","0","EE [5G]","30 days","country"
"Scotland","scotland-in-30days-10gb","New eSIM","18","10 GB","0","0","EE [5G]","30 days","country"
"Scotland","scotland-in-30days-10gb-topup","Top-up","18","10 GB","0","0","EE [5G]","30 days","country"
"Scotland","scotland-in-30days-20gb","New eSIM","30","20 GB","0","0","EE [5G]","30 days","country"
"Scotland","scotland-in-30days-20gb-topup","Top-up","30","20 GB","0","0","EE [5G]","30 days","country"
"Scotland","nessietel-10days-unlimited","New eSIM","35","Unlimited","0","0","EE [5G]","10 days","country"
"Senegal","retba-mobile-7days-1gb","New eSIM","6","1 GB","0","0","Yas Senegal [4G]","7 days","country"
"Senegal","retba-mobile-7days-1gb-topup","Top-up","6","1 GB","0","0","Yas Senegal [4G]","7 days","country"
"Senegal","retba-mobile-15days-2gb","New eSIM","11","2 GB","0","0","Yas Senegal [4G]","15 days","country"
"Senegal","retba-mobile-15days-2gb-topup","Top-up","11","2 GB","0","0","Yas Senegal [4G]","15 days","country"
"Senegal","retba-mobile-30days-3gb","New eSIM","15.5","3 GB","0","0","Yas Senegal [4G]","30 days","country"
"Senegal","retba-mobile-30days-3gb-topup","Top-up","15.5","3 GB","0","0","Yas Senegal [4G]","30 days","country"
"Senegal","retba-mobile-30days-5gb","New eSIM","25","5 GB","0","0","Yas Senegal [4G]","30 days","country"
"Senegal","retba-mobile-30days-5gb-topup","Top-up","25","5 GB","0","0","Yas Senegal [4G]","30 days","country"
"Senegal","retba-mobile-30days-10gb","New eSIM","45","10 GB","0","0","Yas Senegal [4G]","30 days","country"
"Senegal","retba-mobile-30days-10gb-topup","Top-up","45","10 GB","0","0","Yas Senegal [4G]","30 days","country"
"Serbia","serbia-mobile-in-7days-1gb","New eSIM","4","1 GB","0","0","A1 [4G]","7 days","country"
"Serbia","serbia-mobile-in-7days-1gb-topup","Top-up","4","1 GB","0","0","A1 [4G]","7 days","country"
"Serbia","serbia-mobile-in-15days-2gb","New eSIM","6.5","2 GB","0","0","A1 [4G]","15 days","country"
"Serbia","serbia-mobile-in-15days-2gb-topup","Top-up","6.5","2 GB","0","0","A1 [4G]","15 days","country"
"Serbia","serbia-mobile-in-30days-3gb","New eSIM","8","3 GB","0","0","A1 [4G]","30 days","country"
"Serbia","serbia-mobile-in-30days-3gb-topup","Top-up","8","3 GB","0","0","A1 [4G]","30 days","country"
"Serbia","serbia-mobile-in-30days-5gb","New eSIM","11","5 GB","0","0","A1 [4G]","30 days","country"
"Serbia","serbia-mobile-in-30days-5gb-topup","Top-up","11","5 GB","0","0","A1 [4G]","30 days","country"
"Serbia","serbia-mobile-in-30days-10gb","New eSIM","18","10 GB","0","0","A1 [4G]","30 days","country"
"Serbia","serbia-mobile-in-30days-10gb-topup","Top-up","18","10 GB","0","0","A1 [4G]","30 days","country"
"Serbia","serbia-mobile-in-30days-20gb","New eSIM","27","20 GB","0","0","A1 [4G]","30 days","country"
"Serbia","serbia-mobile-in-30days-20gb-topup","Top-up","27","20 GB","0","0","A1 [4G]","30 days","country"
"Serbia","serbia-mobile-in-3days-unlimited","New eSIM","18.5","Unlimited","0","0","A1 [4G]","3 days","country"
"Serbia","serbia-mobile-in-3days-unlimited-topup","Top-up","18.5","Unlimited","0","0","A1 [4G]","3 days","country"
"Serbia","serbia-mobile-in-5days-unlimited","New eSIM","27.5","Unlimited","0","0","A1 [4G]","5 days","country"
"Serbia","serbia-mobile-in-5days-unlimited-topup","Top-up","27.5","Unlimited","0","0","A1 [4G]","5 days","country"
"Serbia","serbia-mobile-in-7days-unlimited","New eSIM","33.5","Unlimited","0","0","A1 [4G]","7 days","country"
"Serbia","serbia-mobile-in-7days-unlimited-topup","Top-up","33.5","Unlimited","0","0","A1 [4G]","7 days","country"
"Serbia","serbia-mobile-in-10days-unlimited","New eSIM","37.5","Unlimited","0","0","A1 [4G]","10 days","country"
"Serbia","serbia-mobile-in-10days-unlimited-topup","Top-up","37.5","Unlimited","0","0","A1 [4G]","10 days","country"
"Serbia","serbia-mobile-in-15days-unlimited","New eSIM","48","Unlimited","0","0","A1 [4G]","15 days","country"
"Serbia","serbia-mobile-in-15days-unlimited-topup","Top-up","48","Unlimited","0","0","A1 [4G]","15 days","country"
"Serbia","serbia-mobile-in-30days-unlimited","New eSIM","95","Unlimited","0","0","A1 [4G]","30 days","country"
"Serbia","serbia-mobile-in-30days-unlimited-topup","Top-up","95","Unlimited","0","0","A1 [4G]","30 days","country"
"Seychelles","laziocom-in-7days-1gb","New eSIM","8","1 GB","0","0","Airtel [4G]","7 days","country"
"Seychelles","laziocom-in-7days-1gb-topup","Top-up","8","1 GB","0","0","Airtel [4G]","7 days","country"
"Seychelles","laziocom-in-15days-2gb","New eSIM","14.5","2 GB","0","0","Airtel [4G]","15 days","country"
"Seychelles","laziocom-in-15days-2gb-topup","Top-up","14.5","2 GB","0","0","Airtel [4G]","15 days","country"
"Seychelles","laziocom-in-30days-3gb","New eSIM","20","3 GB","0","0","Airtel [4G]","30 days","country"
"Seychelles","laziocom-in-30days-3gb-topup","Top-up","20","3 GB","0","0","Airtel [4G]","30 days","country"
"Seychelles","laziocom-in-30days-5gb","New eSIM","32","5 GB","0","0","Airtel [4G]","30 days","country"
"Seychelles","laziocom-in-30days-5gb-topup","Top-up","32","5 GB","0","0","Airtel [4G]","30 days","country"
"Seychelles","laziocom-in-30days-10gb","New eSIM","49","10 GB","0","0","Airtel [4G]","30 days","country"
"Seychelles","laziocom-in-30days-10gb-topup","Top-up","49","10 GB","0","0","Airtel [4G]","30 days","country"
"Sierra Leone","buncenet-in-7days-1gb","New eSIM","8.5","1 GB","0","0","Zain [4G]","7 days","country"
"Sierra Leone","buncenet-in-7days-1gb-topup","Top-up","8.5","1 GB","0","0","Zain [4G]","7 days","country"
"Sierra Leone","buncenet-in-15days-2gb","New eSIM","15","2 GB","0","0","Zain [4G]","15 days","country"
"Sierra Leone","buncenet-in-15days-2gb-topup","Top-up","15","2 GB","0","0","Zain [4G]","15 days","country"
"Sierra Leone","buncenet-in-30days-3gb","New eSIM","21","3 GB","0","0","Zain [4G]","30 days","country"
"Sierra Leone","buncenet-in-30days-3gb-topup","Top-up","21","3 GB","0","0","Zain [4G]","30 days","country"
"Sierra Leone","buncenet-in-30days-5gb","New eSIM","32","5 GB","0","0","Zain [4G]","30 days","country"
"Sierra Leone","buncenet-in-30days-5gb-topup","Top-up","32","5 GB","0","0","Zain [4G]","30 days","country"
"Sierra Leone","buncenet-3days-unlimited","New eSIM","39","Unlimited","0","0","Zain [4G]","3 days","country"
"Sierra Leone","buncenet-3days-unlimited-topup","Top-up","39","Unlimited","0","0","Zain [4G]","3 days","country"
"Sierra Leone","buncenet-5days-unlimited","New eSIM","60.5","Unlimited","0","0","Zain [4G]","5 days","country"
"Sierra Leone","buncenet-5days-unlimited-topup","Top-up","60.5","Unlimited","0","0","Zain [4G]","5 days","country"
"Sierra Leone","buncenet-7days-unlimited","New eSIM","84.5","Unlimited","0","0","Zain [4G]","7 days","country"
"Sierra Leone","buncenet-7days-unlimited-topup","Top-up","84.5","Unlimited","0","0","Zain [4G]","7 days","country"
"Singapore","connect-lah-in-7days-1gb","New eSIM","4","1 GB","0","0","Singtel [5G], M1 [LTE]","7 days","country"
"Singapore","connect-lah-in-7days-1gb-topup","Top-up","4","1 GB","0","0","Singtel [5G], M1 [LTE]","7 days","country"
"Singapore","connect-lah-in-15days-2gb","New eSIM","6","2 GB","0","0","Singtel [5G], M1 [LTE]","15 days","country"
"Singapore","connect-lah-in-15days-2gb-topup","Top-up","6","2 GB","0","0","Singtel [5G], M1 [LTE]","15 days","country"
"Singapore","connect-lah-in-30days-3gb","New eSIM","7","3 GB","0","0","Singtel [5G], M1 [LTE]","30 days","country"
"Singapore","connect-lah-in-30days-3gb-topup","Top-up","7","3 GB","0","0","Singtel [5G], M1 [LTE]","30 days","country"
"Singapore","connect-lah-in-30days-5gb","New eSIM","10","5 GB","0","0","Singtel [5G], M1 [LTE]","30 days","country"
"Singapore","connect-lah-in-30days-5gb-topup","Top-up","10","5 GB","0","0","Singtel [5G], M1 [LTE]","30 days","country"
"Singapore","connect-lah-in-30days-10gb","New eSIM","16","10 GB","0","0","Singtel [5G], M1 [LTE]","30 days","country"
"Singapore","connect-lah-in-30days-10gb-topup","Top-up","16","10 GB","0","0","Singtel [5G], M1 [LTE]","30 days","country"
"Singapore","connect-lah-in-30days-20gb","New eSIM","23","20 GB","0","0","Singtel [5G], M1 [LTE]","30 days","country"
"Singapore","connect-lah-in-30days-20gb-topup","Top-up","23","20 GB","0","0","Singtel [5G], M1 [LTE]","30 days","country"
"Singapore","connect-lah-in-3days-unlimited","New eSIM","11.5","Unlimited","0","0","Singtel [5G], M1 [LTE]","3 days","country"
"Singapore","connect-lah-in-3days-unlimited-topup","Top-up","11.5","Unlimited","0","0","Singtel [5G], M1 [LTE]","3 days","country"
"Singapore","connect-lah-in-5days-unlimited","New eSIM","18.5","Unlimited","0","0","Singtel [5G], M1 [LTE]","5 days","country"
"Singapore","connect-lah-in-5days-unlimited-topup","Top-up","18.5","Unlimited","0","0","Singtel [5G], M1 [LTE]","5 days","country"
"Singapore","connect-lah-in-7days-unlimited","New eSIM","27","Unlimited","0","0","Singtel [5G], M1 [LTE]","7 days","country"
"Singapore","connect-lah-in-7days-unlimited-topup","Top-up","27","Unlimited","0","0","Singtel [5G], M1 [LTE]","7 days","country"
"Singapore","connect-lah-in-10days-unlimited","New eSIM","34.5","Unlimited","0","0","Singtel [5G], M1 [LTE]","10 days","country"
"Singapore","connect-lah-in-10days-unlimited-topup","Top-up","34.5","Unlimited","0","0","Singtel [5G], M1 [LTE]","10 days","country"
"Singapore","connect-lah-in-15days-unlimited","New eSIM","48","Unlimited","0","0","Singtel [5G], M1 [LTE]","15 days","country"
"Singapore","connect-lah-in-15days-unlimited-topup","Top-up","48","Unlimited","0","0","Singtel [5G], M1 [LTE]","15 days","country"
"Singapore","connect-lah-in-30days-unlimited","New eSIM","69","Unlimited","0","0","Singtel [5G], M1 [LTE]","30 days","country"
"Singapore","connect-lah-in-30days-unlimited-topup","Top-up","69","Unlimited","0","0","Singtel [5G], M1 [LTE]","30 days","country"
"Sint Eustatius","statia-in-7days-1gb","New eSIM","8","1 GB","0","0","Telcell N.V. [4G]","7 days","country"
"Sint Eustatius","statia-in-7days-1gb-topup","Top-up","8","1 GB","0","0","Telcell N.V. [4G]","7 days","country"
"Sint Eustatius","statia-in-15days-2gb","New eSIM","15","2 GB","0","0","Telcell N.V. [4G]","15 days","country"
"Sint Eustatius","statia-in-15days-2gb-topup","Top-up","15","2 GB","0","0","Telcell N.V. [4G]","15 days","country"
"Sint Eustatius","statia-in-30days-3gb","New eSIM","21","3 GB","0","0","Telcell N.V. [4G]","30 days","country"
"Sint Eustatius","statia-in-30days-3gb-topup","Top-up","21","3 GB","0","0","Telcell N.V. [4G]","30 days","country"
"Sint Eustatius","statia-in-30days-5gb","New eSIM","32.5","5 GB","0","0","Telcell N.V. [4G]","30 days","country"
"Sint Eustatius","statia-in-30days-5gb-topup","Top-up","32.5","5 GB","0","0","Telcell N.V. [4G]","30 days","country"
"Sint Eustatius","statia-in-30days-10gb","New eSIM","49","10 GB","0","0","Telcell N.V. [4G]","30 days","country"
"Sint Eustatius","statia-in-30days-10gb-topup","Top-up","49","10 GB","0","0","Telcell N.V. [4G]","30 days","country"
"Sint Maarten (Dutch Part)","lantana-in-7days-1gb","New eSIM","8","1 GB","0","0","Telcell N.V. [4G]","7 days","country"
"Sint Maarten (Dutch Part)","lantana-in-7days-1gb-topup","Top-up","8","1 GB","0","0","Telcell N.V. [4G]","7 days","country"
"Sint Maarten (Dutch Part)","lantana-in-15days-2gb","New eSIM","15","2 GB","0","0","Telcell N.V. [4G]","15 days","country"
"Sint Maarten (Dutch Part)","lantana-in-15days-2gb-topup","Top-up","15","2 GB","0","0","Telcell N.V. [4G]","15 days","country"
"Sint Maarten (Dutch Part)","lantana-in-30days-3gb","New eSIM","21","3 GB","0","0","Telcell N.V. [4G]","30 days","country"
"Sint Maarten (Dutch Part)","lantana-in-30days-3gb-topup","Top-up","21","3 GB","0","0","Telcell N.V. [4G]","30 days","country"
"Sint Maarten (Dutch Part)","lantana-in-30days-5gb","New eSIM","32.5","5 GB","0","0","Telcell N.V. [4G]","30 days","country"
"Sint Maarten (Dutch Part)","lantana-in-30days-5gb-topup","Top-up","32.5","5 GB","0","0","Telcell N.V. [4G]","30 days","country"
"Sint Maarten (Dutch Part)","lantana-in-30days-10gb","New eSIM","49","10 GB","0","0","Telcell N.V. [4G]","30 days","country"
"Sint Maarten (Dutch Part)","lantana-in-30days-10gb-topup","Top-up","49","10 GB","0","0","Telcell N.V. [4G]","30 days","country"
"Slovakia","dobry-den-in-7days-1gb","New eSIM","4","1 GB","0","0","Orange [5G], O2 [5G]","7 days","country"
"Slovakia","dobry-den-in-7days-1gb-topup","Top-up","4","1 GB","0","0","Orange [5G], O2 [5G]","7 days","country"
"Slovakia","dobry-den-in-15days-2gb","New eSIM","6","2 GB","0","0","Orange [5G], O2 [5G]","15 days","country"
"Slovakia","dobry-den-in-15days-2gb-topup","Top-up","6","2 GB","0","0","Orange [5G], O2 [5G]","15 days","country"
"Slovakia","dobry-den-in-30days-3gb","New eSIM","7.5","3 GB","0","0","Orange [5G], O2 [5G]","30 days","country"
"Slovakia","dobry-den-in-30days-3gb-topup","Top-up","7.5","3 GB","0","0","Orange [5G], O2 [5G]","30 days","country"
"Slovakia","dobry-den-in-30days-5gb","New eSIM","10.5","5 GB","0","0","Orange [5G], O2 [5G]","30 days","country"
"Slovakia","dobry-den-in-30days-5gb-topup","Top-up","10.5","5 GB","0","0","Orange [5G], O2 [5G]","30 days","country"
"Slovakia","dobry-den-in-30days-10gb","New eSIM","16","10 GB","0","0","Orange [5G], O2 [5G]","30 days","country"
"Slovakia","dobry-den-in-30days-10gb-topup","Top-up","16","10 GB","0","0","Orange [5G], O2 [5G]","30 days","country"
"Slovakia","dobry-den-in-30days-20gb","New eSIM","24","20 GB","0","0","Orange [5G], O2 [5G]","30 days","country"
"Slovakia","dobry-den-in-30days-20gb-topup","Top-up","24","20 GB","0","0","Orange [5G], O2 [5G]","30 days","country"
"Slovakia","dobry-den-in-3days-unlimited","New eSIM","11.5","Unlimited","0","0","Orange [5G], O2 [5G]","3 days","country"
"Slovakia","dobry-den-in-3days-unlimited-topup","Top-up","11.5","Unlimited","0","0","Orange [5G], O2 [5G]","3 days","country"
"Slovakia","dobry-den-in-5days-unlimited","New eSIM","18.5","Unlimited","0","0","Orange [5G], O2 [5G]","5 days","country"
"Slovakia","dobry-den-in-5days-unlimited-topup","Top-up","18.5","Unlimited","0","0","Orange [5G], O2 [5G]","5 days","country"
"Slovakia","dobry-den-in-7days-unlimited","New eSIM","27","Unlimited","0","0","Orange [5G], O2 [5G]","7 days","country"
"Slovakia","dobry-den-in-7days-unlimited-topup","Top-up","27","Unlimited","0","0","Orange [5G], O2 [5G]","7 days","country"
"Slovakia","dobry-den-in-10days-unlimited","New eSIM","34.5","Unlimited","0","0","Orange [5G], O2 [5G]","10 days","country"
"Slovakia","dobry-den-in-10days-unlimited-topup","Top-up","34.5","Unlimited","0","0","Orange [5G], O2 [5G]","10 days","country"
"Slovakia","dobry-den-in-15days-unlimited","New eSIM","48","Unlimited","0","0","Orange [5G], O2 [5G]","15 days","country"
"Slovakia","dobry-den-in-15days-unlimited-topup","Top-up","48","Unlimited","0","0","Orange [5G], O2 [5G]","15 days","country"
"Slovakia","dobry-den-in-30days-unlimited","New eSIM","69","Unlimited","0","0","Orange [5G], O2 [5G]","30 days","country"
"Slovakia","dobry-den-in-30days-unlimited-topup","Top-up","69","Unlimited","0","0","Orange [5G], O2 [5G]","30 days","country"
"Slovenia","zivjo-in-30days-5gb","New eSIM","13","5 GB","0","0","T-2 [5G]","30 days","country"
"Slovenia","zivjo-in-30days-5gb-topup","Top-up","13","5 GB","0","0","T-2 [5G]","30 days","country"
"Slovenia","zivjo-in-30days-10gb","New eSIM","19","10 GB","0","0","T-2 [5G]","30 days","country"
"Slovenia","zivjo-in-30days-10gb-topup","Top-up","19","10 GB","0","0","T-2 [5G]","30 days","country"
"Slovenia","zivjo-in-30days-20gb","New eSIM","34","20 GB","0","0","T-2 [5G]","30 days","country"
"Slovenia","zivjo-in-30days-20gb-topup","Top-up","34","20 GB","0","0","T-2 [5G]","30 days","country"
"Slovenia","zivjo-in-7days-1gb","New eSIM","4","1 GB","0","0","T-2 [5G]","7 days","country"
"Slovenia","zivjo-in-7days-1gb-topup","Top-up","4","1 GB","0","0","T-2 [5G]","7 days","country"
"Slovenia","zivjo-in-15days-2gb","New eSIM","6.5","2 GB","0","0","T-2 [5G]","15 days","country"
"Slovenia","zivjo-in-15days-2gb-topup","Top-up","6.5","2 GB","0","0","T-2 [5G]","15 days","country"
"Slovenia","zivjo-in-30days-3gb","New eSIM","8","3 GB","0","0","T-2 [5G]","30 days","country"
"Slovenia","zivjo-in-30days-3gb-topup","Top-up","8","3 GB","0","0","T-2 [5G]","30 days","country"
"Slovenia","zivjo-in-3days-unlimited","New eSIM","11.5","Unlimited","0","0","T-2 [5G]","3 days","country"
"Slovenia","zivjo-in-3days-unlimited-topup","Top-up","11.5","Unlimited","0","0","T-2 [5G]","3 days","country"
"Slovenia","zivjo-in-5days-unlimited","New eSIM","18.5","Unlimited","0","0","T-2 [5G]","5 days","country"
"Slovenia","zivjo-in-5days-unlimited-topup","Top-up","18.5","Unlimited","0","0","T-2 [5G]","5 days","country"
"Slovenia","zivjo-in-7days-unlimited","New eSIM","27","Unlimited","0","0","T-2 [5G]","7 days","country"
"Slovenia","zivjo-in-7days-unlimited-topup","Top-up","27","Unlimited","0","0","T-2 [5G]","7 days","country"
"Slovenia","zivjo-in-10days-unlimited","New eSIM","32","Unlimited","0","0","T-2 [5G]","10 days","country"
"Slovenia","zivjo-in-10days-unlimited-topup","Top-up","32","Unlimited","0","0","T-2 [5G]","10 days","country"
"Slovenia","zivjo-in-15days-unlimited","New eSIM","45","Unlimited","0","0","T-2 [5G]","15 days","country"
"Slovenia","zivjo-in-15days-unlimited-topup","Top-up","45","Unlimited","0","0","T-2 [5G]","15 days","country"
"Slovenia","zivjo-in-30days-unlimited","New eSIM","69","Unlimited","0","0","T-2 [5G]","30 days","country"
"Slovenia","zivjo-in-30days-unlimited-topup","Top-up","69","Unlimited","0","0","T-2 [5G]","30 days","country"
"South Africa","cellsa-7days-1gb-topup","Top-up","4","1 GB","0","0","Vodacom [5G], MTN [5G], Cell C [4G]","7 days","country"
"South Africa","cellsa-7days-1gb","New eSIM","4","1 GB","0","0","Vodacom [5G], MTN [5G], Cell C [4G]","7 days","country"
"South Africa","cellsa-15days-2gb","New eSIM","7","2 GB","0","0","Vodacom [5G], MTN [5G], Cell C [4G]","15 days","country"
"South Africa","cellsa-15days-2gb-topup","Top-up","7","2 GB","0","0","Vodacom [5G], MTN [5G], Cell C [4G]","15 days","country"
"South Africa","cellsa-30days-3gb-topup","Top-up","9","3 GB","0","0","Vodacom [5G], MTN [5G], Cell C [4G]","30 days","country"
"South Africa","cellsa-30days-3gb","New eSIM","9","3 GB","0","0","Vodacom [5G], MTN [5G], Cell C [4G]","30 days","country"
"South Africa","cellsa-30days-5gb-topup","Top-up","12.5","5 GB","0","0","Vodacom [5G], MTN [5G], Cell C [4G]","30 days","country"
"South Africa","cellsa-30days-5gb","New eSIM","12.5","5 GB","0","0","Vodacom [5G], MTN [5G], Cell C [4G]","30 days","country"
"South Africa","cellsa-30days-10gb","New eSIM","22","10 GB","0","0","Vodacom [5G], MTN [5G], Cell C [4G]","30 days","country"
"South Africa","cellsa-30days-10gb-topup","Top-up","22","10 GB","0","0","Vodacom [5G], MTN [5G], Cell C [4G]","30 days","country"
"South Africa","cellsa-30days-20gb-topup","Top-up","37","20 GB","0","0","Vodacom [5G], MTN [5G], Cell C [4G]","30 days","country"
"South Africa","cellsa-30days-20gb","New eSIM","37","20 GB","0","0","Vodacom [5G], MTN [5G], Cell C [4G]","30 days","country"
"South Africa","cellsa-3days-unlimited","New eSIM","19","Unlimited","0","0","Vodacom [5G], MTN [5G], Cell C [4G]","3 days","country"
"South Africa","cellsa-3days-unlimited-topup","Top-up","19","Unlimited","0","0","Vodacom [5G], MTN [5G], Cell C [4G]","3 days","country"
"South Africa","cellsa-7days-unlimited","New eSIM","36","Unlimited","0","0","Vodacom [5G], MTN [5G], Cell C [4G]","7 days","country"
"South Africa","cellsa-7days-unlimited-topup","Top-up","36","Unlimited","0","0","Vodacom [5G], MTN [5G], Cell C [4G]","7 days","country"
"South Africa","cellsa-10days-unlimited","New eSIM","45","Unlimited","0","0","Vodacom [5G], MTN [5G], Cell C [4G]","10 days","country"
"South Africa","cellsa-10days-unlimited-topup","Top-up","45","Unlimited","0","0","Vodacom [5G], MTN [5G], Cell C [4G]","10 days","country"
"South Africa","cellsa-5days-unlimited","New eSIM","28","Unlimited","0","0","Vodacom [5G], MTN [5G], Cell C [4G]","5 days","country"
"South Africa","cellsa-5days-unlimited-topup","Top-up","28","Unlimited","0","0","Vodacom [5G], MTN [5G], Cell C [4G]","5 days","country"
"South Africa","cellsa-15days-unlimited","New eSIM","51","Unlimited","0","0","Vodacom [5G], MTN [5G], Cell C [4G]","15 days","country"
"South Africa","cellsa-15days-unlimited-topup","Top-up","51","Unlimited","0","0","Vodacom [5G], MTN [5G], Cell C [4G]","15 days","country"
"South Africa","cellsa-30days-unlimited-topup","Top-up","99","Unlimited","0","0","Vodacom [5G], MTN [5G], Cell C [4G]","30 days","country"
"South Africa","cellsa-30days-unlimited","New eSIM","99","Unlimited","0","0","Vodacom [5G], MTN [5G], Cell C [4G]","30 days","country"
"South Korea","jang-7days-1gb-topup","Top-up","4","1 GB","0","0","SK [5G]","7 days","country"
"South Korea","jang-15days-2gb","New eSIM","7","2 GB","0","0","SK [5G]","15 days","country"
"South Korea","jang-15days-2gb-topup","Top-up","7","2 GB","0","0","SK [5G]","15 days","country"
"South Korea","jang-7days-1gb","New eSIM","4","1 GB","0","0","SK [5G]","7 days","country"
"South Korea","jang-30days-3gb","New eSIM","9","3 GB","0","0","SK [5G]","30 days","country"
"South Korea","jang-30days-3gb-topup","Top-up","9","3 GB","0","0","SK [5G]","30 days","country"
"South Korea","jang-30days-5gb","New eSIM","11","5 GB","0","0","SK [5G]","30 days","country"
"South Korea","jang-30days-10gb","New eSIM","19","10 GB","0","0","SK [5G]","30 days","country"
"South Korea","jang-30days-5gb-topup","Top-up","11","5 GB","0","0","SK [5G]","30 days","country"
"South Korea","jang-30days-10gb-topup","Top-up","19","10 GB","0","0","SK [5G]","30 days","country"
"South Korea","jang-30days-20gb","New eSIM","30","20 GB","0","0","SK [5G]","30 days","country"
"South Korea","jang-30days-20gb-topup","Top-up","30","20 GB","0","0","SK [5G]","30 days","country"
"South Korea","jang-15days-unlimited","New eSIM","49","Unlimited","0","0","SK [5G]","15 days","country"
"South Korea","jang-15days-unlimited-topup","Top-up","49","Unlimited","0","0","SK [5G]","15 days","country"
"South Korea","jang-3days-unlimited","New eSIM","12","Unlimited","0","0","SK [5G]","3 days","country"
"South Korea","jang-5days-unlimited","New eSIM","20","Unlimited","0","0","SK [5G]","5 days","country"
"South Korea","jang-3days-unlimited-topup","Top-up","12","Unlimited","0","0","SK [5G]","3 days","country"
"South Korea","jang-5days-unlimited-topup","Top-up","20","Unlimited","0","0","SK [5G]","5 days","country"
"South Korea","jang-7days-unlimited","New eSIM","29","Unlimited","0","0","SK [5G]","7 days","country"
"South Korea","jang-7days-unlimited-topup","Top-up","29","Unlimited","0","0","SK [5G]","7 days","country"
"South Korea","jang-10days-unlimited-topup","Top-up","35","Unlimited","0","0","SK [5G]","10 days","country"
"South Korea","jang-10days-unlimited","New eSIM","35","Unlimited","0","0","SK [5G]","10 days","country"
"South Korea","jang-30days-unlimited","New eSIM","69","Unlimited","0","0","SK [5G]","30 days","country"
"South Korea","jang-30days-unlimited-topup","Top-up","69","Unlimited","0","0","SK [5G]","30 days","country"
"Spain","guay-mobile-in-7days-1gb","New eSIM","4","1 GB","0","0","Orange [5G]","7 days","country"
"Spain","guay-mobile-in-7days-1gb-topup","Top-up","4","1 GB","0","0","Orange [5G]","7 days","country"
"Spain","guay-mobile-in-15days-2gb","New eSIM","5.5","2 GB","0","0","Orange [5G]","15 days","country"
"Spain","guay-mobile-in-15days-2gb-topup","Top-up","5.5","2 GB","0","0","Orange [5G]","15 days","country"
"Spain","guay-mobile-in-30days-3gb","New eSIM","6","3 GB","0","0","Orange [5G]","30 days","country"
"Spain","guay-mobile-in-30days-3gb-topup","Top-up","6","3 GB","0","0","Orange [5G]","30 days","country"
"Spain","guay-mobile-in-30days-5gb","New eSIM","9","5 GB","0","0","Orange [5G]","30 days","country"
"Spain","guay-mobile-in-30days-5gb-topup","Top-up","9","5 GB","0","0","Orange [5G]","30 days","country"
"Spain","guay-mobile-in-30days-10gb","New eSIM","14","10 GB","0","0","Orange [5G]","30 days","country"
"Spain","guay-mobile-in-30days-10gb-topup","Top-up","14","10 GB","0","0","Orange [5G]","30 days","country"
"Spain","guay-mobile-in-30days-20gb","New eSIM","20","20 GB","0","0","Orange [5G]","30 days","country"
"Spain","guay-mobile-in-30days-20gb-topup","Top-up","20","20 GB","0","0","Orange [5G]","30 days","country"
"Spain","guay-mobile-in-3days-UNL","New eSIM","11","Unlimited","0","0","Orange [5G]","3 days","country"
"Spain","guay-mobile-in-3days-UNL-topup","Top-up","11","Unlimited","0","0","Orange [5G]","3 days","country"
"Spain","guay-mobile-in-5days-UNL","New eSIM","17","Unlimited","0","0","Orange [5G]","5 days","country"
"Spain","guay-mobile-in-5days-UNL-topup","Top-up","17","Unlimited","0","0","Orange [5G]","5 days","country"
"Spain","guay-mobile-in-7days-UNL","New eSIM","23.5","Unlimited","0","0","Orange [5G]","7 days","country"
"Spain","guay-mobile-in-7days-UNL-topup","Top-up","23.5","Unlimited","0","0","Orange [5G]","7 days","country"
"Spain","guay-mobile-in-10days-UNL","New eSIM","32","Unlimited","0","0","Orange [5G]","10 days","country"
"Spain","guay-mobile-in-10days-UNL-topup","Top-up","32","Unlimited","0","0","Orange [5G]","10 days","country"
"Spain","guay-mobile-in-15days-UNL","New eSIM","43","Unlimited","0","0","Orange [5G]","15 days","country"
"Spain","guay-mobile-in-15days-UNL-topup","Top-up","43","Unlimited","0","0","Orange [5G]","15 days","country"
"Spain","guay-mobile-in-30days-UNL","New eSIM","63","Unlimited","0","0","Orange [5G]","30 days","country"
"Spain","guay-mobile-in-30days-UNL-topup","Top-up","63","Unlimited","0","0","Orange [5G]","30 days","country"
"Sri Lanka","mitura-7days-1gb-topup","Top-up","4.5","1 GB","0","0","Dialog [LTE], Hutchinson [LTE]","7 days","country"
"Sri Lanka","mitura-7days-1gb","New eSIM","4.5","1 GB","0","0","Dialog [LTE], Hutchinson [LTE]","7 days","country"
"Sri Lanka","mitura-15days-2gb","New eSIM","6","2 GB","0","0","Dialog [LTE], Hutchinson [LTE]","15 days","country"
"Sri Lanka","mitura-15days-2gb-topup","Top-up","6","2 GB","0","0","Dialog [LTE], Hutchinson [LTE]","15 days","country"
"Sri Lanka","mitura-30days-3gb","New eSIM","6.5","3 GB","0","0","Dialog [LTE], Hutchinson [LTE]","30 days","country"
"Sri Lanka","mitura-30days-3gb-topup","Top-up","6.5","3 GB","0","0","Dialog [LTE], Hutchinson [LTE]","30 days","country"
"Sri Lanka","mitura-30days-5gb","New eSIM","9","5 GB","0","0","Dialog [LTE], Hutchinson [LTE]","30 days","country"
"Sri Lanka","mitura-30days-5gb-topup","Top-up","9","5 GB","0","0","Dialog [LTE], Hutchinson [LTE]","30 days","country"
"Sri Lanka","mitura-30days-10gb","New eSIM","11.5","10 GB","0","0","Dialog [LTE], Hutchinson [LTE]","30 days","country"
"Sri Lanka","mitura-30days-10gb-topup","Top-up","11.5","10 GB","0","0","Dialog [LTE], Hutchinson [LTE]","30 days","country"
"Sri Lanka","mitura-30days-20gb","New eSIM","18","20 GB","0","0","Dialog [LTE], Hutchinson [LTE]","30 days","country"
"Sri Lanka","mitura-30days-20gb-topup","Top-up","18","20 GB","0","0","Dialog [LTE], Hutchinson [LTE]","30 days","country"
"Suriname","pondocom-in-7days-1gb","New eSIM","6.5","1 GB","0","0","Digicel [4G]","7 days","country"
"Suriname","pondocom-in-7days-1gb-topup","Top-up","6.5","1 GB","0","0","Digicel [4G]","7 days","country"
"Suriname","pondocom-in-15days-2gb","New eSIM","12","2 GB","0","0","Digicel [4G]","15 days","country"
"Suriname","pondocom-in-15days-2gb-topup","Top-up","12","2 GB","0","0","Digicel [4G]","15 days","country"
"Suriname","pondocom-in-30days-3gb","New eSIM","16.5","3 GB","0","0","Digicel [4G]","30 days","country"
"Suriname","pondocom-in-30days-3gb-topup","Top-up","16.5","3 GB","0","0","Digicel [4G]","30 days","country"
"Suriname","pondocom-in-30days-5gb","New eSIM","23","5 GB","0","0","Digicel [4G]","30 days","country"
"Suriname","pondocom-in-30days-5gb-topup","Top-up","23","5 GB","0","0","Digicel [4G]","30 days","country"
"Suriname","pondocom-in-30days-10gb","New eSIM","38","10 GB","0","0","Digicel [4G]","30 days","country"
"Suriname","pondocom-in-30days-10gb-topup","Top-up","38","10 GB","0","0","Digicel [4G]","30 days","country"
"Suriname","pondocom-in-3days-unlimited","New eSIM","25.5","Unlimited","0","0","Digicel [4G]","3 days","country"
"Suriname","pondocom-in-3days-unlimited-topup","Top-up","25.5","Unlimited","0","0","Digicel [4G]","3 days","country"
"Suriname","pondocom-in-5days-unlimited","New eSIM","36.5","Unlimited","0","0","Digicel [4G]","5 days","country"
"Suriname","pondocom-in-5days-unlimited-topup","Top-up","36.5","Unlimited","0","0","Digicel [4G]","5 days","country"
"Suriname","pondocom-in-7days-unlimited","New eSIM","59.5","Unlimited","0","0","Digicel [4G]","7 days","country"
"Suriname","pondocom-in-7days-unlimited-topup","Top-up","59.5","Unlimited","0","0","Digicel [4G]","7 days","country"
"Suriname","pondocom-in-10days-unlimited","New eSIM","68","Unlimited","0","0","Digicel [4G]","10 days","country"
"Suriname","pondocom-in-10days-unlimited-topup","Top-up","68","Unlimited","0","0","Digicel [4G]","10 days","country"
"Sweden","van-in-7days-1gb","New eSIM","4","1 GB","0","0","Telenor [4G]","7 days","country"
"Sweden","van-in-7days-1gb-topup","Top-up","4","1 GB","0","0","Telenor [4G]","7 days","country"
"Sweden","van-in-15days-2gb","New eSIM","6","2 GB","0","0","Telenor [4G]","15 days","country"
"Sweden","van-in-15days-2gb-topup","Top-up","6","2 GB","0","0","Telenor [4G]","15 days","country"
"Sweden","van-in-30days-3gb","New eSIM","7","3 GB","0","0","Telenor [4G]","30 days","country"
"Sweden","van-in-30days-3gb-topup","Top-up","7","3 GB","0","0","Telenor [4G]","30 days","country"
"Sweden","van-in-30days-5gb","New eSIM","10","5 GB","0","0","Telenor [4G]","30 days","country"
"Sweden","van-in-30days-5gb-topup","Top-up","10","5 GB","0","0","Telenor [4G]","30 days","country"
"Sweden","van-in-30days-10gb","New eSIM","16","10 GB","0","0","Telenor [4G]","30 days","country"
"Sweden","van-in-30days-10gb-topup","Top-up","16","10 GB","0","0","Telenor [4G]","30 days","country"
"Sweden","van-in-30days-20gb","New eSIM","27","20 GB","0","0","Telenor [4G]","30 days","country"
"Sweden","van-in-30days-20gb-topup","Top-up","27","20 GB","0","0","Telenor [4G]","30 days","country"
"Sweden","van-in-3days-unlimited","New eSIM","11.5","Unlimited","0","0","Telenor [5G]","3 days","country"
"Sweden","van-in-3days-unlimited-topup","Top-up","11.5","Unlimited","0","0","Telenor [5G]","3 days","country"
"Sweden","van-in-5days-unlimited","New eSIM","19.5","Unlimited","0","0","Telenor [5G]","5 days","country"
"Sweden","van-in-5days-unlimited-topup","Top-up","19.5","Unlimited","0","0","Telenor [5G]","5 days","country"
"Sweden","van-in-7days-unlimited","New eSIM","27","Unlimited","0","0","Telenor [5G]","7 days","country"
"Sweden","van-in-7days-unlimited-topup","Top-up","27","Unlimited","0","0","Telenor [5G]","7 days","country"
"Sweden","van-in-10days-unlimited","New eSIM","34.5","Unlimited","0","0","Telenor [5G]","10 days","country"
"Sweden","van-in-10days-unlimited-topup","Top-up","34.5","Unlimited","0","0","Telenor [5G]","10 days","country"
"Sweden","van-in-15days-unlimited","New eSIM","49","Unlimited","0","0","Telenor [5G]","15 days","country"
"Sweden","van-in-15days-unlimited-topup","Top-up","49","Unlimited","0","0","Telenor [5G]","15 days","country"
"Sweden","van-in-30days-unlimited","New eSIM","69","Unlimited","0","0","Telenor [5G]","30 days","country"
"Sweden","van-in-30days-unlimited-topup","Top-up","69","Unlimited","0","0","Telenor [5G]","30 days","country"
"Switzerland","pilatus-mobile-in-7days-1gb","New eSIM","4","1 GB","0","0","Sunrise [5G]","7 days","country"
"Switzerland","pilatus-mobile-in-7days-1gb-topup","Top-up","4","1 GB","0","0","Sunrise [5G]","7 days","country"
"Switzerland","pilatus-mobile-in-15days-2gb","New eSIM","7","2 GB","0","0","Sunrise [5G]","15 days","country"
"Switzerland","pilatus-mobile-in-15days-2gb-topup","Top-up","7","2 GB","0","0","Sunrise [5G]","15 days","country"
"Switzerland","pilatus-mobile-in-30days-3gb","New eSIM","9","3 GB","0","0","Sunrise [5G]","30 days","country"
"Switzerland","pilatus-mobile-in-30days-3gb-topup","Top-up","9","3 GB","0","0","Sunrise [5G]","30 days","country"
"Switzerland","pilatus-mobile-in-30days-5gb","New eSIM","14","5 GB","0","0","Sunrise [5G]","30 days","country"
"Switzerland","pilatus-mobile-in-30days-5gb-topup","Top-up","14","5 GB","0","0","Sunrise [5G]","30 days","country"
"Switzerland","pilatus-mobile-in-30days-10gb","New eSIM","23","10 GB","0","0","Sunrise [5G]","30 days","country"
"Switzerland","pilatus-mobile-in-30days-10gb-topup","Top-up","23","10 GB","0","0","Sunrise [5G]","30 days","country"
"Switzerland","pilatus-mobile-in-30days-20gb","New eSIM","36","20 GB","0","0","Sunrise [5G]","30 days","country"
"Switzerland","pilatus-mobile-in-30days-20gb-topup","Top-up","36","20 GB","0","0","Sunrise [5G]","30 days","country"
"Switzerland","pilatus-mobile-in-3days-unlimited","New eSIM","11.5","Unlimited","0","0","Sunrise [5G]","3 days","country"
"Switzerland","pilatus-mobile-in-3days-unlimited-topup","Top-up","11.5","Unlimited","0","0","Sunrise [5G]","3 days","country"
"Switzerland","pilatus-mobile-in-5days-unlimited","New eSIM","18","Unlimited","0","0","Sunrise [5G]","5 days","country"
"Switzerland","pilatus-mobile-in-5days-unlimited-topup","Top-up","18","Unlimited","0","0","Sunrise [5G]","5 days","country"
"Switzerland","pilatus-mobile-in-7days-unlimited","New eSIM","25","Unlimited","0","0","Sunrise [5G]","7 days","country"
"Switzerland","pilatus-mobile-in-7days-unlimited-topup","Top-up","25","Unlimited","0","0","Sunrise [5G]","7 days","country"
"Switzerland","pilatus-mobile-in-10days-unlimited","New eSIM","34","Unlimited","0","0","Sunrise [5G]","10 days","country"
"Switzerland","pilatus-mobile-in-10days-unlimited-topup","Top-up","34","Unlimited","0","0","Sunrise [5G]","10 days","country"
"Switzerland","pilatus-mobile-in-15days-unlimited","New eSIM","46","Unlimited","0","0","Sunrise [5G]","15 days","country"
"Switzerland","pilatus-mobile-in-15days-unlimited-topup","Top-up","46","Unlimited","0","0","Sunrise [5G]","15 days","country"
"Switzerland","pilatus-mobile-in-30days-unlimited","New eSIM","68","Unlimited","0","0","Sunrise [5G]","30 days","country"
"Switzerland","pilatus-mobile-in-30days-unlimited-topup","Top-up","68","Unlimited","0","0","Sunrise [5G]","30 days","country"
"Taiwan","xie-xie-7days-1gb","New eSIM","4","1 GB","0","0","Taiwan Mobile [5G]","7 days","country"
"Taiwan","xie-xie-7days-1gb-topup","Top-up","4","1 GB","0","0","Taiwan Mobile [5G]","7 days","country"
"Taiwan","xie-xie-15days-2gb","New eSIM","7","2 GB","0","0","Taiwan Mobile [5G]","15 days","country"
"Taiwan","xie-xie-15days-2gb-topup","Top-up","7","2 GB","0","0","Taiwan Mobile [5G]","15 days","country"
"Taiwan","xie-xie-30days-3gb-topup","Top-up","9","3 GB","0","0","Taiwan Mobile [5G]","30 days","country"
"Taiwan","xie-xie-30days-5gb","New eSIM","12","5 GB","0","0","Taiwan Mobile [5G]","30 days","country"
"Taiwan","xie-xie-30days-5gb-topup","Top-up","12","5 GB","0","0","Taiwan Mobile [5G]","30 days","country"
"Taiwan","xie-xie-30days-10gb","New eSIM","19","10 GB","0","0","Taiwan Mobile [5G]","30 days","country"
"Taiwan","xie-xie-30days-10gb-topup","Top-up","19","10 GB","0","0","Taiwan Mobile [5G]","30 days","country"
"Taiwan","xie-xie-30days-3gb","New eSIM","9","3 GB","0","0","Taiwan Mobile [5G]","30 days","country"
"Taiwan","xie-xie-30days-20gb-topup","Top-up","29","20 GB","0","0","Taiwan Mobile [5G]","30 days","country"
"Taiwan","xie-xie-30days-20gb","New eSIM","29","20 GB","0","0","Taiwan Mobile [5G]","30 days","country"
"Taiwan","xie-xie-3days-unlimited-x","New eSIM","12.5","Unlimited","0","0","Taiwan Mobile [5G]","3 days","country"
"Taiwan","xie-xie-5days-unlimited-x","New eSIM","19","Unlimited","0","0","Taiwan Mobile [5G]","5 days","country"
"Taiwan","xie-xie-7days-unlimited-x","New eSIM","27","Unlimited","0","0","Taiwan Mobile [5G]","7 days","country"
"Taiwan","xie-xie-unlimited-10days","New eSIM","35","Unlimited","0","0","Taiwan Mobile [5G]","10 days","country"
"Taiwan","xie-xie-15days-unlimited-x","New eSIM","49","Unlimited","0","0","Taiwan Mobile [5G]","15 days","country"
"Taiwan","xie-xie-30days-unlimited-x","New eSIM","69","Unlimited","0","0","Taiwan Mobile [5G]","30 days","country"
"Tajikistan","sarez-telecom-in-7days-1gb","New eSIM","7.5","1 GB","0","0","Tacom LLC [4G]","7 days","country"
"Tajikistan","sarez-telecom-in-7days-1gb-topup","Top-up","7.5","1 GB","0","0","Tacom LLC [4G]","7 days","country"
"Tajikistan","sarez-telecom-in-15days-2gb","New eSIM","13.5","2 GB","0","0","Tacom LLC [4G]","15 days","country"
"Tajikistan","sarez-telecom-in-15days-2gb-topup","Top-up","13.5","2 GB","0","0","Tacom LLC [4G]","15 days","country"
"Tajikistan","sarez-telecom-in-30days-3gb","New eSIM","19","3 GB","0","0","Tacom LLC [4G]","30 days","country"
"Tajikistan","sarez-telecom-in-30days-3gb-topup","Top-up","19","3 GB","0","0","Tacom LLC [4G]","30 days","country"
"Tajikistan","sarez-telecom-in-30days-5gb","New eSIM","32","5 GB","0","0","Tacom LLC [4G]","30 days","country"
"Tajikistan","sarez-telecom-in-30days-5gb-topup","Top-up","32","5 GB","0","0","Tacom LLC [4G]","30 days","country"
"Tanzania","tanzacomm-in-7days-1gb","New eSIM","4.5","1 GB","0","0","Halotel [4G], Airtel [4G]","7 days","country"
"Tanzania","tanzacomm-in-7days-1gb-topup","Top-up","4.5","1 GB","0","0","Halotel [4G], Airtel [4G]","7 days","country"
"Tanzania","tanzacomm-in-15days-2gb","New eSIM","8","2 GB","0","0","Halotel [4G], Airtel [4G]","15 days","country"
"Tanzania","tanzacomm-in-15days-2gb-topup","Top-up","8","2 GB","0","0","Halotel [4G], Airtel [4G]","15 days","country"
"Tanzania","tanzacomm-in-30days-3gb","New eSIM","11","3 GB","0","0","Halotel [4G], Airtel [4G]","30 days","country"
"Tanzania","tanzacomm-in-30days-3gb-topup","Top-up","11","3 GB","0","0","Halotel [4G], Airtel [4G]","30 days","country"
"Tanzania","tanzacomm-in-30days-5gb","New eSIM","15.5","5 GB","0","0","Halotel [4G], Airtel [4G]","30 days","country"
"Tanzania","tanzacomm-in-30days-5gb-topup","Top-up","15.5","5 GB","0","0","Halotel [4G], Airtel [4G]","30 days","country"
"Tanzania","tanzacomm-in-30days-10gb","New eSIM","26","10 GB","0","0","Halotel [4G], Airtel [4G]","30 days","country"
"Tanzania","tanzacomm-in-30days-10gb-topup","Top-up","26","10 GB","0","0","Halotel [4G], Airtel [4G]","30 days","country"
"Tanzania","tanzacomm-in-30days-20gb","New eSIM","44","20 GB","0","0","Halotel [4G], Airtel [4G]","30 days","country"
"Tanzania","tanzacomm-in-30days-20gb-topup","Top-up","44","20 GB","0","0","Halotel [4G], Airtel [4G]","30 days","country"
"Tanzania","tanzacomm-in-3days-unlimited","New eSIM","19.5","Unlimited","0","0","Halotel [4G], Airtel [4G]","3 days","country"
"Tanzania","tanzacomm-in-3days-unlimited-topup","Top-up","19.5","Unlimited","0","0","Halotel [4G], Airtel [4G]","3 days","country"
"Tanzania","tanzacomm-in-5days-unlimited","New eSIM","28.5","Unlimited","0","0","Halotel [4G], Airtel [4G]","5 days","country"
"Tanzania","tanzacomm-in-5days-unlimited-topup","Top-up","28.5","Unlimited","0","0","Halotel [4G], Airtel [4G]","5 days","country"
"Tanzania","tanzacomm-in-7days-unlimited","New eSIM","36","Unlimited","0","0","Halotel [4G], Airtel [4G]","7 days","country"
"Tanzania","tanzacomm-in-7days-unlimited-topup","Top-up","36","Unlimited","0","0","Halotel [4G], Airtel [4G]","7 days","country"
"Tanzania","tanzacomm-in-10days-unlimited","New eSIM","38","Unlimited","0","0","Halotel [4G], Airtel [4G]","10 days","country"
"Tanzania","tanzacomm-in-10days-unlimited-topup","Top-up","38","Unlimited","0","0","Halotel [4G], Airtel [4G]","10 days","country"
"Tanzania","tanzacomm-in-15days-unlimited","New eSIM","49","Unlimited","0","0","Halotel [4G], Airtel [4G]","15 days","country"
"Tanzania","tanzacomm-in-15days-unlimited-topup","Top-up","49","Unlimited","0","0","Halotel [4G], Airtel [4G]","15 days","country"
"Tanzania","tanzacomm-in-30days-unlimited","New eSIM","99","Unlimited","0","0","Halotel [4G], Airtel [4G]","30 days","country"
"Tanzania","tanzacomm-in-30days-unlimited-topup","Top-up","99","Unlimited","0","0","Halotel [4G], Airtel [4G]","30 days","country"
"Thailand","maew-in-30days-5gb","New eSIM","8","5 GB","0","0","True [5G], AIS [5G]","30 days","country"
"Thailand","maew-in-30days-5gb-topup","Top-up","8","5 GB","0","0","True [5G], AIS [5G]","30 days","country"
"Thailand","maew-in-30days-10gb","New eSIM","11","10 GB","0","0","True [5G], AIS [5G]","30 days","country"
"Thailand","maew-in-30days-10gb-topup","Top-up","11","10 GB","0","0","True [5G], AIS [5G]","30 days","country"
"Thailand","maew-in-30days-20gb","New eSIM","18","20 GB","0","0","True [5G], AIS [5G]","30 days","country"
"Thailand","maew-in-30days-20gb-topup","Top-up","18","20 GB","0","0","True [5G], AIS [5G]","30 days","country"
"Thailand","maew-in-7days-1gb","New eSIM","4","1 GB","0","0","True [5G], AIS [5G]","7 days","country"
"Thailand","maew-in-7days-1gb-topup","Top-up","4","1 GB","0","0","True [5G], AIS [5G]","7 days","country"
"Thailand","maew-in-15days-2gb","New eSIM","5.5","2 GB","0","0","True [5G], AIS [5G]","15 days","country"
"Thailand","maew-in-15days-2gb-topup","Top-up","5.5","2 GB","0","0","True [5G], AIS [5G]","15 days","country"
"Thailand","maew-in-30days-3gb","New eSIM","6","3 GB","0","0","True [5G], AIS [5G]","30 days","country"
"Thailand","maew-in-30days-3gb-topup","Top-up","6","3 GB","0","0","True [5G], AIS [5G]","30 days","country"
"Thailand","maew-in-3days-UNL","New eSIM","9.5","Unlimited","0","0","True [5G], AIS [5G]","3 days","country"
"Thailand","maew-in-3days-UNL-topup","Top-up","9.5","Unlimited","0","0","True [5G], AIS [5G]","3 days","country"
"Thailand","maew-in-5days-UNL","New eSIM","15","Unlimited","0","0","True [5G], AIS [5G]","5 days","country"
"Thailand","maew-in-5days-UNL-topup","Top-up","15","Unlimited","0","0","True [5G], AIS [5G]","5 days","country"
"Thailand","maew-in-7days-UNL","New eSIM","21","Unlimited","0","0","True [5G], AIS [5G]","7 days","country"
"Thailand","maew-in-7days-UNL-topup","Top-up","21","Unlimited","0","0","True [5G], AIS [5G]","7 days","country"
"Thailand","maew-in-10days-UNL","New eSIM","31","Unlimited","0","0","True [5G], AIS [5G]","10 days","country"
"Thailand","maew-in-10days-UNL-topup","Top-up","31","Unlimited","0","0","True [5G], AIS [5G]","10 days","country"
"Thailand","maew-in-15days-UNL","New eSIM","39","Unlimited","0","0","True [5G], AIS [5G]","15 days","country"
"Thailand","maew-in-15days-UNL-topup","Top-up","39","Unlimited","0","0","True [5G], AIS [5G]","15 days","country"
"Thailand","maew-in-30days-UNL","New eSIM","49","Unlimited","0","0","True [5G], AIS [5G]","30 days","country"
"Thailand","maew-in-30days-UNL-topup","Top-up","49","Unlimited","0","0","True [5G], AIS [5G]","30 days","country"
"Timor - Leste","jaco-mobile-30days-5gb","New eSIM","21","5 GB","0","0","Telemor [4G]","30 days","country"
"Timor - Leste","jaco-mobile-30days-5gb-topup","Top-up","21","5 GB","0","0","Telemor [4G]","30 days","country"
"Timor - Leste","jaco-mobile-30days-10gb-topup","Top-up","36","10 GB","0","0","Telemor [4G]","30 days","country"
"Timor - Leste","jaco-mobile-30days-10gb","New eSIM","36","10 GB","0","0","Telemor [4G]","30 days","country"
"Timor - Leste","jaco-mobile-7days-1gb-topup","Top-up","6.5","1 GB","0","0","Telemor [4G]","7 days","country"
"Timor - Leste","jaco-mobile-7days-1gb","New eSIM","6.5","1 GB","0","0","Telemor [4G]","7 days","country"
"Timor - Leste","jaco-mobile-15days-2gb","New eSIM","10.5","2 GB","0","0","Telemor [4G]","15 days","country"
"Timor - Leste","jaco-mobile-15days-2gb-topup","Top-up","10.5","2 GB","0","0","Telemor [4G]","15 days","country"
"Timor - Leste","jaco-mobile-30days-3gb","New eSIM","14","3 GB","0","0","Telemor [4G]","30 days","country"
"Timor - Leste","jaco-mobile-30days-3gb-topup","Top-up","14","3 GB","0","0","Telemor [4G]","30 days","country"
"Togo","atakora-mobile-in-7days-1gb","New eSIM","9","1 GB","0","0","Moov-Etisalat [4G]","7 days","country"
"Togo","atakora-mobile-in-7days-1gb-topup","Top-up","9","1 GB","0","0","Moov-Etisalat [4G]","7 days","country"
"Togo","atakora-mobile-in-30days-5gb","New eSIM","34","5 GB","0","0","Moov-Etisalat [4G]","30 days","country"
"Togo","atakora-mobile-in-30days-5gb-topup","Top-up","34","5 GB","0","0","Moov-Etisalat [4G]","30 days","country"
"Togo","atakora-mobile-in-30days-10gb","New eSIM","49.5","10 GB","0","0","Moov-Etisalat [4G]","30 days","country"
"Togo","atakora-mobile-in-30days-10gb-topup","Top-up","49.5","10 GB","0","0","Moov-Etisalat [4G]","30 days","country"
"Togo","atakora-mobile-in-15days-2gb","New eSIM","15.5","2 GB","0","0","Moov-Etisalat [4G]","15 days","country"
"Togo","atakora-mobile-in-15days-2gb-topup","Top-up","15.5","2 GB","0","0","Moov-Etisalat [4G]","15 days","country"
"Togo","atakora-mobile-in-30days-3gb","New eSIM","21.5","3 GB","0","0","Moov-Etisalat [4G]","30 days","country"
"Togo","atakora-mobile-in-30days-3gb-topup","Top-up","21.5","3 GB","0","0","Moov-Etisalat [4G]","30 days","country"
"Tonga","tofua-mobile-in-7days-1gb","New eSIM","4.5","1 GB","0","0","Digicel [5G]","7 days","country"
"Tonga","tofua-mobile-in-7days-1gb-topup","Top-up","4.5","1 GB","0","0","Digicel [5G]","7 days","country"
"Tonga","tofua-mobile-in-15days-2gb","New eSIM","9","2 GB","0","0","Digicel [5G]","15 days","country"
"Tonga","tofua-mobile-in-15days-2gb-topup","Top-up","9","2 GB","0","0","Digicel [5G]","15 days","country"
"Tonga","tofua-mobile-in-30days-3gb","New eSIM","13","3 GB","0","0","Digicel [5G]","30 days","country"
"Tonga","tofua-mobile-in-30days-3gb-topup","Top-up","13","3 GB","0","0","Digicel [5G]","30 days","country"
"Tonga","tofua-mobile-in-30days-5gb","New eSIM","19","5 GB","0","0","Digicel [5G]","30 days","country"
"Tonga","tofua-mobile-in-30days-5gb-topup","Top-up","19","5 GB","0","0","Digicel [5G]","30 days","country"
"Tonga","tofua-mobile-in-30days-10gb","New eSIM","34","10 GB","0","0","Digicel [5G]","30 days","country"
"Tonga","tofua-mobile-in-30days-10gb-topup","Top-up","34","10 GB","0","0","Digicel [5G]","30 days","country"
"Tonga","tofua-mobile-in-3days-unlimited","New eSIM","27.5","Unlimited","0","0","Digicel [5G]","3 days","country"
"Tonga","tofua-mobile-in-3days-unlimited-topup","Top-up","27.5","Unlimited","0","0","Digicel [5G]","3 days","country"
"Tonga","tofua-mobile-in-5days-unlimited","New eSIM","41.5","Unlimited","0","0","Digicel [5G]","5 days","country"
"Tonga","tofua-mobile-in-5days-unlimited-topup","Top-up","41.5","Unlimited","0","0","Digicel [5G]","5 days","country"
"Tonga","tofua-mobile-in-7days-unlimited","New eSIM","53","Unlimited","0","0","Digicel [5G]","7 days","country"
"Tonga","tofua-mobile-in-7days-unlimited-topup","Top-up","53","Unlimited","0","0","Digicel [5G]","7 days","country"
"Tonga","tofua-mobile-in-10days-unlimited","New eSIM","69","Unlimited","0","0","Digicel [5G]","10 days","country"
"Tonga","tofua-mobile-in-10days-unlimited-topup","Top-up","69","Unlimited","0","0","Digicel [5G]","10 days","country"
"Tonga","tofua-mobile-in-15days-unlimited","New eSIM","95","Unlimited","0","0","Digicel [5G]","15 days","country"
"Tonga","tofua-mobile-in-15days-unlimited-topup","Top-up","95","Unlimited","0","0","Digicel [5G]","15 days","country"
"Trinidad and Tobago","tritocom-in-7days-1gb","New eSIM","8","1 GB","0","0","Digicel [4G]","7 days","country"
"Trinidad and Tobago","tritocom-in-7days-1gb-topup","Top-up","8","1 GB","0","0","Digicel [4G]","7 days","country"
"Trinidad and Tobago","tritocom-in-15days-2gb","New eSIM","15","2 GB","0","0","Digicel [4G]","15 days","country"
"Trinidad and Tobago","tritocom-in-15days-2gb-topup","Top-up","15","2 GB","0","0","Digicel [4G]","15 days","country"
"Trinidad and Tobago","tritocom-in-30days-3gb","New eSIM","21","3 GB","0","0","Digicel [4G]","30 days","country"
"Trinidad and Tobago","tritocom-in-30days-3gb-topup","Top-up","21","3 GB","0","0","Digicel [4G]","30 days","country"
"Trinidad and Tobago","tritocom-in-30days-5gb","New eSIM","32.5","5 GB","0","0","Digicel [4G]","30 days","country"
"Trinidad and Tobago","tritocom-in-30days-5gb-topup","Top-up","32.5","5 GB","0","0","Digicel [4G]","30 days","country"
"Tunisia","el-jem-comm-in-7days-1gb","New eSIM","4","1 GB","0","0","Ooredoo [4G]","7 days","country"
"Tunisia","el-jem-comm-in-7days-1gb-topup","Top-up","4","1 GB","0","0","Ooredoo [4G]","7 days","country"
"Tunisia","el-jem-comm-in-15days-2gb","New eSIM","6.5","2 GB","0","0","Ooredoo [4G]","15 days","country"
"Tunisia","el-jem-comm-in-15days-2gb-topup","Top-up","6.5","2 GB","0","0","Ooredoo [4G]","15 days","country"
"Tunisia","el-jem-comm-in-30days-3gb","New eSIM","8.5","3 GB","0","0","Ooredoo [4G]","30 days","country"
"Tunisia","el-jem-comm-in-30days-3gb-topup","Top-up","8.5","3 GB","0","0","Ooredoo [4G]","30 days","country"
"Tunisia","el-jem-comm-in-30days-5gb","New eSIM","12","5 GB","0","0","Ooredoo [4G]","30 days","country"
"Tunisia","el-jem-comm-in-30days-5gb-topup","Top-up","12","5 GB","0","0","Ooredoo [4G]","30 days","country"
"Tunisia","el-jem-comm-in-30days-10gb","New eSIM","20","10 GB","0","0","Ooredoo [4G]","30 days","country"
"Tunisia","el-jem-comm-in-30days-10gb-topup","Top-up","20","10 GB","0","0","Ooredoo [4G]","30 days","country"
"Tunisia","el-jem-comm-in-30days-20gb","New eSIM","31.5","20 GB","0","0","Ooredoo [4G]","30 days","country"
"Tunisia","el-jem-comm-in-30days-20gb-topup","Top-up","31.5","20 GB","0","0","Ooredoo [4G]","30 days","country"
"Tunisia","el-jem-comm-in-3days-unlimited","New eSIM","20.5","Unlimited","0","0","Ooredoo [4G]","3 days","country"
"Tunisia","el-jem-comm-in-3days-unlimited-topup","Top-up","20.5","Unlimited","0","0","Ooredoo [4G]","3 days","country"
"Tunisia","el-jem-comm-in-5days-unlimited","New eSIM","28","Unlimited","0","0","Ooredoo [4G]","5 days","country"
"Tunisia","el-jem-comm-in-5days-unlimited-topup","Top-up","28","Unlimited","0","0","Ooredoo [4G]","5 days","country"
"Tunisia","el-jem-comm-in-7days-unlimited","New eSIM","35","Unlimited","0","0","Ooredoo [4G]","7 days","country"
"Tunisia","el-jem-comm-in-7days-unlimited-topup","Top-up","35","Unlimited","0","0","Ooredoo [4G]","7 days","country"
"Tunisia","el-jem-comm-in-10days-unlimited","New eSIM","45","Unlimited","0","0","Ooredoo [4G]","10 days","country"
"Tunisia","el-jem-comm-in-10days-unlimited-topup","Top-up","45","Unlimited","0","0","Ooredoo [4G]","10 days","country"
"Tunisia","el-jem-comm-in-15days-unlimited","New eSIM","59","Unlimited","0","0","Ooredoo [4G]","15 days","country"
"Tunisia","el-jem-comm-in-15days-unlimited-topup","Top-up","59","Unlimited","0","0","Ooredoo [4G]","15 days","country"
"Tunisia","el-jem-comm-in-30days-unlimited","New eSIM","99","Unlimited","0","0","Ooredoo [4G]","30 days","country"
"Tunisia","el-jem-comm-in-30days-unlimited-topup","Top-up","99","Unlimited","0","0","Ooredoo [4G]","30 days","country"
"Turkey","merhaba-7days-1gb","New eSIM","4","1 GB","0","0","Turk Telekom (Avea) [5G]","7 days","country"
"Turkey","merhaba-7days-1gb-topup","Top-up","4","1 GB","0","0","Turk Telekom (Avea) [5G]","7 days","country"
"Turkey","merhaba-15days-2gb","New eSIM","5.5","2 GB","0","0","Turk Telekom (Avea) [5G]","15 days","country"
"Turkey","merhaba-15days-2gb-topup","Top-up","5.5","2 GB","0","0","Turk Telekom (Avea) [5G]","15 days","country"
"Turkey","merhaba-30days-3gb","New eSIM","6.5","3 GB","0","0","Turk Telekom (Avea) [5G]","30 days","country"
"Turkey","merhaba-30days-3gb-topup","Top-up","6.5","3 GB","0","0","Turk Telekom (Avea) [5G]","30 days","country"
"Turkey","merhaba-30days-5gb","New eSIM","10","5 GB","0","0","Turk Telekom (Avea) [5G]","30 days","country"
"Turkey","merhaba-30days-5gb-topup","Top-up","10","5 GB","0","0","Turk Telekom (Avea) [5G]","30 days","country"
"Turkey","merhaba-30days-10gb","New eSIM","15.5","10 GB","0","0","Turk Telekom (Avea) [5G]","30 days","country"
"Turkey","merhaba-30days-10gb-topup","Top-up","15.5","10 GB","0","0","Turk Telekom (Avea) [5G]","30 days","country"
"Turkey","merhaba-30days-20gb","New eSIM","22.5","20 GB","0","0","Turk Telekom (Avea) [5G]","30 days","country"
"Turkey","merhaba-30days-20gb-topup","Top-up","22.5","20 GB","0","0","Turk Telekom (Avea) [5G]","30 days","country"
"Turkey","merhaba-15days-10gb","New eSIM","15","10 GB","0","0","Turk Telekom (Avea) [5G]","15 days","country"
"Turkey","merhaba-15days-10gb-topup","Top-up","15","10 GB","0","0","Turk Telekom (Avea) [5G]","15 days","country"
"Turkey","merhaba-15days-20gb","New eSIM","22","20 GB","0","0","Turk Telekom (Avea) [5G]","15 days","country"
"Turkey","merhaba-15days-20gb-topup","Top-up","22","20 GB","0","0","Turk Telekom (Avea) [5G]","15 days","country"
"Turkey","merhaba-30days-50gb","New eSIM","34.5","50 GB","0","0","Turk Telekom (Avea) [5G]","30 days","country"
"Turkey","merhaba-30days-50gb-topup","Top-up","34.5","50 GB","0","0","Turk Telekom (Avea) [5G]","30 days","country"
"Turkey","merhaba-3days-unlimited-x","New eSIM","11.5","Unlimited","0","0","Turk Telekom (Avea) [5G]","3 days","country"
"Turkey","merhaba-5days-unlimited-x","New eSIM","18.5","Unlimited","0","0","Turk Telekom (Avea) [5G]","5 days","country"
"Turkey","merhaba-7days-unlimited-x","New eSIM","24.5","Unlimited","0","0","Turk Telekom (Avea) [5G]","7 days","country"
"Turkey","merhaba-15days-unlimited-x","New eSIM","39","Unlimited","0","0","Turk Telekom (Avea) [5G]","15 days","country"
"Turkey","merhaba-30days-unlimited-x","New eSIM","69","Unlimited","0","0","Turk Telekom (Avea) [5G]","30 days","country"
"Turkey","merhaba-10days-unlimited","New eSIM","34.5","Unlimited","0","0","Turk Telekom (Avea) [5G]","10 days","country"
"Turks and Caicos Islands","tuca-mobile-in-7days-1gb","New eSIM","8","1 GB","0","0","Digicel [4G], Flow [4G]","7 days","country"
"Turks and Caicos Islands","tuca-mobile-in-7days-1gb-topup","Top-up","8","1 GB","0","0","Digicel [4G], Flow [4G]","7 days","country"
"Turks and Caicos Islands","tuca-mobile-in-15days-2gb","New eSIM","15","2 GB","0","0","Digicel [4G], Flow [4G]","15 days","country"
"Turks and Caicos Islands","tuca-mobile-in-15days-2gb-topup","Top-up","15","2 GB","0","0","Digicel [4G], Flow [4G]","15 days","country"
"Turks and Caicos Islands","tuca-mobile-in-30days-3gb","New eSIM","21","3 GB","0","0","Digicel [4G], Flow [4G]","30 days","country"
"Turks and Caicos Islands","tuca-mobile-in-30days-3gb-topup","Top-up","21","3 GB","0","0","Digicel [4G], Flow [4G]","30 days","country"
"Turks and Caicos Islands","tuca-mobile-in-30days-5gb","New eSIM","30","5 GB","0","0","Digicel [4G], Flow [4G]","30 days","country"
"Turks and Caicos Islands","tuca-mobile-in-30days-5gb-topup","Top-up","30","5 GB","0","0","Digicel [4G], Flow [4G]","30 days","country"
"Uganda","ugish-in-7days-1gb","New eSIM","7","1 GB","0","0","Airtel [4G]","7 days","country"
"Uganda","ugish-in-7days-1gb-topup","Top-up","7","1 GB","0","0","Airtel [4G]","7 days","country"
"Uganda","ugish-in-15days-2gb","New eSIM","12.5","2 GB","0","0","Airtel [4G]","15 days","country"
"Uganda","ugish-in-15days-2gb-topup","Top-up","12.5","2 GB","0","0","Airtel [4G]","15 days","country"
"Uganda","ugish-in-30days-3gb","New eSIM","17","3 GB","0","0","Airtel [4G]","30 days","country"
"Uganda","ugish-in-30days-3gb-topup","Top-up","17","3 GB","0","0","Airtel [4G]","30 days","country"
"Uganda","ugish-in-30days-5gb","New eSIM","27","5 GB","0","0","Airtel [4G]","30 days","country"
"Uganda","ugish-in-30days-5gb-topup","Top-up","27","5 GB","0","0","Airtel [4G]","30 days","country"
"Uganda","ugish-in-30days-10gb","New eSIM","49","10 GB","0","0","Airtel [4G]","30 days","country"
"Uganda","ugish-in-30days-10gb-topup","Top-up","49","10 GB","0","0","Airtel [4G]","30 days","country"
"Ukraine","lavranet-in-7days-1gb-topup","Top-up","4","1 GB","0","0","Lifecell [4G], Kyivstar [4G], Vodafone [4G]","7 days","country"
"Ukraine","lavranet-in-7days-1gb","New eSIM","4","1 GB","0","0","Lifecell [4G], Kyivstar [4G], Vodafone [4G]","7 days","country"
"Ukraine","lavranet-in-15days-2gb-topup","Top-up","6.5","2 GB","0","0","Lifecell [4G], Kyivstar [4G], Vodafone [4G]","15 days","country"
"Ukraine","lavranet-in-15days-2gb","New eSIM","6.5","2 GB","0","0","Lifecell [4G], Kyivstar [4G], Vodafone [4G]","15 days","country"
"Ukraine","lavranet-in-30days-3gb-topup","Top-up","8","3 GB","0","0","Lifecell [4G], Kyivstar [4G], Vodafone [4G]","30 days","country"
"Ukraine","lavranet-in-30days-3gb","New eSIM","8","3 GB","0","0","Lifecell [4G], Kyivstar [4G], Vodafone [4G]","30 days","country"
"Ukraine","lavranet-in-30days-5gb","New eSIM","11","5 GB","0","0","Lifecell [4G], Kyivstar [4G], Vodafone [4G]","30 days","country"
"Ukraine","lavranet-in-30days-5gb-topup","Top-up","11","5 GB","0","0","Lifecell [4G], Kyivstar [4G], Vodafone [4G]","30 days","country"
"Ukraine","lavranet-in-30days-10gb-topup","Top-up","18","10 GB","0","0","Lifecell [4G], Kyivstar [4G], Vodafone [4G]","30 days","country"
"Ukraine","lavranet-in-30days-10gb","New eSIM","18","10 GB","0","0","Lifecell [4G], Kyivstar [4G], Vodafone [4G]","30 days","country"
"Ukraine","lavranet-in-30days-20gb","New eSIM","27","20 GB","0","0","Lifecell [4G], Kyivstar [4G], Vodafone [4G]","30 days","country"
"Ukraine","lavranet-in-30days-20gb-topup","Top-up","27","20 GB","0","0","Lifecell [4G], Kyivstar [4G], Vodafone [4G]","30 days","country"
"Ukraine","lavranet-3days-unlimited","New eSIM","12.5","Unlimited","0","0","Lifecell [4G], Kyivstar [4G], Vodafone [4G]","3 days","country"
"Ukraine","lavranet-3days-unlimited-topup","Top-up","12.5","Unlimited","0","0","Lifecell [4G], Kyivstar [4G], Vodafone [4G]","3 days","country"
"Ukraine","lavranet-5days-unlimited","New eSIM","20.5","Unlimited","0","0","Lifecell [4G], Kyivstar [4G], Vodafone [4G]","5 days","country"
"Ukraine","lavranet-5days-unlimited-topup","Top-up","20.5","Unlimited","0","0","Lifecell [4G], Kyivstar [4G], Vodafone [4G]","5 days","country"
"Ukraine","lavranet-7days-unlimited","New eSIM","27.5","Unlimited","0","0","Lifecell [4G], Kyivstar [4G], Vodafone [4G]","7 days","country"
"Ukraine","lavranet-7days-unlimited-topup","Top-up","27.5","Unlimited","0","0","Lifecell [4G], Kyivstar [4G], Vodafone [4G]","7 days","country"
"Ukraine","lavranet-10days-unlimited","New eSIM","35","Unlimited","0","0","Lifecell [4G], Kyivstar [4G], Vodafone [4G]","10 days","country"
"Ukraine","lavranet-10days-unlimited-topup","Top-up","35","Unlimited","0","0","Lifecell [4G], Kyivstar [4G], Vodafone [4G]","10 days","country"
"Ukraine","lavranet-15days-unlimited","New eSIM","49","Unlimited","0","0","Lifecell [4G], Kyivstar [4G], Vodafone [4G]","15 days","country"
"Ukraine","lavranet-15days-unlimited-topup","Top-up","49","Unlimited","0","0","Lifecell [4G], Kyivstar [4G], Vodafone [4G]","15 days","country"
"Ukraine","lavranet-30days-unlimited","New eSIM","72.5","Unlimited","0","0","Lifecell [4G], Kyivstar [4G], Vodafone [4G]","30 days","country"
"Ukraine","lavranet-30days-unlimited-topup","Top-up","72.5","Unlimited","0","0","Lifecell [4G], Kyivstar [4G], Vodafone [4G]","30 days","country"
"United Arab Emirates","burj-mobile-7days-1gb","New eSIM","4","1 GB","0","0","Etisalat [5G]","7 days","country"
"United Arab Emirates","burj-mobile-7days-1gb-topup","Top-up","4","1 GB","0","0","Etisalat [5G]","7 days","country"
"United Arab Emirates","burj-mobile-15days-2gb","New eSIM","7","2 GB","0","0","Etisalat [5G]","15 days","country"
"United Arab Emirates","burj-mobile-15days-2gb-topup","Top-up","7","2 GB","0","0","Etisalat [5G]","15 days","country"
"United Arab Emirates","burj-mobile-30days-3gb","New eSIM","9","3 GB","0","0","Etisalat [5G]","30 days","country"
"United Arab Emirates","burj-mobile-30days-3gb-topup","Top-up","9","3 GB","0","0","Etisalat [5G]","30 days","country"
"United Arab Emirates","burj-mobile-30days-5gb","New eSIM","12","5 GB","0","0","Etisalat [5G]","30 days","country"
"United Arab Emirates","burj-mobile-30days-5gb-topup","Top-up","12","5 GB","0","0","Etisalat [5G]","30 days","country"
"United Arab Emirates","burj-mobile-30days-10gb","New eSIM","20","10 GB","0","0","Etisalat [5G]","30 days","country"
"United Arab Emirates","burj-mobile-30days-10gb-topup","Top-up","20","10 GB","0","0","Etisalat [5G]","30 days","country"
"United Arab Emirates","burj-mobile-30days-20gb","New eSIM","34","20 GB","0","0","Etisalat [5G]","30 days","country"
"United Arab Emirates","burj-mobile-30days-20gb-topup","Top-up","34","20 GB","0","0","Etisalat [5G]","30 days","country"
"United Arab Emirates","burj-mobile-30days-50gb","New eSIM","78","50 GB","0","0","Etisalat [5G]","30 days","country"
"United Arab Emirates","burj-mobile-30days-50gb-topup","Top-up","78","50 GB","0","0","Etisalat [5G]","30 days","country"
"United Arab Emirates","burj-mobile-10days-unlimited","New eSIM","35","Unlimited","0","0","Etisalat [5G]","10 days","country"
"United Arab Emirates","burj-mobile-3days-unlimited","New eSIM","12.5","Unlimited","0","0","Etisalat [5G]","3 days","country"
"United Arab Emirates","burj-mobile-5days-unlimited","New eSIM","19","Unlimited","0","0","Etisalat [5G]","5 days","country"
"United Arab Emirates","burj-mobile-7days-unlimited","New eSIM","27.5","Unlimited","0","0","Etisalat [5G]","7 days","country"
"United Arab Emirates","burj-mobile-15days-unlimited","New eSIM","49","Unlimited","0","0","Etisalat [5G]","15 days","country"
"United Kingdom","uki-mobile-3days-unlimited","New eSIM","11.5","Unlimited","0","0","EE [4G]","3 days","country"
"United Kingdom","uki-mobile-5days-unlimited","New eSIM","18.5","Unlimited","0","0","EE [4G]","5 days","country"
"United Kingdom","uki-mobile-7days-unlimited","New eSIM","27","Unlimited","0","0","EE [4G]","7 days","country"
"United Kingdom","uki-mobile-3days-unlimited-topup","Top-up","11.5","Unlimited","0","0","EE [4G]","3 days","country"
"United Kingdom","uki-mobile-5days-unlimited-topup","Top-up","18.5","Unlimited","0","0","EE [4G]","5 days","country"
"United Kingdom","uki-mobile-7days-unlimited-topup","Top-up","27","Unlimited","0","0","EE [4G]","7 days","country"
"United Kingdom","uki-mobile-10days-unlimited","New eSIM","34.5","Unlimited","0","0","EE [4G]","10 days","country"
"United Kingdom","uki-mobile-10days-unlimited-topup","Top-up","34.5","Unlimited","0","0","EE [4G]","10 days","country"
"United Kingdom","uki-mobile-15days-unlimited-topup","Top-up","48","Unlimited","0","0","EE [4G]","15 days","country"
"United Kingdom","uki-mobile-15days-unlimited","New eSIM","48","Unlimited","0","0","EE [4G]","15 days","country"
"United Kingdom","uki-mobile-30days-unlimited","New eSIM","69","Unlimited","0","0","EE [4G]","30 days","country"
"United Kingdom","uki-mobile-30days-unlimited-topup","Top-up","69","Unlimited","0","0","EE [4G]","30 days","country"
"United Kingdom","uki-mobile-in-7days-1gb-topup","Top-up","4","1 GB","0","0","EE [5G]","7 days","country"
"United Kingdom","uki-mobile-in-15days-2gb-topup","Top-up","7","2 GB","0","0","EE [5G]","15 days","country"
"United Kingdom","uki-mobile-in-7days-1gb","New eSIM","4","1 GB","0","0","EE [5G]","7 days","country"
"United Kingdom","uki-mobile-in-30days-3gb-topup","Top-up","9","3 GB","0","0","EE [5G]","30 days","country"
"United Kingdom","uki-mobile-in-30days-5gb-topup","Top-up","13","5 GB","0","0","EE [5G]","30 days","country"
"United Kingdom","uki-mobile-in-15days-2gb","New eSIM","7","2 GB","0","0","EE [5G]","15 days","country"
"United Kingdom","uki-mobile-in-30days-10gb-topup","Top-up","19","10 GB","0","0","EE [5G]","30 days","country"
"United Kingdom","uki-mobile-in-30days-20gb-topup","Top-up","31","20 GB","0","0","EE [5G]","30 days","country"
"United Kingdom","uki-mobile-in-30days-3gb","New eSIM","9","3 GB","0","0","EE [5G]","30 days","country"
"United Kingdom","uki-mobile-in-30days-5gb","New eSIM","13","5 GB","0","0","EE [5G]","30 days","country"
"United Kingdom","uki-mobile-in-30days-10gb","New eSIM","19","10 GB","0","0","EE [5G]","30 days","country"
"United Kingdom","uki-mobile-in-30days-20gb","New eSIM","31","20 GB","0","0","EE [5G]","30 days","country"
"United Kingdom","uki-mobile-plus-in-3days-1gb","New eSIM","5","1 GB","10","10","EE [5G]","3 days","country"
"United Kingdom","uki-mobile-plus-in-3days-1gb-topup","Top-up","5","1 GB","10","10","EE [5G]","3 days","country"
"United Kingdom","uki-mobile-plus-in-3days-3gb","New eSIM","10","3 GB","30","30","EE [5G]","3 days","country"
"United Kingdom","uki-mobile-plus-in-3days-3gb-topup","Top-up","10","3 GB","30","30","EE [5G]","3 days","country"
"United Kingdom","uki-mobile-plus-in-7days-3gb","New eSIM","12","3 GB","30","30","EE [5G]","7 days","country"
"United Kingdom","uki-mobile-plus-in-7days-3gb-topup","Top-up","12","3 GB","30","30","EE [5G]","7 days","country"
"United Kingdom","uki-mobile-plus-in-7days-5gb","New eSIM","14","5 GB","50","50","EE [5G]","7 days","country"
"United Kingdom","uki-mobile-plus-in-7days-5gb-topup","Top-up","14","5 GB","50","50","EE [5G]","7 days","country"
"United Kingdom","uki-mobile-plus-in-7days-10gb","New eSIM","21.5","10 GB","100","100","EE [5G]","7 days","country"
"United Kingdom","uki-mobile-plus-in-7days-10gb-topup","Top-up","21.5","10 GB","100","100","EE [5G]","7 days","country"
"United Kingdom","uki-mobile-plus-in-15days-5gb","New eSIM","15","5 GB","50","50","EE [5G]","15 days","country"
"United Kingdom","uki-mobile-plus-in-15days-5gb-topup","Top-up","15","5 GB","50","50","EE [5G]","15 days","country"
"United Kingdom","uki-mobile-plus-in-15days-10gb","New eSIM","22.5","10 GB","100","100","EE [5G]","15 days","country"
"United Kingdom","uki-mobile-plus-in-15days-10gb-topup","Top-up","22.5","10 GB","100","100","EE [5G]","15 days","country"
"United Kingdom","uki-mobile-plus-in-15days-20gb","New eSIM","36.5","20 GB","200","200","EE [5G]","15 days","country"
"United Kingdom","uki-mobile-plus-in-15days-20gb-topup","Top-up","36.5","20 GB","200","200","EE [5G]","15 days","country"
"United Kingdom","uki-mobile-plus-in-30days-5gb","New eSIM","15.5","5 GB","50","50","EE [5G]","30 days","country"
"United Kingdom","uki-mobile-plus-in-30days-5gb-topup","Top-up","15.5","5 GB","50","50","EE [5G]","30 days","country"
"United Kingdom","uki-mobile-plus-in-30days-10gb","New eSIM","23.5","10 GB","100","100","EE [5G]","30 days","country"
"United Kingdom","uki-mobile-plus-in-30days-10gb-topup","Top-up","23.5","10 GB","100","100","EE [5G]","30 days","country"
"United Kingdom","uki-mobile-plus-in-30days-20gb","New eSIM","38.5","20 GB","200","200","EE [5G]","30 days","country"
"United Kingdom","uki-mobile-plus-in-30days-20gb-topup","Top-up","38.5","20 GB","200","200","EE [5G]","30 days","country"
"United Kingdom","uki-mobile-plus-in-30days-50gb","New eSIM","54","50 GB","500","500","EE [5G]","30 days","country"
"United Kingdom","uki-mobile-plus-in-30days-50gb-topup","Top-up","54","50 GB","500","500","EE [5G]","30 days","country"
"United Kingdom","uki-mobile-plus-7days-1gb","New eSIM","5","1 GB","10","10","EE [5G]","7 days","country"
"United Kingdom","uki-mobile-plus-7days-1gb-topup","Top-up","5","1 GB","10","10","EE [5G]","7 days","country"
"United Kingdom","uki-mobile-plus-15days-2gb","New eSIM","8","2 GB","20","20","EE [5G]","15 days","country"
"United Kingdom","uki-mobile-plus-15days-2gb-topup","Top-up","8","2 GB","20","20","EE [5G]","15 days","country"
"United States","change-in-7days-1gb","New eSIM","4","1 GB","0","0","T-Mobile [5G], Verizon [5G]","7 days","country"
"United States","change-in-7days-1gb-topup","Top-up","4","1 GB","0","0","T-Mobile [5G], Verizon [5G]","7 days","country"
"United States","change-in-15days-2gb","New eSIM","7","2 GB","0","0","T-Mobile [5G], Verizon [5G]","15 days","country"
"United States","change-in-15days-2gb-topup","Top-up","7","2 GB","0","0","T-Mobile [5G], Verizon [5G]","15 days","country"
"United States","change-in-30days-5gb","New eSIM","13.5","5 GB","0","0","T-Mobile [5G], Verizon [5G]","30 days","country"
"United States","change-in-30days-5gb-topup","Top-up","13.5","5 GB","0","0","T-Mobile [5G], Verizon [5G]","30 days","country"
"United States","change-in-30days-10gb","New eSIM","22.5","10 GB","0","0","T-Mobile [5G], Verizon [5G]","30 days","country"
"United States","change-in-30days-10gb-topup","Top-up","22.5","10 GB","0","0","T-Mobile [5G], Verizon [5G]","30 days","country"
"United States","change-in-30days-20gb","New eSIM","36.5","20 GB","0","0","T-Mobile [5G], Verizon [5G]","30 days","country"
"United States","change-in-30days-20gb-topup","Top-up","36.5","20 GB","0","0","T-Mobile [5G], Verizon [5G]","30 days","country"
"United States","change-in-30days-3gb","New eSIM","9","3 GB","0","0","T-Mobile [5G], Verizon [5G]","30 days","country"
"United States","change-in-30days-3gb-topup","Top-up","9","3 GB","0","0","T-Mobile [5G], Verizon [5G]","30 days","country"
"United States","change-in-3days-UNL","New eSIM","11.5","Unlimited","0","0","T-Mobile [5G], Verizon [5G]","3 days","country"
"United States","change-in-3days-UNL-topup","Top-up","11.5","Unlimited","0","0","T-Mobile [5G], Verizon [5G]","3 days","country"
"United States","change-in-5days-UNL","New eSIM","18.5","Unlimited","0","0","T-Mobile [5G], Verizon [5G]","5 days","country"
"United States","change-in-5days-UNL-topup","Top-up","18.5","Unlimited","0","0","T-Mobile [5G], Verizon [5G]","5 days","country"
"United States","change-in-7days-UNL","New eSIM","25","Unlimited","0","0","T-Mobile [5G], Verizon [5G]","7 days","country"
"United States","change-in-7days-UNL-topup","Top-up","25","Unlimited","0","0","T-Mobile [5G], Verizon [5G]","7 days","country"
"United States","change-in-10days-UNL","New eSIM","34","Unlimited","0","0","T-Mobile [5G], Verizon [5G]","10 days","country"
"United States","change-in-10days-UNL-topup","Top-up","34","Unlimited","0","0","T-Mobile [5G], Verizon [5G]","10 days","country"
"United States","change-in-15days-UNL","New eSIM","46","Unlimited","0","0","T-Mobile [5G], Verizon [5G]","15 days","country"
"United States","change-in-15days-UNL-topup","Top-up","46","Unlimited","0","0","T-Mobile [5G], Verizon [5G]","15 days","country"
"United States","change-in-30days-UNL","New eSIM","68","Unlimited","0","0","T-Mobile [5G], Verizon [5G]","30 days","country"
"United States","change-in-30days-UNL-topup","Top-up","68","Unlimited","0","0","T-Mobile [5G], Verizon [5G]","30 days","country"
"United States","change-plus-365days-10gb-20260217124730","New eSIM","49","10 GB","30","75","T-Mobile [5G]","365 days","country"
"United States","change-plus-365days-10gb-topup-20260217124730","Top-up","49","10 GB","30","75","T-Mobile [5G]","365 days","country"
"United States","change-plus-3days-1gb","New eSIM","6","1 GB","10","10","T-Mobile [5G], Verizon [5G]","3 days","country"
"United States","change-plus-3days-1gb-topup","Top-up","6","1 GB","10","10","T-Mobile [5G], Verizon [5G]","3 days","country"
"United States","change-plus-3days-3gb","New eSIM","11","3 GB","30","30","T-Mobile [5G], Verizon [5G]","3 days","country"
"United States","change-plus-3days-3gb-topup","Top-up","11","3 GB","30","30","T-Mobile [5G], Verizon [5G]","3 days","country"
"United States","change-plus-7days-3gb","New eSIM","12","3 GB","30","30","T-Mobile [5G], Verizon [5G]","7 days","country"
"United States","change-plus-7days-3gb-topup","Top-up","12","3 GB","30","30","T-Mobile [5G], Verizon [5G]","7 days","country"
"United States","change-plus-7days-5gb","New eSIM","17","5 GB","50","50","T-Mobile [5G], Verizon [5G]","7 days","country"
"United States","change-plus-7days-5gb-topup","Top-up","17","5 GB","50","50","T-Mobile [5G], Verizon [5G]","7 days","country"
"United States","change-plus-7days-10gb","New eSIM","28","10 GB","100","100","T-Mobile [5G], Verizon [5G]","7 days","country"
"United States","change-plus-7days-10gb-topup","Top-up","28","10 GB","100","100","T-Mobile [5G], Verizon [5G]","7 days","country"
"United States","change-plus-15days-5gb","New eSIM","18","5 GB","50","50","T-Mobile [5G], Verizon [5G]","15 days","country"
"United States","change-plus-15days-5gb-topup","Top-up","18","5 GB","50","50","T-Mobile [5G], Verizon [5G]","15 days","country"
"United States","change-plus-15days-10gb","New eSIM","29","10 GB","100","100","T-Mobile [5G], Verizon [5G]","15 days","country"
"United States","change-plus-15days-10gb-topup","Top-up","29","10 GB","100","100","T-Mobile [5G], Verizon [5G]","15 days","country"
"United States","change-plus-15days-20gb","New eSIM","45","20 GB","200","200","T-Mobile [5G], Verizon [5G]","15 days","country"
"United States","change-plus-15days-20gb-topup","Top-up","45","20 GB","200","200","T-Mobile [5G], Verizon [5G]","15 days","country"
"United States","change-plus-30days-5gb","New eSIM","19","5 GB","50","50","T-Mobile [5G], Verizon [5G]","30 days","country"
"United States","change-plus-30days-5gb-topup","Top-up","19","5 GB","50","50","T-Mobile [5G], Verizon [5G]","30 days","country"
"United States","change-plus-30days-10gb","New eSIM","30","10 GB","100","100","T-Mobile [5G], Verizon [5G]","30 days","country"
"United States","change-plus-30days-10gb-topup","Top-up","30","10 GB","100","100","T-Mobile [5G], Verizon [5G]","30 days","country"
"United States","change-plus-30days-20gb","New eSIM","47","20 GB","200","200","T-Mobile [5G], Verizon [5G]","30 days","country"
"United States","change-plus-30days-20gb-topup","Top-up","47","20 GB","200","200","T-Mobile [5G], Verizon [5G]","30 days","country"
"United States","change-plus-30days-50gb","New eSIM","59","50 GB","500","500","T-Mobile [5G], Verizon [5G]","30 days","country"
"United States","change-plus-30days-50gb-topup","Top-up","59","50 GB","500","500","T-Mobile [5G], Verizon [5G]","30 days","country"
"United States","change-plus-7days-1gb","New eSIM","7","1 GB","10","10","T-Mobile [5G], Verizon [5G]","7 days","country"
"United States","change-plus-7days-1gb-topup","Top-up","7","1 GB","10","10","T-Mobile [5G], Verizon [5G]","7 days","country"
"United States","change-plus-15days-2gb","New eSIM","12.5","2 GB","20","20","T-Mobile [5G], Verizon [5G]","15 days","country"
"United States","change-plus-15days-2gb-topup","Top-up","12.5","2 GB","20","20","T-Mobile [5G], Verizon [5G]","15 days","country"
"Uruguay","ballena-in-7days-1gb","New eSIM","7","1 GB","0","0","Entel [5G], Claro [4G], Movistar [5G]","7 days","country"
"Uruguay","ballena-in-7days-1gb-topup","Top-up","7","1 GB","0","0","Entel [5G], Claro [4G], Movistar [5G]","7 days","country"
"Uruguay","ballena-in-15days-2gb","New eSIM","12.5","2 GB","0","0","Entel [5G], Claro [4G], Movistar [5G]","15 days","country"
"Uruguay","ballena-in-15days-2gb-topup","Top-up","12.5","2 GB","0","0","Entel [5G], Claro [4G], Movistar [5G]","15 days","country"
"Uruguay","ballena-in-30days-3gb","New eSIM","17","3 GB","0","0","Entel [5G], Claro [4G], Movistar [5G]","30 days","country"
"Uruguay","ballena-in-30days-3gb-topup","Top-up","17","3 GB","0","0","Entel [5G], Claro [4G], Movistar [5G]","30 days","country"
"Uruguay","ballena-in-30days-5gb","New eSIM","30","5 GB","0","0","Entel [5G], Claro [4G], Movistar [5G]","30 days","country"
"Uruguay","ballena-in-30days-5gb-topup","Top-up","30","5 GB","0","0","Entel [5G], Claro [4G], Movistar [5G]","30 days","country"
"Uruguay","ballena-in-30days-10gb","New eSIM","38","10 GB","0","0","Entel [5G], Claro [4G], Movistar [5G]","30 days","country"
"Uruguay","ballena-in-30days-10gb-topup","Top-up","38","10 GB","0","0","Entel [5G], Claro [4G], Movistar [5G]","30 days","country"
"Uruguay","ballena-in-30days-20gb","New eSIM","49.5","20 GB","0","0","Entel [5G], Claro [4G], Movistar [5G]","30 days","country"
"Uruguay","ballena-in-30days-20gb-topup","Top-up","49.5","20 GB","0","0","Entel [5G], Claro [4G], Movistar [5G]","30 days","country"
"Uruguay","ballena-in-3days-unlimited","New eSIM","19.5","Unlimited","0","0","Entel [5G], Claro [4G], Movistar [5G]","3 days","country"
"Uruguay","ballena-in-3days-unlimited-topup","Top-up","19.5","Unlimited","0","0","Entel [5G], Claro [4G], Movistar [5G]","3 days","country"
"Uruguay","ballena-in-5days-unlimited","New eSIM","28","Unlimited","0","0","Entel [5G], Claro [4G], Movistar [5G]","5 days","country"
"Uruguay","ballena-in-5days-unlimited-topup","Top-up","28","Unlimited","0","0","Entel [5G], Claro [4G], Movistar [5G]","5 days","country"
"Uruguay","ballena-in-7days-unlimited","New eSIM","35","Unlimited","0","0","Entel [5G], Claro [4G], Movistar [5G]","7 days","country"
"Uruguay","ballena-in-7days-unlimited-topup","Top-up","35","Unlimited","0","0","Entel [5G], Claro [4G], Movistar [5G]","7 days","country"
"Uruguay","ballena-in-10days-unlimited","New eSIM","39","Unlimited","0","0","Entel [5G], Claro [4G], Movistar [5G]","10 days","country"
"Uruguay","ballena-in-10days-unlimited-topup","Top-up","39","Unlimited","0","0","Entel [5G], Claro [4G], Movistar [5G]","10 days","country"
"Uzbekistan","uzbeknet-30days-5gb","New eSIM","13","5 GB","0","0","Unitel [4G]","30 days","country"
"Uzbekistan","uzbeknet-30days-5gb-topup","Top-up","13","5 GB","0","0","Unitel [4G]","30 days","country"
"Uzbekistan","uzbeknet-30days-10gb","New eSIM","21","10 GB","0","0","Unitel [4G]","30 days","country"
"Uzbekistan","uzbeknet-30days-10gb-topup","Top-up","21","10 GB","0","0","Unitel [4G]","30 days","country"
"Uzbekistan","uzbeknet-30days-20gb","New eSIM","33","20 GB","0","0","Unitel [4G]","30 days","country"
"Uzbekistan","uzbeknet-30days-20gb-topup","Top-up","33","20 GB","0","0","Unitel [4G]","30 days","country"
"Uzbekistan","uzbeknet-7days-1gb-x","New eSIM","4","1 GB","0","0","Unitel [4G]","7 days","country"
"Uzbekistan","uzbeknet-7days-1gb-topup-x","Top-up","4","1 GB","0","0","Unitel [4G]","7 days","country"
"Uzbekistan","uzbeknet-15days-2gb-x","New eSIM","7","2 GB","0","0","Unitel [4G]","15 days","country"
"Uzbekistan","uzbeknet-15days-2gb-topup-x","Top-up","7","2 GB","0","0","Unitel [4G]","15 days","country"
"Uzbekistan","uzbeknet-30days-3gb-x","New eSIM","8.5","3 GB","0","0","Unitel [4G]","30 days","country"
"Uzbekistan","uzbeknet-30days-3gb-topup-x","Top-up","8.5","3 GB","0","0","Unitel [4G]","30 days","country"
"Uzbekistan","uzbeknet-3days-unlimited","New eSIM","12.5","Unlimited","0","0","Unitel [4G]","3 days","country"
"Uzbekistan","uzbeknet-3days-unlimited-topup","Top-up","12.5","Unlimited","0","0","Unitel [4G]","3 days","country"
"Uzbekistan","uzbeknet-5days-unlimited","New eSIM","20.5","Unlimited","0","0","Unitel [4G]","5 days","country"
"Uzbekistan","uzbeknet-5days-unlimited-topup","Top-up","20.5","Unlimited","0","0","Unitel [4G]","5 days","country"
"Uzbekistan","uzbeknet-7days-unlimited","New eSIM","27.5","Unlimited","0","0","Unitel [4G]","7 days","country"
"Uzbekistan","uzbeknet-7days-unlimited-topup","Top-up","27.5","Unlimited","0","0","Unitel [4G]","7 days","country"
"Uzbekistan","uzbeknet-15days-unlimited","New eSIM","49","Unlimited","0","0","Unitel [4G]","15 days","country"
"Uzbekistan","uzbeknet-15days-unlimited-topup","Top-up","49","Unlimited","0","0","Unitel [4G]","15 days","country"
"Vanuatu","efate-in-7days-1gb","New eSIM","7","1 GB","0","0","Digicel [4G]","7 days","country"
"Vanuatu","efate-in-7days-1gb-topup","Top-up","7","1 GB","0","0","Digicel [4G]","7 days","country"
"Vanuatu","efate-in-15days-2gb","New eSIM","13","2 GB","0","0","Digicel [4G]","15 days","country"
"Vanuatu","efate-in-15days-2gb-topup","Top-up","13","2 GB","0","0","Digicel [4G]","15 days","country"
"Vanuatu","efate-in-30days-3gb","New eSIM","18","3 GB","0","0","Digicel [4G]","30 days","country"
"Vanuatu","efate-in-30days-3gb-topup","Top-up","18","3 GB","0","0","Digicel [4G]","30 days","country"
"Vanuatu","efate-in-30days-5gb","New eSIM","29","5 GB","0","0","Digicel [4G]","30 days","country"
"Vanuatu","efate-in-30days-5gb-topup","Top-up","29","5 GB","0","0","Digicel [4G]","30 days","country"
"Vanuatu","efate-in-30days-10gb","New eSIM","38.5","10 GB","0","0","Digicel [4G]","30 days","country"
"Vanuatu","efate-in-30days-10gb-topup","Top-up","38.5","10 GB","0","0","Digicel [4G]","30 days","country"
"Vanuatu","efate-3days-unlimited","New eSIM","26","Unlimited","0","0","Digicel [4G]","3 days","country"
"Vanuatu","efate-5days-unlimited","New eSIM","40","Unlimited","0","0","Digicel [4G]","5 days","country"
"Vanuatu","efate-5days-unlimited-topup","Top-up","40","Unlimited","0","0","Digicel [4G]","5 days","country"
"Vanuatu","efate-7days-unlimited","New eSIM","52","Unlimited","0","0","Digicel [4G]","7 days","country"
"Vanuatu","efate-7days-unlimited-topup","Top-up","52","Unlimited","0","0","Digicel [4G]","7 days","country"
"Vanuatu","efate-10days-unlimited","New eSIM","68","Unlimited","0","0","Digicel [4G]","10 days","country"
"Vanuatu","efate-10days-unlimited-topup","Top-up","68","Unlimited","0","0","Digicel [4G]","10 days","country"
"Vanuatu","efate-15days-unlimited","New eSIM","95","Unlimited","0","0","Digicel [4G]","15 days","country"
"Vanuatu","efate-15days-unlimited-topup","Top-up","95","Unlimited","0","0","Digicel [4G]","15 days","country"
"Vatican City","ager-mobile-in-7days-1gb","New eSIM","4","1 GB","0","0","Vodafone [5G], Wind Tre [5G], Iliad [4G]","7 days","country"
"Vatican City","ager-mobile-in-7days-1gb-topup","Top-up","4","1 GB","0","0","Vodafone [5G], Wind Tre [5G], Iliad [4G]","7 days","country"
"Vatican City","ager-mobile-in-15days-2gb","New eSIM","6.5","2 GB","0","0","Vodafone [5G], Wind Tre [5G], Iliad [4G]","15 days","country"
"Vatican City","ager-mobile-in-15days-2gb-topup","Top-up","6.5","2 GB","0","0","Vodafone [5G], Wind Tre [5G], Iliad [4G]","15 days","country"
"Vatican City","ager-mobile-in-30days-3gb","New eSIM","8.5","3 GB","0","0","Vodafone [5G], Wind Tre [5G], Iliad [4G]","30 days","country"
"Vatican City","ager-mobile-in-30days-3gb-topup","Top-up","8.5","3 GB","0","0","Vodafone [5G], Wind Tre [5G], Iliad [4G]","30 days","country"
"Vatican City","ager-mobile-in-30days-5gb","New eSIM","13","5 GB","0","0","Vodafone [5G], Wind Tre [5G], Iliad [4G]","30 days","country"
"Vatican City","ager-mobile-in-30days-5gb-topup","Top-up","13","5 GB","0","0","Vodafone [5G], Wind Tre [5G], Iliad [4G]","30 days","country"
"Vatican City","ager-mobile-in-30days-10gb","New eSIM","20.5","10 GB","0","0","Vodafone [5G], Wind Tre [5G], Iliad [4G]","30 days","country"
"Vatican City","ager-mobile-in-30days-10gb-topup","Top-up","20.5","10 GB","0","0","Vodafone [5G], Wind Tre [5G], Iliad [4G]","30 days","country"
"Vatican City","ager-mobile-in-30days-20gb","New eSIM","28.5","20 GB","0","0","Vodafone [5G], Wind Tre [5G], Iliad [4G]","30 days","country"
"Vatican City","ager-mobile-in-30days-20gb-topup","Top-up","28.5","20 GB","0","0","Vodafone [5G], Wind Tre [5G], Iliad [4G]","30 days","country"
"Vatican City","ager-mobile-in-3days-unlimited","New eSIM","11.5","Unlimited","0","0","Vodafone [5G], Wind Tre [5G], Iliad [4G]","3 days","country"
"Vatican City","ager-mobile-in-3days-unlimited-topup","Top-up","11.5","Unlimited","0","0","Vodafone [5G], Wind Tre [5G], Iliad [4G]","3 days","country"
"Vatican City","ager-mobile-in-5days-unlimited","New eSIM","19","Unlimited","0","0","Vodafone [5G], Wind Tre [5G], Iliad [4G]","5 days","country"
"Vatican City","ager-mobile-in-5days-unlimited-topup","Top-up","19","Unlimited","0","0","Vodafone [5G], Wind Tre [5G], Iliad [4G]","5 days","country"
"Vatican City","ager-mobile-in-7days-unlimited","New eSIM","27","Unlimited","0","0","Vodafone [5G], Wind Tre [5G], Iliad [4G]","7 days","country"
"Vatican City","ager-mobile-in-7days-unlimited-topup","Top-up","27","Unlimited","0","0","Vodafone [5G], Wind Tre [5G], Iliad [4G]","7 days","country"
"Vatican City","ager-mobile-in-10days-unlimited","New eSIM","35","Unlimited","0","0","Vodafone [5G], Wind Tre [5G], Iliad [4G]","10 days","country"
"Vatican City","ager-mobile-in-10days-unlimited-topup","Top-up","35","Unlimited","0","0","Vodafone [5G], Wind Tre [5G], Iliad [4G]","10 days","country"
"Vatican City","ager-mobile-in-15days-unlimited","New eSIM","49","Unlimited","0","0","Vodafone [5G], Wind Tre [5G], Iliad [4G]","15 days","country"
"Vatican City","ager-mobile-in-15days-unlimited-topup","Top-up","49","Unlimited","0","0","Vodafone [5G], Wind Tre [5G], Iliad [4G]","15 days","country"
"Vatican City","ager-mobile-in-30days-unlimited","New eSIM","72","Unlimited","0","0","Vodafone [5G], Wind Tre [5G], Iliad [4G]","30 days","country"
"Vatican City","ager-mobile-in-30days-unlimited-topup","Top-up","72","Unlimited","0","0","Vodafone [5G], Wind Tre [5G], Iliad [4G]","30 days","country"
"Venezuela","aragua-mobile-7days-1gb","New eSIM","6.5","1 GB","0","0","Telefonica Moviles Venezuela [LTE]","7 days","country"
"Venezuela","aragua-mobile-7days-1gb-topup","Top-up","6.5","1 GB","0","0","Telefonica Moviles Venezuela [LTE]","7 days","country"
"Venezuela","aragua-mobile-15days-2gb","New eSIM","13.5","2 GB","0","0","Telefonica Moviles Venezuela [LTE]","15 days","country"
"Venezuela","aragua-mobile-15days-2gb-topup","Top-up","13.5","2 GB","0","0","Telefonica Moviles Venezuela [LTE]","15 days","country"
"Venezuela","aragua-mobile-30days-3gb","New eSIM","20","3 GB","0","0","Telefonica Moviles Venezuela [LTE]","30 days","country"
"Venezuela","aragua-mobile-30days-3gb-topup","Top-up","20","3 GB","0","0","Telefonica Moviles Venezuela [LTE]","30 days","country"
"Venezuela","aragua-mobile-30days-5gb","New eSIM","30","5 GB","0","0","Telefonica Moviles Venezuela [LTE]","30 days","country"
"Venezuela","aragua-mobile-30days-5gb-topup","Top-up","30","5 GB","0","0","Telefonica Moviles Venezuela [LTE]","30 days","country"
"Venezuela","aragua-mobile-30days-10gb","New eSIM","39","10 GB","0","0","Telefonica Moviles Venezuela [LTE]","30 days","country"
"Venezuela","aragua-mobile-30days-10gb-topup","Top-up","39","10 GB","0","0","Telefonica Moviles Venezuela [LTE]","30 days","country"
"Venezuela","aragua-mobile-30days-20gb","New eSIM","49","20 GB","0","0","Telefonica Moviles Venezuela [LTE]","30 days","country"
"Venezuela","aragua-mobile-30days-20gb-topup","Top-up","49","20 GB","0","0","Telefonica Moviles Venezuela [LTE]","30 days","country"
"Venezuela","aragua-mobile-3days-unlimited","New eSIM","22","Unlimited","0","0","Telefonica Moviles Venezuela [LTE]","3 days","country"
"Venezuela","aragua-mobile-3days-unlimited-topup","Top-up","22","Unlimited","0","0","Telefonica Moviles Venezuela [LTE]","3 days","country"
"Venezuela","aragua-mobile-5days-unlimited","New eSIM","32","Unlimited","0","0","Telefonica Moviles Venezuela [LTE]","5 days","country"
"Venezuela","aragua-mobile-5days-unlimited-topup","Top-up","32","Unlimited","0","0","Telefonica Moviles Venezuela [LTE]","5 days","country"
"Venezuela","aragua-mobile-7days-unlimited","New eSIM","41","Unlimited","0","0","Telefonica Moviles Venezuela [LTE]","7 days","country"
"Venezuela","aragua-mobile-7days-unlimited-topup","Top-up","41","Unlimited","0","0","Telefonica Moviles Venezuela [LTE]","7 days","country"
"Venezuela","aragua-mobile-10days-unlimited","New eSIM","53","Unlimited","0","0","Telefonica Moviles Venezuela [LTE]","10 days","country"
"Venezuela","aragua-mobile-10days-unlimited-topup","Top-up","53","Unlimited","0","0","Telefonica Moviles Venezuela [LTE]","10 days","country"
"Venezuela","aragua-mobile-15days-unlimited","New eSIM","99","Unlimited","0","0","Telefonica Moviles Venezuela [LTE]","15 days","country"
"Venezuela","aragua-mobile-15days-unlimited-topup","Top-up","99","Unlimited","0","0","Telefonica Moviles Venezuela [LTE]","15 days","country"
"Vietnam","xin-chao-in-7days-1gb-topup","Top-up","4","1 GB","0","0","VNPT [5G]","7 days","country"
"Vietnam","xinchao-in-7days-1gb","New eSIM","4","1 GB","0","0","VNPT [5G]","7 days","country"
"Vietnam","xinchao-15days-2gb","New eSIM","6.5","2 GB","0","0","VNPT [5G]","15 days","country"
"Vietnam","xinchao-in-15days-2gb-topup","Top-up","6.5","2 GB","0","0","VNPT [5G]","15 days","country"
"Vietnam","xinchao-in-30days-3gb-topup","Top-up","8","3 GB","0","0","VNPT [5G]","30 days","country"
"Vietnam","xinchao-in-30days-3gb","New eSIM","8","3 GB","0","0","VNPT [5G]","30 days","country"
"Vietnam","xinchao-in-30days-5gb-topup","Top-up","11","5 GB","0","0","VNPT [5G]","30 days","country"
"Vietnam","xinchao-in-30days-5gb","New eSIM","11","5 GB","0","0","VNPT [5G]","30 days","country"
"Vietnam","xinchao-in-30days-10gb","New eSIM","18","10 GB","0","0","VNPT [5G]","30 days","country"
"Vietnam","xinchao-in-30days-10gb-topup","Top-up","18","10 GB","0","0","VNPT [5G]","30 days","country"
"Vietnam","xinchao-in-30days-20gb-topup","Top-up","29","20 GB","0","0","VNPT [5G]","30 days","country"
"Vietnam","xinchao-in-30days-20gb","New eSIM","29","20 GB","0","0","VNPT [5G]","30 days","country"
"Vietnam","xin-chao-in-10days-unlimited-topup","Top-up","34.5","Unlimited","0","0","VNPT [5G]","10 days","country"
"Vietnam","xin-chao-in-10days-unlimited","New eSIM","34.5","Unlimited","0","0","VNPT [5G]","10 days","country"
"Vietnam","xin-chao-in-3days-unlimited-topup","Top-up","11.5","Unlimited","0","0","VNPT [5G]","3 days","country"
"Vietnam","xin-chao-in-7days-unlimited-topup","Top-up","27","Unlimited","0","0","VNPT [5G]","7 days","country"
"Vietnam","xin-chao-in-15days-unlimited-topup","Top-up","48","Unlimited","0","0","VNPT [5G]","15 days","country"
"Vietnam","xin-chao-in-15days-unlimited","New eSIM","48","Unlimited","0","0","VNPT [5G]","15 days","country"
"Vietnam","xin-chao-in-30days-unlimited-topup","Top-up","69","Unlimited","0","0","VNPT [5G]","30 days","country"
"Vietnam","xin-chao-in-3days-unlimited","New eSIM","11.5","Unlimited","0","0","VNPT [5G]","3 days","country"
"Vietnam","xin-chao-in-5days-unlimited-topup","Top-up","18.5","Unlimited","0","0","VNPT [5G]","5 days","country"
"Vietnam","xin-chao-in-5days-unlimited","New eSIM","18.5","Unlimited","0","0","VNPT [5G]","5 days","country"
"Vietnam","xin-chao-in-7days-unlimited","New eSIM","27","Unlimited","0","0","VNPT [5G]","7 days","country"
"Vietnam","xin-chao-in-30days-unlimited","New eSIM","69","Unlimited","0","0","VNPT [5G]","30 days","country"
"Virgin Islands (U.S.)","magens-mobile-in-7days-1gb","New eSIM","4.5","1 GB","0","0","T-Mobile [5G]","7 days","country"
"Virgin Islands (U.S.)","magens-mobile-in-7days-1gb-topup","Top-up","4.5","1 GB","0","0","T-Mobile [5G]","7 days","country"
"Virgin Islands (U.S.)","magens-mobile-15days-2gb","New eSIM","8","2 GB","0","0","T-Mobile [5G]","15 days","country"
"Virgin Islands (U.S.)","magens-mobile-15days-2gb-topup","Top-up","8","2 GB","0","0","T-Mobile [5G]","15 days","country"
"Virgin Islands (U.S.)","magens-mobile-in-30days-3gb","New eSIM","11","3 GB","0","0","T-Mobile [5G]","30 days","country"
"Virgin Islands (U.S.)","magens-mobile-in-30days-3gb-topup","Top-up","11","3 GB","0","0","T-Mobile [5G]","30 days","country"
"Virgin Islands (U.S.)","magens-mobile-in-30days-5gb","New eSIM","16","5 GB","0","0","T-Mobile [5G]","30 days","country"
"Virgin Islands (U.S.)","magens-mobile-in-30days-5gb-topup","Top-up","16","5 GB","0","0","T-Mobile [5G]","30 days","country"
"Virgin Islands (U.S.)","magens-mobile-in-30days-10gb","New eSIM","26","10 GB","0","0","T-Mobile [5G]","30 days","country"
"Virgin Islands (U.S.)","magens-mobile-in-30days-10gb-topup","Top-up","26","10 GB","0","0","T-Mobile [5G]","30 days","country"
"Virgin Islands (U.S.)","magens-mobile-in-30days-20gb-topup","Top-up","42","20 GB","0","0","T-Mobile [5G]","30 days","country"
"Virgin Islands (U.S.)","magens-mobile-in-30days-20gb","New eSIM","42","20 GB","0","0","T-Mobile [5G]","30 days","country"
"Virgin Islands (U.S.)","magens-mobile-3days-unlimited","New eSIM","20.5","Unlimited","0","0","T-Mobile [5G]","3 days","country"
"Virgin Islands (U.S.)","magens-mobile-3days-unlimited-topup","Top-up","20.5","Unlimited","0","0","T-Mobile [5G]","3 days","country"
"Virgin Islands (U.S.)","magens-mobile-5days-unlimited","New eSIM","29.5","Unlimited","0","0","T-Mobile [5G]","5 days","country"
"Virgin Islands (U.S.)","magens-mobile-5days-unlimited-topup","Top-up","29.5","Unlimited","0","0","T-Mobile [5G]","5 days","country"
"Virgin Islands (U.S.)","magens-mobile-7days-unlimited","New eSIM","36.5","Unlimited","0","0","T-Mobile [5G]","7 days","country"
"Virgin Islands (U.S.)","magens-mobile-7days-unlimited-topup","Top-up","36.5","Unlimited","0","0","T-Mobile [5G]","7 days","country"
"Virgin Islands (U.S.)","magens-mobile-10days-unlimited","New eSIM","41","Unlimited","0","0","T-Mobile [5G]","10 days","country"
"Virgin Islands (U.S.)","magens-mobile-10days-unlimited-topup","Top-up","41","Unlimited","0","0","T-Mobile [5G]","10 days","country"
"Virgin Islands (U.S.)","magens-mobile-15days-unlimited","New eSIM","59","Unlimited","0","0","T-Mobile [5G]","15 days","country"
"Virgin Islands (U.S.)","magens-mobile-15days-unlimited-topup","Top-up","59","Unlimited","0","0","T-Mobile [5G]","15 days","country"
"Virgin Islands (U.S.)","magens-mobile-30days-unlimited","New eSIM","99","Unlimited","0","0","T-Mobile [5G]","30 days","country"
"Virgin Islands (U.S.)","magens-mobile-30days-unlimited-topup","Top-up","99","Unlimited","0","0","T-Mobile [5G]","30 days","country"
"Zambia","kafue-mobile-7days-1gb-topup","Top-up","7.5","1 GB","0","0","Airtel [4G]","7 days","country"
"Zambia","kafue-mobile-7days-1gb","New eSIM","7.5","1 GB","0","0","Airtel [4G]","7 days","country"
"Zambia","kafue-mobile-15days-2gb","New eSIM","12.5","2 GB","0","0","Airtel [4G]","15 days","country"
"Zambia","kafue-mobile-15days-2gb-topup","Top-up","12.5","2 GB","0","0","Airtel [4G]","15 days","country"
"Zambia","kafue-mobile-30days-3gb","New eSIM","16.5","3 GB","0","0","Airtel [4G]","30 days","country"
"Zambia","kafue-mobile-30days-3gb-topup","Top-up","16.5","3 GB","0","0","Airtel [4G]","30 days","country"
"Zambia","kafue-mobile-30days-5gb","New eSIM","23","5 GB","0","0","Airtel [4G]","30 days","country"
"Zambia","kafue-mobile-30days-5gb-topup","Top-up","23","5 GB","0","0","Airtel [4G]","30 days","country"
"Zambia","kafue-mobile-30days-10gb-topup","Top-up","38","10 GB","0","0","Airtel [4G]","30 days","country"
"Zambia","kafue-mobile-30days-10gb","New eSIM","38","10 GB","0","0","Airtel [4G]","30 days","country"
"Zimbabwe","zimcom-in-7days-1gb","New eSIM","11.5","1 GB","0","0","Econet [4G]","7 days","country"
"Zimbabwe","zimcom-in-7days-1gb-topup","Top-up","11.5","1 GB","0","0","Econet [4G]","7 days","country"
"Zimbabwe","zimcom-in-15days-2gb","New eSIM","28","2 GB","0","0","Econet [4G]","15 days","country"
"Zimbabwe","zimcom-in-15days-2gb-topup","Top-up","28","2 GB","0","0","Econet [4G]","15 days","country"
"Zimbabwe","zimcom-in-30days-3gb","New eSIM","46","3 GB","0","0","Econet [4G]","30 days","country"
"Zimbabwe","zimcom-in-30days-3gb-topup","Top-up","46","3 GB","0","0","Econet [4G]","30 days","country"
"Africa","hello-africa-in-7days-1gb","New eSIM","11","1 GB","0","0","36 networks supported - Learn more on Partner","7 days","zone"
"Africa","hello-africa-in-7days-1gb-topup","Top-up","11","1 GB","0","0","36 networks supported - Learn more on Partner","7 days","zone"
"Africa","hello-africa-in-15days-2gb","New eSIM","18.5","2 GB","0","0","36 networks supported - Learn more on Partner","15 days","zone"
"Africa","hello-africa-in-15days-2gb-topup","Top-up","18.5","2 GB","0","0","36 networks supported - Learn more on Partner","15 days","zone"
"Africa","hello-africa-in-30days-3gb","New eSIM","25.5","3 GB","0","0","36 networks supported - Learn more on Partner","30 days","zone"
"Africa","hello-africa-in-30days-3gb-topup","Top-up","25.5","3 GB","0","0","36 networks supported - Learn more on Partner","30 days","zone"
"Africa","hello-africa-in-30days-5gb","New eSIM","41","5 GB","0","0","36 networks supported - Learn more on Partner","30 days","zone"
"Africa","hello-africa-in-30days-5gb-topup","Top-up","41","5 GB","0","0","36 networks supported - Learn more on Partner","30 days","zone"
"Africa","hello-africa-in-7days-5gb-px","New eSIM","50","5 GB","0","0","36 networks supported - Learn more on Partner","7 days","zone"
"Africa","hello-africa-in-7days-5gb-px-topup","Top-up","50","5 GB","0","0","36 networks supported - Learn more on Partner","7 days","zone"
"Africa","hello-africa-in-7days-10gb-px","New eSIM","60","10 GB","0","0","36 networks supported - Learn more on Partner","7 days","zone"
"Africa","hello-africa-in-7days-10gb-px-topup","Top-up","60","10 GB","0","0","36 networks supported - Learn more on Partner","7 days","zone"
"Africa","hello-africa-in-15days-5gb-px","New eSIM","52","5 GB","0","0","36 networks supported - Learn more on Partner","15 days","zone"
"Africa","hello-africa-in-15days-5gb-px-topup","Top-up","52","5 GB","0","0","36 networks supported - Learn more on Partner","15 days","zone"
"Africa","hello-africa-in-15days-10gb-px","New eSIM","63","10 GB","0","0","36 networks supported - Learn more on Partner","15 days","zone"
"Africa","hello-africa-in-15days-10gb-px-topup","Top-up","63","10 GB","0","0","36 networks supported - Learn more on Partner","15 days","zone"
"Africa","hello-africa-in-30days-10gb-px","New eSIM","67","10 GB","0","0","36 networks supported - Learn more on Partner","30 days","zone"
"Africa","hello-africa-in-30days-10gb-px-topup","Top-up","67","10 GB","0","0","36 networks supported - Learn more on Partner","30 days","zone"
"Africa Safari","safarilink-in-7days-1gb","New eSIM","6","1 GB","0","0","3 networks supported - Learn more on Partner","7 days","country"
"Africa Safari","safarilink-in-7days-1gb-topup","Top-up","6","1 GB","0","0","3 networks supported - Learn more on Partner","7 days","country"
"Africa Safari","safarilink-in-15days-2gb","New eSIM","10","2 GB","0","0","3 networks supported - Learn more on Partner","15 days","country"
"Africa Safari","safarilink-in-15days-2gb-topup","Top-up","10","2 GB","0","0","3 networks supported - Learn more on Partner","15 days","country"
"Africa Safari","safarilink-in-30days-3gb","New eSIM","13","3 GB","0","0","3 networks supported - Learn more on Partner","30 days","country"
"Africa Safari","safarilink-in-30days-3gb-topup","Top-up","13","3 GB","0","0","3 networks supported - Learn more on Partner","30 days","country"
"Africa Safari","safarilink-in-30days-5gb","New eSIM","20.5","5 GB","0","0","3 networks supported - Learn more on Partner","30 days","country"
"Africa Safari","safarilink-in-30days-5gb-topup","Top-up","20.5","5 GB","0","0","3 networks supported - Learn more on Partner","30 days","country"
"Africa Safari","safarilink-in-30days-10gb","New eSIM","35.5","10 GB","0","0","3 networks supported - Learn more on Partner","30 days","country"
"Africa Safari","safarilink-in-30days-10gb-topup","Top-up","35.5","10 GB","0","0","3 networks supported - Learn more on Partner","30 days","country"
"Africa Safari","safarilink-in-30days-20gb","New eSIM","58","20 GB","0","0","3 networks supported - Learn more on Partner","30 days","country"
"Africa Safari","safarilink-in-30days-20gb-topup","Top-up","58","20 GB","0","0","3 networks supported - Learn more on Partner","30 days","country"
"Africa Safari","safarilink-in-3days-unlimited","New eSIM","20","Unlimited","0","0","3 networks supported - Learn more on Partner","3 days","country"
"Africa Safari","safarilink-in-3days-unlimited-topup","Top-up","20","Unlimited","0","0","3 networks supported - Learn more on Partner","3 days","country"
"Africa Safari","safarilink-in-5days-unlimited","New eSIM","42","Unlimited","0","0","3 networks supported - Learn more on Partner","5 days","country"
"Africa Safari","safarilink-in-5days-unlimited-topup","Top-up","42","Unlimited","0","0","3 networks supported - Learn more on Partner","5 days","country"
"Africa Safari","safarilink-in-7days-unlimited","New eSIM","45","Unlimited","0","0","3 networks supported - Learn more on Partner","7 days","country"
"Africa Safari","safarilink-in-7days-unlimited-topup","Top-up","45","Unlimited","0","0","3 networks supported - Learn more on Partner","7 days","country"
"Africa Safari","safarilink-in-10days-unlimited","New eSIM","59","Unlimited","0","0","3 networks supported - Learn more on Partner","10 days","country"
"Africa Safari","safarilink-in-10days-unlimited-topup","Top-up","59","Unlimited","0","0","3 networks supported - Learn more on Partner","10 days","country"
"Africa Safari","safarilink-in-15days-unlimited","New eSIM","119","Unlimited","0","0","3 networks supported - Learn more on Partner","15 days","country"
"Africa Safari","safarilink-in-15days-unlimited-topup","Top-up","119","Unlimited","0","0","3 networks supported - Learn more on Partner","15 days","country"
"Asia","asialink-15days-2gb","New eSIM","7","2 GB","0","0","31 network supported - Learn more on Partner","15 days","zone"
"Asia","asialink-15days-2gb-topup","Top-up","7","2 GB","0","0","31 network supported - Learn more on Partner","15 days","zone"
"Asia","asialink-30-days-3gb","New eSIM","13","3 GB","0","0","31 network supported - Learn more on Partner","","zone"
"Asia","asialink-30-days-3gb-topup","Top-up","13","3 GB","0","0","31 network supported - Learn more on Partner","","zone"
"Asia","asialink-30-days-5gb","New eSIM","15","5 GB","0","0","31 network supported - Learn more on Partner","","zone"
"Asia","asialink-30-days-5gb-topup","Top-up","15","5 GB","0","0","31 network supported - Learn more on Partner","","zone"
"Asia","asialink-30-days-10gb","New eSIM","25","10 GB","0","0","31 network supported - Learn more on Partner","","zone"
"Asia","asialink-30-days-10gb-topup","Top-up","25","10 GB","0","0","31 network supported - Learn more on Partner","","zone"
"Asia","asialink-30days-20gb","New eSIM","39","20 GB","0","0","31 network supported - Learn more on Partner","30 days","zone"
"Asia","asialink-30days-20gb-topup","Top-up","39","20 GB","0","0","31 network supported - Learn more on Partner","30 days","zone"
"Asia","asialink-90-days-50gb","New eSIM","69","50 GB","0","0","31 network supported - Learn more on Partner","","zone"
"Asia","asialink-180-days-100gb","New eSIM","89","100 GB","0","0","31 network supported - Learn more on Partner","","zone"
"Asia","asialink-90-days-50gb-topup","Top-up","69","50 GB","0","0","31 network supported - Learn more on Partner","","zone"
"Asia","asialink-180-days-100gb-topup","Top-up","89","100 GB","0","0","31 network supported - Learn more on Partner","","zone"
"Asia","asialink-7-days-1gb","New eSIM","5","1 GB","0","0","31 network supported - Learn more on Partner","","zone"
"Asia","asialink-7-days-1gb-topup","Top-up","5","1 GB","0","0","31 network supported - Learn more on Partner","","zone"
"Asia","asialink-in-3days-500mb","New eSIM","1.53","500 MB","0","0","31 network supported - Learn more on Partner","3 days","zone"
"Asia","asialink-in-7days-5gb-px","New eSIM","14","5 GB","0","0","31 network supported - Learn more on Partner","7 days","zone"
"Asia","asialink-in-7days-5gb-px-topup","Top-up","14","5 GB","0","0","31 network supported - Learn more on Partner","7 days","zone"
"Asia","asialink-in-7days-10gb-px","New eSIM","23","10 GB","0","0","31 network supported - Learn more on Partner","7 days","zone"
"Asia","asialink-in-7days-10gb-px-topup","Top-up","23","10 GB","0","0","31 network supported - Learn more on Partner","7 days","zone"
"Asia","asialink-in-7days-50gb-px","New eSIM","54","50 GB","0","0","31 network supported - Learn more on Partner","7 days","zone"
"Asia","asialink-in-7days-50gb-px-topup","Top-up","54","50 GB","0","0","31 network supported - Learn more on Partner","7 days","zone"
"Asia","asialink-in-15days-5gb-px","New eSIM","14.5","5 GB","0","0","31 network supported - Learn more on Partner","15 days","zone"
"Asia","asialink-in-15days-5gb-px-topup","Top-up","14.5","5 GB","0","0","31 network supported - Learn more on Partner","15 days","zone"
"Asia","asialink-in-15days-10gb-px","New eSIM","24","10 GB","0","0","31 network supported - Learn more on Partner","15 days","zone"
"Asia","asialink-in-15days-10gb-px-topup","Top-up","24","10 GB","0","0","31 network supported - Learn more on Partner","15 days","zone"
"Asia","asialink-in-15days-50gb-px","New eSIM","56","50 GB","0","0","31 network supported - Learn more on Partner","15 days","zone"
"Asia","asialink-in-15days-50gb-px-topup","Top-up","56","50 GB","0","0","31 network supported - Learn more on Partner","15 days","zone"
"Asia","asialink-in-30days-50gb-px","New eSIM","59","50 GB","0","0","31 network supported - Learn more on Partner","30 days","zone"
"Asia","asialink-in-30days-50gb-px-topup","Top-up","59","50 GB","0","0","31 network supported - Learn more on Partner","30 days","zone"
"Asia","asialink-5days-unlimited","New eSIM","19","Unlimited","0","0","32 networks supported - Learn more on Partner","5 days","zone"
"Asia","asialink-3days-unlimited-topup","Top-up","11.5","Unlimited","0","0","32 networks supported - Learn more on Partner","3 days","zone"
"Asia","asialink-7days-unlimited","New eSIM","26","Unlimited","0","0","32 networks supported - Learn more on Partner","7 days","zone"
"Asia","asialink-5days-unlimited-topup","Top-up","19","Unlimited","0","0","32 networks supported - Learn more on Partner","5 days","zone"
"Asia","asialink-10days-unlimited","New eSIM","35","Unlimited","0","0","32 networks supported - Learn more on Partner","10 days","zone"
"Asia","asialink-7days-unlimited-topup","Top-up","26","Unlimited","0","0","32 networks supported - Learn more on Partner","7 days","zone"
"Asia","asialink-10days-unlimited-topup","Top-up","35","Unlimited","0","0","32 networks supported - Learn more on Partner","10 days","zone"
"Asia","asialink-30days-unlimited","New eSIM","73.5","Unlimited","0","0","32 networks supported - Learn more on Partner","30 days","zone"
"Asia","asialink-30days-unlimited-topup","Top-up","73.5","Unlimited","0","0","32 networks supported - Learn more on Partner","30 days","zone"
"Asia","asialink-15days-unlimited","New eSIM","49","Unlimited","0","0","32 networks supported - Learn more on Partner","15 days","zone"
"Asia","asialink-15days-unlimited-topup","Top-up","49","Unlimited","0","0","32 networks supported - Learn more on Partner","15 days","zone"
"Asia","asialink-3days-unlimited","New eSIM","11.5","Unlimited","0","0","32 networks supported - Learn more on Partner","3 days","zone"
"Caribbean Islands","island-hopper-in-7days-1gb","New eSIM","8","1 GB","0","0","26 networks supported - Learn more on Partner","7 days","country"
"Caribbean Islands","island-hopper-in-7days-1gb-topup","Top-up","8","1 GB","0","0","26 networks supported - Learn more on Partner","7 days","country"
"Caribbean Islands","island-hopper-in-15days-2gb","New eSIM","15","2 GB","0","0","26 networks supported - Learn more on Partner","15 days","country"
"Caribbean Islands","island-hopper-in-15days-2gb-topup","Top-up","15","2 GB","0","0","26 networks supported - Learn more on Partner","15 days","country"
"Caribbean Islands","island-hopper-in-30days-3gb","New eSIM","21","3 GB","0","0","26 networks supported - Learn more on Partner","30 days","country"
"Caribbean Islands","island-hopper-in-30days-3gb-topup","Top-up","21","3 GB","0","0","26 networks supported - Learn more on Partner","30 days","country"
"Caribbean Islands","island-hopper-in-30days-5gb","New eSIM","32.5","5 GB","0","0","26 networks supported - Learn more on Partner","30 days","country"
"Caribbean Islands","island-hopper-in-30days-5gb-topup","Top-up","32.5","5 GB","0","0","26 networks supported - Learn more on Partner","30 days","country"
"Caribbean Islands","island-hopper-in-30days-10gb","New eSIM","48","10 GB","0","0","26 networks supported - Learn more on Partner","30 days","country"
"Caribbean Islands","island-hopper-in-30days-10gb-topup","Top-up","48","10 GB","0","0","26 networks supported - Learn more on Partner","30 days","country"
"Caribbean Islands","island-hopper-in-7days-unlimited","New eSIM","45","Unlimited","0","0","26 networks supported - Learn more on Partner","7 days","country"
"Caribbean Islands","island-hopper-in-7days-unlimited-topup","Top-up","45","Unlimited","0","0","26 networks supported - Learn more on Partner","7 days","country"
"Europe","eurolink-500mb-3days","New eSIM","3","500 MB","0","0","72 networks supported - Learn more on Partner","3 days","zone"
"Europe","eurolink-500mb-3days-topup","Top-up","3","500 MB","0","0","72 networks supported - Learn more on Partner","3 days","zone"
"Europe","eurolink-7days-1gb","New eSIM","5","1 GB","0","0","72 networks supported - Learn more on Partner","7 days","zone"
"Europe","eurolink-7days-1gb-topup","Top-up","5","1 GB","0","0","72 networks supported - Learn more on Partner","7 days","zone"
"Europe","eurolink-15days-2gb","New eSIM","8.5","2 GB","0","0","72 networks supported - Learn more on Partner","15 days","zone"
"Europe","eurolink-15days-2gb-topup","Top-up","8.5","2 GB","0","0","72 networks supported - Learn more on Partner","15 days","zone"
"Europe","eurolink-30days-3gb","New eSIM","11","3 GB","0","0","72 networks supported - Learn more on Partner","30 days","zone"
"Europe","eurolink-30days-3gb-topup","Top-up","11","3 GB","0","0","72 networks supported - Learn more on Partner","30 days","zone"
"Europe","eurolink-30days-5gb","New eSIM","19.5","5 GB","0","0","72 networks supported - Learn more on Partner","30 days","zone"
"Europe","eurolink-30days-5gb-topup","Top-up","19.5","5 GB","0","0","72 networks supported - Learn more on Partner","30 days","zone"
"Europe","eurolink-30days-10gb","New eSIM","31","10 GB","0","0","72 networks supported - Learn more on Partner","30 days","zone"
"Europe","eurolink-30days-10gb-topup","Top-up","31","10 GB","0","0","72 networks supported - Learn more on Partner","30 days","zone"
"Europe","eurolink-30days-20gb","New eSIM","48","20 GB","0","0","72 networks supported - Learn more on Partner","30 days","zone"
"Europe","eurolink-30days-20gb-topup","Top-up","48","20 GB","0","0","72 networks supported - Learn more on Partner","30 days","zone"
"Europe","eurolink-30days-50gb","New eSIM","70","50 GB","0","0","72 networks supported - Learn more on Partner","30 days","zone"
"Europe","eurolink-30days-50gb-topup","Top-up","70","50 GB","0","0","72 networks supported - Learn more on Partner","30 days","zone"
"Europe","eurolink-90days-50gb","New eSIM","100","50 GB","0","0","72 networks supported - Learn more on Partner","90 days","zone"
"Europe","eurolink-90days-50gb-topup","Top-up","100","50 GB","0","0","72 networks supported - Learn more on Partner","90 days","zone"
"Europe","eurolink-180days-100gb","New eSIM","185","100 GB","0","0","72 networks supported - Learn more on Partner","180 days","zone"
"Europe","eurolink-180days-100gb-topup","Top-up","185","100 GB","0","0","72 networks supported - Learn more on Partner","180 days","zone"
"Europe","eurolink-in-7days-5gb-px","New eSIM","18.5","5 GB","0","0","72 networks supported - Learn more on Partner","7 days","zone"
"Europe","eurolink-in-7days-5gb-px-topup","Top-up","18.5","5 GB","0","0","72 networks supported - Learn more on Partner","7 days","zone"
"Europe","eurolink-in-7days-10gb-px","New eSIM","26","10 GB","0","0","72 networks supported - Learn more on Partner","7 days","zone"
"Europe","eurolink-in-7days-10gb-px-topup","Top-up","26","10 GB","0","0","72 networks supported - Learn more on Partner","7 days","zone"
"Europe","eurolink-in-7days-50gb-px","New eSIM","63","50 GB","0","0","72 networks supported - Learn more on Partner","7 days","zone"
"Europe","eurolink-in-7days-50gb-px-topup","Top-up","63","50 GB","0","0","72 networks supported - Learn more on Partner","7 days","zone"
"Europe","eurolink-in-15days-5gb-px","New eSIM","19","5 GB","0","0","72 networks supported - Learn more on Partner","15 days","zone"
"Europe","eurolink-in-15days-5gb-px-topup","Top-up","19","5 GB","0","0","72 networks supported - Learn more on Partner","15 days","zone"
"Europe","eurolink-in-15days-10gb-px","New eSIM","28","10 GB","0","0","72 networks supported - Learn more on Partner","15 days","zone"
"Europe","eurolink-in-15days-10gb-px-topup","Top-up","28","10 GB","0","0","72 networks supported - Learn more on Partner","15 days","zone"
"Europe","eurolink-in-15days-50gb-px","New eSIM","67","50 GB","0","0","72 networks supported - Learn more on Partner","15 days","zone"
"Europe","eurolink-in-15days-50gb-px-topup","Top-up","67","50 GB","0","0","72 networks supported - Learn more on Partner","15 days","zone"
"Europe","eurolink-in-3days-UNL","New eSIM","11.5","Unlimited","0","0","72 networks supported - Learn more on Partner","3 days","zone"
"Europe","eurolink-in-3days-UNL-topup","Top-up","11.5","Unlimited","0","0","72 networks supported - Learn more on Partner","3 days","zone"
"Europe","eurolink-in-5days-UNL","New eSIM","19.5","Unlimited","0","0","72 networks supported - Learn more on Partner","5 days","zone"
"Europe","eurolink-in-5days-UNL-topup","Top-up","19.5","Unlimited","0","0","72 networks supported - Learn more on Partner","5 days","zone"
"Europe","eurolink-in-7days-UNL","New eSIM","27","Unlimited","0","0","72 networks supported - Learn more on Partner","7 days","zone"
"Europe","eurolink-in-7days-UNL-topup","Top-up","27","Unlimited","0","0","72 networks supported - Learn more on Partner","7 days","zone"
"Europe","eurolink-in-10days-UNL","New eSIM","35","Unlimited","0","0","72 networks supported - Learn more on Partner","10 days","zone"
"Europe","eurolink-in-10days-UNL-topup","Top-up","35","Unlimited","0","0","72 networks supported - Learn more on Partner","10 days","zone"
"Europe","eurolink-in-15days-UNL","New eSIM","49","Unlimited","0","0","72 networks supported - Learn more on Partner","15 days","zone"
"Europe","eurolink-in-15days-UNL-topup","Top-up","49","Unlimited","0","0","72 networks supported - Learn more on Partner","15 days","zone"
"Europe","eurolink-in-30days-UNL","New eSIM","71","Unlimited","0","0","72 networks supported - Learn more on Partner","30 days","zone"
"Europe","eurolink-in-30days-UNL-topup","Top-up","71","Unlimited","0","0","72 networks supported - Learn more on Partner","30 days","zone"
"European Union and United Kingdom","eu-connect-in-30days-3gb","New eSIM","9","3 GB","0","0","33 networks supported - Learn more on Partner","30 days","country"
"European Union and United Kingdom","eu-connect-in-30days-3gb-topup","Top-up","9","3 GB","0","0","33 networks supported - Learn more on Partner","30 days","country"
"European Union and United Kingdom","eu-connect-in-30days-10gb","New eSIM","24","10 GB","0","0","33 networks supported - Learn more on Partner","30 days","country"
"European Union and United Kingdom","eu-connect-in-30days-10gb-topup","Top-up","24","10 GB","0","0","33 networks supported - Learn more on Partner","30 days","country"
"European Union and United Kingdom","eu-connect-in-7days-1gb","New eSIM","4","1 GB","0","0","33 networks supported - Learn more on Partner","7 days","country"
"European Union and United Kingdom","eu-connect-in-7days-1gb-topup","Top-up","4","1 GB","0","0","33 networks supported - Learn more on Partner","7 days","country"
"European Union and United Kingdom","eu-connect-in-15days-2gb","New eSIM","7","2 GB","0","0","33 networks supported - Learn more on Partner","15 days","country"
"European Union and United Kingdom","eu-connect-in-15days-2gb-topup","Top-up","7","2 GB","0","0","33 networks supported - Learn more on Partner","15 days","country"
"European Union and United Kingdom","eu-connect-in-30days-5gb","New eSIM","14","5 GB","0","0","33 networks supported - Learn more on Partner","30 days","country"
"European Union and United Kingdom","eu-connect-in-30days-5gb-topup","Top-up","14","5 GB","0","0","33 networks supported - Learn more on Partner","30 days","country"
"European Union and United Kingdom","eu-connect-in-30days-20gb","New eSIM","37","20 GB","0","0","33 networks supported - Learn more on Partner","30 days","country"
"European Union and United Kingdom","eu-connect-in-30days-20gb-topup","Top-up","37","20 GB","0","0","33 networks supported - Learn more on Partner","30 days","country"
"European Union and United Kingdom","eu-connect-in-3days-unlimited","New eSIM","10","Unlimited","0","0","33 networks supported - Learn more on Partner","3 days","country"
"European Union and United Kingdom","eu-connect-in-3days-unlimited-topup","Top-up","10","Unlimited","0","0","33 networks supported - Learn more on Partner","3 days","country"
"European Union and United Kingdom","eu-connect-in-5days-unlimited","New eSIM","16.5","Unlimited","0","0","33 networks supported - Learn more on Partner","5 days","country"
"European Union and United Kingdom","eu-connect-in-5days-unlimited-topup","Top-up","16.5","Unlimited","0","0","33 networks supported - Learn more on Partner","5 days","country"
"European Union and United Kingdom","eu-connect-in-7days-unlimited","New eSIM","23.5","Unlimited","0","0","33 networks supported - Learn more on Partner","7 days","country"
"European Union and United Kingdom","eu-connect-in-7days-unlimited-topup","Top-up","23.5","Unlimited","0","0","33 networks supported - Learn more on Partner","7 days","country"
"European Union and United Kingdom","eu-connect-in-10days-unlimited","New eSIM","28","Unlimited","0","0","33 networks supported - Learn more on Partner","10 days","country"
"European Union and United Kingdom","eu-connect-in-10days-unlimited-topup","Top-up","28","Unlimited","0","0","33 networks supported - Learn more on Partner","10 days","country"
"European Union and United Kingdom","eu-connect-in-15days-unlimited","New eSIM","39","Unlimited","0","0","33 networks supported - Learn more on Partner","15 days","country"
"European Union and United Kingdom","eu-connect-in-15days-unlimited-topup","Top-up","39","Unlimited","0","0","33 networks supported - Learn more on Partner","15 days","country"
"European Union and United Kingdom","eu-connect-in-30days-unlimited","New eSIM","58","Unlimited","0","0","33 networks supported - Learn more on Partner","30 days","country"
"European Union and United Kingdom","eu-connect-in-30days-unlimited-topup","Top-up","58","Unlimited","0","0","33 networks supported - Learn more on Partner","30 days","country"
"Latin America","latam-7days-1gb","New eSIM","7","1 GB","0","0","27 networks supported - Learn more on Partner","7 days","zone"
"Latin America","latam-7days-1gb-topup","Top-up","7","1 GB","0","0","27 networks supported - Learn more on Partner","7 days","zone"
"Latin America","latam-15days-2gb","New eSIM","11","2 GB","0","0","27 networks supported - Learn more on Partner","15 days","zone"
"Latin America","latam-15days-2gb-topup","Top-up","11","2 GB","0","0","27 networks supported - Learn more on Partner","15 days","zone"
"Latin America","latam-30days-3gb","New eSIM","14","3 GB","0","0","27 networks supported - Learn more on Partner","30 days","zone"
"Latin America","latam-30days-3gb-topup","Top-up","14","3 GB","0","0","27 networks supported - Learn more on Partner","30 days","zone"
"Latin America","latam-30days-5gb-topup","Top-up","22","5 GB","0","0","27 networks supported - Learn more on Partner","30 days","zone"
"Latin America","latam-30days-10gb-topup","Top-up","36","10 GB","0","0","27 networks supported - Learn more on Partner","30 days","zone"
"Latin America","latam-30days-20gb-topup","Top-up","49","20 GB","0","0","27 networks supported - Learn more on Partner","30 days","zone"
"Latin America","latam-30days-5gb","New eSIM","22","5 GB","0","0","27 networks supported - Learn more on Partner","30 days","zone"
"Latin America","latam-30days-10gb","New eSIM","36","10 GB","0","0","27 networks supported - Learn more on Partner","30 days","zone"
"Latin America","latam-30days-20gb","New eSIM","49","20 GB","0","0","27 networks supported - Learn more on Partner","30 days","zone"
"Latin America","latam-in-7days-5gb-px","New eSIM","18","5 GB","0","0","27 networks supported - Learn more on Partner","7 days","zone"
"Latin America","latam-in-7days-5gb-px-topup","Top-up","18","5 GB","0","0","27 networks supported - Learn more on Partner","7 days","zone"
"Latin America","latam-in-7days-10gb-px","New eSIM","29","10 GB","0","0","27 networks supported - Learn more on Partner","7 days","zone"
"Latin America","latam-in-7days-10gb-px-topup","Top-up","29","10 GB","0","0","27 networks supported - Learn more on Partner","7 days","zone"
"Latin America","latam-in-7days-50gb-px","New eSIM","80","50 GB","0","0","27 networks supported - Learn more on Partner","7 days","zone"
"Latin America","latam-in-7days-50gb-px-topup","Top-up","80","50 GB","0","0","27 networks supported - Learn more on Partner","7 days","zone"
"Latin America","latam-in-15days-5gb-px","New eSIM","20","5 GB","0","0","27 networks supported - Learn more on Partner","15 days","zone"
"Latin America","latam-in-15days-5gb-px-topup","Top-up","20","5 GB","0","0","27 networks supported - Learn more on Partner","15 days","zone"
"Latin America","latam-in-15days-10gb-px","New eSIM","32","10 GB","0","0","27 networks supported - Learn more on Partner","15 days","zone"
"Latin America","latam-in-15days-10gb-px-topup","Top-up","32","10 GB","0","0","27 networks supported - Learn more on Partner","15 days","zone"
"Latin America","latam-in-15days-50gb-px","New eSIM","86","50 GB","0","0","27 networks supported - Learn more on Partner","15 days","zone"
"Latin America","latam-in-15days-50gb-px-topup","Top-up","86","50 GB","0","0","27 networks supported - Learn more on Partner","15 days","zone"
"Latin America","latam-in-30days-50gb-px","New eSIM","89","50 GB","0","0","27 networks supported - Learn more on Partner","30 days","zone"
"Latin America","latam-in-30days-50gb-px-topup","Top-up","89","50 GB","0","0","27 networks supported - Learn more on Partner","30 days","zone"
"Latin America","latam-3days-unlimited","New eSIM","19.5","Unlimited","0","0","27 networks supported - Learn more on Partner","3 days","zone"
"Latin America","latam-5days-unlimited","New eSIM","30.5","Unlimited","0","0","27 networks supported - Learn more on Partner","5 days","zone"
"Latin America","latam-7days-unlimited-topup","Top-up","39","Unlimited","0","0","27 networks supported - Learn more on Partner","7 days","zone"
"Latin America","latam-10days-unlimited-topup","Top-up","49","Unlimited","0","0","27 networks supported - Learn more on Partner","10 days","zone"
"Latin America","latam-15days-unlimited-topup","Top-up","60","Unlimited","0","0","27 networks supported - Learn more on Partner","15 days","zone"
"Latin America","latam-30days-unlimited-topup","Top-up","97","Unlimited","0","0","27 networks supported - Learn more on Partner","30 days","zone"
"Latin America","latam-3days-unlimited-topup","Top-up","19.5","Unlimited","0","0","27 networks supported - Learn more on Partner","3 days","zone"
"Latin America","latam-5days-unlimited-topup","Top-up","30.5","Unlimited","0","0","27 networks supported - Learn more on Partner","5 days","zone"
"Latin America","latam-7days-unlimited","New eSIM","39","Unlimited","0","0","27 networks supported - Learn more on Partner","7 days","zone"
"Latin America","latam-10days-unlimited","New eSIM","49","Unlimited","0","0","27 networks supported - Learn more on Partner","10 days","zone"
"Latin America","latam-15days-unlimited","New eSIM","60","Unlimited","0","0","27 networks supported - Learn more on Partner","15 days","zone"
"Latin America","latam-30days-unlimited","New eSIM","97","Unlimited","0","0","27 networks supported - Learn more on Partner","30 days","zone"
"Latin America","latam-in-7days-unlimited-px-topup","Top-up","39","Unlimited","0","0","27 networks supported - Learn more on Partner","7 days","zone"
"Middle East and North Africa","mena-7days-1gb","New eSIM","6.5","1 GB","0","0","17 networks supported - Learn more on Partner","7 days","country"
"Middle East and North Africa","mena-7days-1gb-topup","Top-up","6.5","1 GB","0","0","17 networks supported - Learn more on Partner","7 days","country"
"Middle East and North Africa","mena-15days-2gb","New eSIM","9.5","2 GB","0","0","17 networks supported - Learn more on Partner","15 days","country"
"Middle East and North Africa","mena-15days-2gb-topup","Top-up","9.5","2 GB","0","0","17 networks supported - Learn more on Partner","15 days","country"
"Middle East and North Africa","mena-30days-3gb","New eSIM","12","3 GB","0","0","17 networks supported - Learn more on Partner","30 days","country"
"Middle East and North Africa","mena-30days-3gb-topup","Top-up","12","3 GB","0","0","17 networks supported - Learn more on Partner","30 days","country"
"Middle East and North Africa","mena-30days-5gb","New eSIM","18","5 GB","0","0","17 networks supported - Learn more on Partner","30 days","country"
"Middle East and North Africa","mena-30days-5gb-topup","Top-up","18","5 GB","0","0","17 networks supported - Learn more on Partner","30 days","country"
"Middle East and North Africa","mena-30days-10gb","New eSIM","30","10 GB","0","0","17 networks supported - Learn more on Partner","30 days","country"
"Middle East and North Africa","mena-30days-10gb-topup","Top-up","30","10 GB","0","0","17 networks supported - Learn more on Partner","30 days","country"
"Middle East and North Africa","mena-3days-unlimited","New eSIM","24","Unlimited","0","0","17 networks supported - Learn more on Partner","3 days","country"
"Middle East and North Africa","mena-3days-unlimited-topup","Top-up","24","Unlimited","0","0","17 networks supported - Learn more on Partner","3 days","country"
"Middle East and North Africa","mena-5days-unlimited","New eSIM","35","Unlimited","0","0","17 networks supported - Learn more on Partner","5 days","country"
"Middle East and North Africa","mena-5days-unlimited-topup","Top-up","35","Unlimited","0","0","17 networks supported - Learn more on Partner","5 days","country"
"Middle East and North Africa","mena-7days-unlimited","New eSIM","41","Unlimited","0","0","17 networks supported - Learn more on Partner","7 days","country"
"Middle East and North Africa","mena-7days-unlimited-topup","Top-up","41","Unlimited","0","0","17 networks supported - Learn more on Partner","7 days","country"
"Middle East and North Africa","mena-10days-unlimited","New eSIM","52","Unlimited","0","0","17 networks supported - Learn more on Partner","10 days","country"
"Middle East and North Africa","mena-10days-unlimited-topup","Top-up","52","Unlimited","0","0","17 networks supported - Learn more on Partner","10 days","country"
"Middle East and North Africa","mena-15days-unlimited","New eSIM","79","Unlimited","0","0","17 networks supported - Learn more on Partner","15 days","country"
"Middle East and North Africa","mena-15days-unlimited-topup","Top-up","79","Unlimited","0","0","17 networks supported - Learn more on Partner","15 days","country"
"Middle East and North Africa","mena-30days-unlimited","New eSIM","99","Unlimited","0","0","17 networks supported - Learn more on Partner","30 days","country"
"Middle East and North Africa","mena-30days-unlimited-topup","Top-up","99","Unlimited","0","0","17 networks supported - Learn more on Partner","30 days","country"
"North America","americanmex-7days-1gb-topup","Top-up","5.5","1 GB","0","0","5 networks supported - Learn more on Partner","7 days","zone"
"North America","americanmex-7days-1gb","New eSIM","5.5","1 GB","0","0","5 networks supported - Learn more on Partner","7 days","zone"
"North America","americanmex-15days-2gb-topup","Top-up","10.5","2 GB","0","0","5 networks supported - Learn more on Partner","15 days","zone"
"North America","americanmex-15days-2gb","New eSIM","10.5","2 GB","0","0","5 networks supported - Learn more on Partner","15 days","zone"
"North America","americanmex-30days-3gb-topup","Top-up","15","3 GB","0","0","5 networks supported - Learn more on Partner","30 days","zone"
"North America","americanmex-30days-3gb","New eSIM","15","3 GB","0","0","5 networks supported - Learn more on Partner","30 days","zone"
"North America","americanmex-30days-5gb-topup","Top-up","24","5 GB","0","0","5 networks supported - Learn more on Partner","30 days","zone"
"North America","americanmex-30days-10gb-topup","Top-up","37","10 GB","0","0","5 networks supported - Learn more on Partner","30 days","zone"
"North America","americanmex-30days-5gb","New eSIM","24","5 GB","0","0","5 networks supported - Learn more on Partner","30 days","zone"
"North America","americanmex-30days-10gb","New eSIM","37","10 GB","0","0","5 networks supported - Learn more on Partner","30 days","zone"
"North America","americanmex-in-7days-50gb-px","New eSIM","80","50 GB","0","0","5 networks supported - Learn more on Partner","7 days","zone"
"North America","americanmex-in-7days-50gb-px-topup","Top-up","80","50 GB","0","0","5 networks supported - Learn more on Partner","7 days","zone"
"North America","americanmex-in-15days-50gb-px","New eSIM","86","50 GB","0","0","5 networks supported - Learn more on Partner","15 days","zone"
"North America","americanmex-in-15days-50gb-px-topup","Top-up","86","50 GB","0","0","5 networks supported - Learn more on Partner","15 days","zone"
"North America","americanmex-in-30days-5gb-px","New eSIM","24","5 GB","0","0","5 networks supported - Learn more on Partner","30 days","zone"
"North America","americanmex-in-30days-5gb-px-topup","Top-up","24","5 GB","0","0","5 networks supported - Learn more on Partner","30 days","zone"
"North America","americanmex-in-30days-10gb-px","New eSIM","37","10 GB","0","0","5 networks supported - Learn more on Partner","30 days","zone"
"North America","americanmex-in-30days-10gb-px-topup","Top-up","37","10 GB","0","0","5 networks supported - Learn more on Partner","30 days","zone"
"North America","americanmex-in-30days-50gb-px","New eSIM","89","50 GB","0","0","5 networks supported - Learn more on Partner","30 days","zone"
"North America","americanmex-in-30days-50gb-px-topup","Top-up","89","50 GB","0","0","5 networks supported - Learn more on Partner","30 days","zone"
"North America","americanmex-3days-unlimited-topup","Top-up","18.5","Unlimited","0","0","5 networks supported - Learn more on Partner","3 days","zone"
"North America","americanmex-5days-unlimited-topup","Top-up","29","Unlimited","0","0","5 networks supported - Learn more on Partner","5 days","zone"
"North America","americanmex-7days-unlimited-topup","Top-up","37","Unlimited","0","0","5 networks supported - Learn more on Partner","7 days","zone"
"North America","americanmex-3days-unlimited","New eSIM","18.5","Unlimited","0","0","5 networks supported - Learn more on Partner","3 days","zone"
"North America","americanmex-5days-unlimited","New eSIM","29","Unlimited","0","0","5 networks supported - Learn more on Partner","5 days","zone"
"North America","americanmex-7days-unlimited","New eSIM","37","Unlimited","0","0","5 networks supported - Learn more on Partner","7 days","zone"
"North America","americanmex-10days-unlimited","New eSIM","48","Unlimited","0","0","5 networks supported - Learn more on Partner","10 days","zone"
"North America","americanmex-15days-unlimited","New eSIM","60.5","Unlimited","0","0","5 networks supported - Learn more on Partner","15 days","zone"
"North America","americanmex-30days-unlimited-topup","Top-up","97.5","Unlimited","0","0","5 networks supported - Learn more on Partner","30 days","zone"
"North America","americanmex-15days-unlimited-topup","Top-up","60.5","Unlimited","0","0","5 networks supported - Learn more on Partner","15 days","zone"
"North America","americanmex-10days-unlimited-topup","Top-up","48","Unlimited","0","0","5 networks supported - Learn more on Partner","10 days","zone"
"North America","americanmex-30days-unlimited","New eSIM","97.5","Unlimited","0","0","5 networks supported - Learn more on Partner","30 days","zone"
"North America","americanmex-in-30days-unlimited-px","New eSIM","98","Unlimited","0","0","5 networks supported - Learn more on Partner","30 days","zone"
"North America","americanmex-in-30days-unlimited-px-topup","Top-up","98","Unlimited","0","0","5 networks supported - Learn more on Partner","30 days","zone"
"Oceania","oceanlink-in-7days-1gb","New eSIM","4.5","1 GB","0","0","12 networks supported - Learn more on Partner","7 days","country"
"Oceania","oceanlink-in-7days-1gb-topup","Top-up","4.5","1 GB","0","0","12 networks supported - Learn more on Partner","7 days","country"
"Oceania","oceanlink-in-15days-2gb","New eSIM","8","2 GB","0","0","12 networks supported - Learn more on Partner","15 days","country"
"Oceania","oceanlink-in-15days-2gb-topup","Top-up","8","2 GB","0","0","12 networks supported - Learn more on Partner","15 days","country"
"Oceania","oceanlink-in-30days-3gb","New eSIM","10.5","3 GB","0","0","12 networks supported - Learn more on Partner","30 days","country"
"Oceania","oceanlink-in-30days-3gb-topup","Top-up","10.5","3 GB","0","0","12 networks supported - Learn more on Partner","30 days","country"
"Oceania","oceanlink-in-30days-5gb","New eSIM","15.5","5 GB","0","0","12 networks supported - Learn more on Partner","30 days","country"
"Oceania","oceanlink-in-30days-5gb-topup","Top-up","15.5","5 GB","0","0","12 networks supported - Learn more on Partner","30 days","country"
"Oceania","oceanlink-in-30days-10gb","New eSIM","25.5","10 GB","0","0","12 networks supported - Learn more on Partner","30 days","country"
"Oceania","oceanlink-in-30days-10gb-topup","Top-up","25.5","10 GB","0","0","12 networks supported - Learn more on Partner","30 days","country"
"Oceania","oceanlink-in-30days-20gb","New eSIM","49","20 GB","0","0","12 networks supported - Learn more on Partner","30 days","country"
"Oceania","oceanlink-in-30days-20gb-topup","Top-up","49","20 GB","0","0","12 networks supported - Learn more on Partner","30 days","country"
"Oceania","oceanlink-3days-unlimited-topup","Top-up","11.5","Unlimited","0","0","12 networks supported - Learn more on Partner","3 days","country"
"Oceania","oceanlink-3days-unlimited","New eSIM","11.5","Unlimited","0","0","12 networks supported - Learn more on Partner","3 days","country"
"Oceania","oceanlink-5days-unlimited-topup","Top-up","19.5","Unlimited","0","0","12 networks supported - Learn more on Partner","5 days","country"
"Oceania","oceanlink-5days-unlimited","New eSIM","19.5","Unlimited","0","0","12 networks supported - Learn more on Partner","5 days","country"
"Oceania","oceanlink-7days-unlimited-topup","Top-up","27","Unlimited","0","0","12 networks supported - Learn more on Partner","7 days","country"
"Oceania","oceanlink-7days-unlimited","New eSIM","27","Unlimited","0","0","12 networks supported - Learn more on Partner","7 days","country"
"Oceania","oceanlink-10days-unlimited-topup","Top-up","35","Unlimited","0","0","12 networks supported - Learn more on Partner","10 days","country"
"Oceania","oceanlink-10days-unlimited","New eSIM","35","Unlimited","0","0","12 networks supported - Learn more on Partner","10 days","country"
"Global","discover-emirates-30days-500mb-topup","Top-up","3","500 MB","0","0","134 networks supported - Learn more on Partner","30 days","zone"
"Global","discover-emirates-30days-1gb-topup","Top-up","4.8","1 GB","0","0","134 networks supported - Learn more on Partner","30 days","zone"
"Global","discover-emirates-30days-500mb","New eSIM","3","500 MB","0","0","134 networks supported - Learn more on Partner","30 days","zone"
"Global","discover-emirates-30days-1gb","New eSIM","4.8","1 GB","0","0","134 networks supported - Learn more on Partner","30 days","zone"
"Global","discover-in-30days-3gb-px","New eSIM","24","3 GB","0","0","326 networks supported - Learn more on Partner","30 days","zone"
"Global","discover-in-30days-3gb-px-topup","Top-up","24","3 GB","0","0","326 networks supported - Learn more on Partner","30 days","zone"
"Global","discover-in-30days-5gb-px","New eSIM","34","5 GB","0","0","326 networks supported - Learn more on Partner","30 days","zone"
"Global","discover-in-30days-5gb-px-topup","Top-up","34","5 GB","0","0","326 networks supported - Learn more on Partner","30 days","zone"
"Global","discover-in-30days-10gb-px","New eSIM","57","10 GB","0","0","326 networks supported - Learn more on Partner","30 days","zone"
"Global","discover-in-30days-10gb-px-topup","Top-up","57","10 GB","0","0","326 networks supported - Learn more on Partner","30 days","zone"
"Global","discover-in-30days-20gb-px","New eSIM","66","20 GB","0","0","326 networks supported - Learn more on Partner","30 days","zone"
"Global","discover-in-30days-20gb-px-topup","Top-up","66","20 GB","0","0","326 networks supported - Learn more on Partner","30 days","zone"
"Global","discover-in-180days-10gb-px","New eSIM","57","10 GB","0","0","326 networks supported - Learn more on Partner","180 days","zone"
"Global","discover-in-180days-10gb-px-topup","Top-up","57","10 GB","0","0","326 networks supported - Learn more on Partner","180 days","zone"
"Global","discover-in-365days-20gb-px","New eSIM","66","20 GB","0","0","326 networks supported - Learn more on Partner","365 days","zone"
"Global","discover-in-365days-20gb-px-topup","Top-up","66","20 GB","0","0","326 networks supported - Learn more on Partner","365 days","zone"
"Global","discover-in-60days-5gb-px","New eSIM","35","5 GB","0","0","326 networks supported - Learn more on Partner","60 days","zone"
"Global","discover-in-60days-5gb-topup-px","Top-up","35","5 GB","0","0","326 networks supported - Learn more on Partner","60 days","zone"
"Global","discover-in-1gb-5days-px","New eSIM","2.5","1 GB","0","0","326 networks supported - Learn more on Partner","5 days","zone"
"Global","discover-in-1gb-5days-px-topup","Top-up","2.5","1 GB","0","0","326 networks supported - Learn more on Partner","5 days","zone"
"Global","discover-3days-200mb-topup","Top-up","10","200 MB","0","0","326 networks supported - Learn more on Partner","3 days","zone"
"Global","discover-in-30days-200mb","New eSIM","2.34","200 MB","0","0","326 networks supported - Learn more on Partner","30 days","zone"
"Global","discover-in-30days-200mb-topup","Top-up","2.34","200 MB","0","0","326 networks supported - Learn more on Partner","30 days","zone"
"Global","discover-in-7days-1gb-px","New eSIM","8.5","1 GB","0","0","326 networks supported - Learn more on Partner","7 days","zone"
"Global","discover-in-7days-1gb-px-topup","Top-up","8.5","1 GB","0","0","326 networks supported - Learn more on Partner","7 days","zone"
"Global","discover-in-15days-2gb-px","New eSIM","16.5","2 GB","0","0","326 networks supported - Learn more on Partner","15 days","zone"
"Global","discover-in-15days-2gb-topup-px","Top-up","16.5","2 GB","0","0","326 networks supported - Learn more on Partner","15 days","zone"
"Global","discover-in-3days-300mb","New eSIM","1","300 MB","0","0","326 networks supported - Learn more on Partner","3 days","zone"
"Global","discover+-in-7days-1gb-px","New eSIM","15","1 GB","10","10","260 networks supported - Learn more on Partner","7 days","zone"
"Global","discover+-in-7days-1gb-px-topup","Top-up","15","1 GB","10","10","260 networks supported - Learn more on Partner","7 days","zone"
"Global","discover+-in-15days-2gb-px","New eSIM","27","2 GB","20","20","260 networks supported - Learn more on Partner","15 days","zone"
"Global","discover+-in-15days-2gb-px-topup","Top-up","27","2 GB","20","20","260 networks supported - Learn more on Partner","15 days","zone"
"Global","discover+-in-30days-3gb-px","New eSIM","36","3 GB","30","30","260 networks supported - Learn more on Partner","30 days","zone"
"Global","discover+-in-30days-3gb--px-topup","Top-up","36","3 GB","30","30","260 networks supported - Learn more on Partner","30 days","zone"
"Global","discover+-in-60days-5gb-px","New eSIM","50","5 GB","50","50","260 networks supported - Learn more on Partner","60 days","zone"
"Global","discover+-in-60days-5gb-px-topup","Top-up","50","5 GB","50","50","260 networks supported - Learn more on Partner","60 days","zone"
"Global","discover+-in-180days-10gb-px","New eSIM","79","10 GB","100","100","260 networks supported - Learn more on Partner","180 days","zone"
"Global","discover+-in-180days-10gb-px-topup","Top-up","79","10 GB","100","100","260 networks supported - Learn more on Partner","180 days","zone"
"Global","discover+-in-365days-20gb-px","New eSIM","89","20 GB","200","200","260 networks supported - Learn more on Partner","365 days","zone"
"Global","discover+-in-365days-20gb-px-topup","Top-up","89","20 GB","200","200","260 networks supported - Learn more on Partner","365 days","zone"
